timestamp,batch_tokens
2026-06-09T06:41:47.555000,219
2026-06-09T06:41:47.716000,221
2026-06-09T06:41:47.877000,225
2026-06-09T06:41:48.040000,235
2026-06-09T06:41:48.227000,242
2026-06-09T06:41:48.396000,249
2026-06-09T06:41:48.551000,194
2026-06-09T06:41:48.712000,199
2026-06-09T06:41:48.876000,203
2026-06-09T06:41:49.034000,206
2026-06-09T06:41:49.196000,211
2026-06-09T06:41:49.359000,215
2026-06-09T06:41:49.515000,216
2026-06-09T06:41:49.671000,221
2026-06-09T06:41:49.847000,226
2026-06-09T06:41:50.018000,230
2026-06-09T06:41:50.182000,236
2026-06-09T06:41:50.362000,241
2026-06-09T06:41:50.530000,242
2026-06-09T06:41:50.717000,248
2026-06-09T06:41:50.865000,171
2026-06-09T06:41:51.011000,174
2026-06-09T06:41:51.155000,177
2026-06-09T06:41:51.307000,180
2026-06-09T06:41:51.456000,181
2026-06-09T06:41:51.599000,183
2026-06-09T06:41:51.756000,184
2026-06-09T06:41:51.907000,190
2026-06-09T06:41:52.065000,193
2026-06-09T06:41:52.225000,196
2026-06-09T06:41:52.387000,199
2026-06-09T06:41:52.544000,202
2026-06-09T06:41:52.706000,206
2026-06-09T06:41:52.867000,211
2026-06-09T06:41:53.025000,212
2026-06-09T06:41:53.191000,215
2026-06-09T06:41:53.354000,217
2026-06-09T06:41:53.511000,219
2026-06-09T06:41:53.673000,224
2026-06-09T06:41:53.833000,227
2026-06-09T06:41:53.995000,230
2026-06-09T06:41:54.158000,233
2026-06-09T06:41:54.336000,237
2026-06-09T06:41:54.513000,238
2026-06-09T06:41:54.692000,244
2026-06-09T06:41:54.879000,248
2026-06-09T06:41:55.046000,250
2026-06-09T06:41:55.220000,255
2026-06-09T06:41:55.349000,127
2026-06-09T06:41:55.489000,130
2026-06-09T06:41:55.628000,130
2026-06-09T06:41:55.777000,130
2026-06-09T06:41:55.918000,133
2026-06-09T06:41:56.058000,134
2026-06-09T06:41:56.203000,135
2026-06-09T06:41:56.347000,135
2026-06-09T06:41:56.489000,136
2026-06-09T06:41:56.629000,136
2026-06-09T06:41:56.777000,137
2026-06-09T06:41:56.920000,138
2026-06-09T06:41:57.062000,139
2026-06-09T06:41:57.204000,141
2026-06-09T06:41:57.347000,142
2026-06-09T06:41:57.491000,142
2026-06-09T06:41:57.629000,143
2026-06-09T06:41:57.782000,145
2026-06-09T06:41:57.927000,145
2026-06-09T06:41:58.072000,147
2026-06-09T06:41:58.218000,149
2026-06-09T06:41:58.362000,150
2026-06-09T06:41:58.506000,152
2026-06-09T06:41:58.647000,153
2026-06-09T06:41:58.789000,153
2026-06-09T06:41:58.942000,158
2026-06-09T06:41:59.085000,160
2026-06-09T06:41:59.227000,161
2026-06-09T06:41:59.370000,161
2026-06-09T06:41:59.520000,163
2026-06-09T06:41:59.662000,165
2026-06-09T06:41:59.804000,166
2026-06-09T06:41:59.950000,167
2026-06-09T06:42:00.098000,169
2026-06-09T06:42:00.244000,172
2026-06-09T06:42:00.389000,175
2026-06-09T06:42:00.535000,180
2026-06-09T06:42:00.684000,185
2026-06-09T06:42:00.827000,186
2026-06-09T06:42:00.971000,190
2026-06-09T06:42:01.118000,190
2026-06-09T06:42:01.284000,247
2026-06-09T06:42:01.441000,223
2026-06-09T06:42:01.630000,247
2026-06-09T06:42:01.792000,208
2026-06-09T06:42:01.947000,219
2026-06-09T06:42:02.109000,223
2026-06-09T06:42:02.280000,235
2026-06-09T06:42:02.444000,239
2026-06-09T06:42:02.620000,247
2026-06-09T06:42:02.793000,253
2026-06-09T06:42:02.953000,197
2026-06-09T06:42:03.116000,201
2026-06-09T06:42:03.277000,206
2026-06-09T06:42:03.444000,206
2026-06-09T06:42:03.605000,214
2026-06-09T06:42:03.762000,215
2026-06-09T06:42:03.928000,218
2026-06-09T06:42:04.087000,222
2026-06-09T06:42:04.247000,229
2026-06-09T06:42:04.423000,232
2026-06-09T06:42:04.588000,239
2026-06-09T06:42:04.752000,242
2026-06-09T06:42:04.939000,245
2026-06-09T06:42:05.113000,254
2026-06-09T06:42:05.258000,171
2026-06-09T06:42:05.405000,175
2026-06-09T06:42:05.558000,177
2026-06-09T06:42:05.703000,181
2026-06-09T06:42:05.847000,182
2026-06-09T06:42:05.993000,183
2026-06-09T06:42:06.139000,185
2026-06-09T06:42:06.285000,191
2026-06-09T06:42:06.446000,195
2026-06-09T06:42:06.607000,197
2026-06-09T06:42:06.765000,201
2026-06-09T06:42:06.924000,204
2026-06-09T06:42:07.082000,210
2026-06-09T06:42:07.237000,211
2026-06-09T06:42:07.394000,213
2026-06-09T06:42:07.560000,215
2026-06-09T06:42:07.716000,217
2026-06-09T06:42:07.873000,220
2026-06-09T06:42:08.038000,225
2026-06-09T06:42:08.204000,227
2026-06-09T06:42:08.367000,232
2026-06-09T06:42:08.536000,235
2026-06-09T06:42:08.699000,237
2026-06-09T06:42:08.864000,241
2026-06-09T06:42:09.044000,246
2026-06-09T06:42:09.211000,249
2026-06-09T06:42:09.382000,253
2026-06-09T06:42:09.553000,255
2026-06-09T06:42:09.689000,128
2026-06-09T06:42:09.828000,130
2026-06-09T06:42:09.977000,130
2026-06-09T06:42:10.119000,131
2026-06-09T06:42:10.260000,134
2026-06-09T06:42:10.408000,134
2026-06-09T06:42:10.552000,135
2026-06-09T06:42:10.693000,136
2026-06-09T06:42:10.833000,136
2026-06-09T06:42:10.981000,136
2026-06-09T06:42:11.123000,137
2026-06-09T06:42:11.262000,139
2026-06-09T06:42:11.403000,140
2026-06-09T06:42:11.546000,142
2026-06-09T06:42:11.687000,142
2026-06-09T06:42:11.832000,142
2026-06-09T06:42:11.977000,144
2026-06-09T06:42:12.118000,145
2026-06-09T06:42:12.259000,145
2026-06-09T06:42:12.404000,147
2026-06-09T06:42:12.547000,150
2026-06-09T06:42:12.686000,151
2026-06-09T06:42:12.832000,152
2026-06-09T06:42:12.976000,153
2026-06-09T06:42:13.119000,154
2026-06-09T06:42:13.265000,160
2026-06-09T06:42:13.420000,161
2026-06-09T06:42:13.564000,161
2026-06-09T06:42:13.704000,163
2026-06-09T06:42:13.851000,164
2026-06-09T06:42:14.001000,165
2026-06-09T06:42:14.145000,166
2026-06-09T06:42:14.288000,168
2026-06-09T06:42:14.446000,172
2026-06-09T06:42:14.588000,174
2026-06-09T06:42:14.732000,178
2026-06-09T06:42:14.876000,182
2026-06-09T06:42:15.023000,186
2026-06-09T06:42:15.174000,189
2026-06-09T06:42:15.318000,190
2026-06-09T06:42:15.490000,247
2026-06-09T06:42:15.650000,223
2026-06-09T06:42:15.821000,247
2026-06-09T06:42:15.975000,208
2026-06-09T06:42:16.134000,219
2026-06-09T06:42:16.292000,223
2026-06-09T06:42:16.456000,235
2026-06-09T06:42:16.620000,239
2026-06-09T06:42:16.790000,247
2026-06-09T06:42:16.979000,253
2026-06-09T06:42:17.142000,197
2026-06-09T06:42:17.304000,201
2026-06-09T06:42:17.465000,206
2026-06-09T06:42:17.625000,206
2026-06-09T06:42:17.785000,214
2026-06-09T06:42:17.941000,215
2026-06-09T06:42:18.101000,218
2026-06-09T06:42:18.265000,222
2026-06-09T06:42:18.423000,229
2026-06-09T06:42:18.584000,232
2026-06-09T06:42:18.749000,239
2026-06-09T06:42:18.921000,242
2026-06-09T06:42:19.090000,245
2026-06-09T06:42:19.262000,254
2026-06-09T06:42:19.407000,171
2026-06-09T06:42:19.552000,175
2026-06-09T06:42:19.699000,177
2026-06-09T06:42:19.844000,181
2026-06-09T06:42:19.994000,182
2026-06-09T06:42:20.139000,183
2026-06-09T06:42:20.291000,185
2026-06-09T06:42:20.436000,191
2026-06-09T06:42:20.599000,195
2026-06-09T06:42:20.760000,197
2026-06-09T06:42:20.919000,201
2026-06-09T06:42:21.083000,204
2026-06-09T06:42:21.245000,210
2026-06-09T06:42:21.400000,211
2026-06-09T06:42:21.556000,213
2026-06-09T06:42:21.715000,215
2026-06-09T06:42:21.875000,217
2026-06-09T06:42:22.031000,220
2026-06-09T06:42:22.194000,225
2026-06-09T06:42:22.364000,227
2026-06-09T06:42:22.535000,232
2026-06-09T06:42:22.698000,235
2026-06-09T06:42:22.867000,237
2026-06-09T06:42:23.033000,241
2026-06-09T06:42:23.200000,246
2026-06-09T06:42:23.376000,249
2026-06-09T06:42:23.547000,253
2026-06-09T06:42:23.723000,255
2026-06-09T06:42:23.859000,128
2026-06-09T06:42:24.001000,130
2026-06-09T06:42:24.141000,130
2026-06-09T06:42:24.281000,131
2026-06-09T06:42:24.423000,134
2026-06-09T06:42:24.565000,134
2026-06-09T06:42:24.705000,135
2026-06-09T06:42:24.847000,136
2026-06-09T06:42:24.989000,136
2026-06-09T06:42:25.130000,136
2026-06-09T06:42:25.276000,137
2026-06-09T06:42:25.417000,139
2026-06-09T06:42:25.557000,140
2026-06-09T06:42:25.705000,142
2026-06-09T06:42:25.846000,142
2026-06-09T06:42:25.985000,142
2026-06-09T06:42:26.128000,144
2026-06-09T06:42:26.272000,145
2026-06-09T06:42:26.411000,145
2026-06-09T06:42:26.552000,147
2026-06-09T06:42:26.693000,150
2026-06-09T06:42:26.839000,151
2026-06-09T06:42:26.986000,152
2026-06-09T06:42:27.126000,153
2026-06-09T06:42:27.267000,154
2026-06-09T06:42:27.408000,160
2026-06-09T06:42:27.561000,161
2026-06-09T06:42:27.707000,161
2026-06-09T06:42:27.849000,163
2026-06-09T06:42:28.007000,164
2026-06-09T06:42:28.150000,165
2026-06-09T06:42:28.292000,166
2026-06-09T06:42:28.447000,168
2026-06-09T06:42:28.595000,172
2026-06-09T06:42:28.738000,174
2026-06-09T06:42:28.882000,178
2026-06-09T06:42:29.028000,182
2026-06-09T06:42:29.174000,186
2026-06-09T06:42:29.318000,189
2026-06-09T06:42:29.464000,190
2026-06-09T06:42:29.641000,247
2026-06-09T06:42:29.800000,223
2026-06-09T06:42:29.966000,247
2026-06-09T06:42:30.120000,208
2026-06-09T06:42:30.283000,219
2026-06-09T06:42:30.441000,223
2026-06-09T06:42:30.604000,235
2026-06-09T06:42:30.773000,239
2026-06-09T06:42:30.944000,247
2026-06-09T06:42:31.110000,253
2026-06-09T06:42:31.272000,197
2026-06-09T06:42:31.434000,201
2026-06-09T06:42:31.594000,206
2026-06-09T06:42:31.758000,206
2026-06-09T06:42:31.916000,214
2026-06-09T06:42:32.072000,215
2026-06-09T06:42:32.228000,218
2026-06-09T06:42:32.393000,222
2026-06-09T06:42:32.554000,229
2026-06-09T06:42:32.722000,232
2026-06-09T06:42:32.894000,236
2026-06-09T06:42:33.071000,241
2026-06-09T06:42:33.248000,242
2026-06-09T06:42:33.418000,248
2026-06-09T06:42:33.571000,171
2026-06-09T06:42:33.722000,174
2026-06-09T06:42:33.872000,177
2026-06-09T06:42:34.017000,180
2026-06-09T06:42:34.165000,181
2026-06-09T06:42:34.324000,183
2026-06-09T06:42:34.471000,184
2026-06-09T06:42:34.626000,190
2026-06-09T06:42:34.788000,193
2026-06-09T06:42:34.954000,196
2026-06-09T06:42:35.120000,199
2026-06-09T06:42:35.278000,202
2026-06-09T06:42:35.442000,206
2026-06-09T06:42:35.605000,211
2026-06-09T06:42:35.761000,212
2026-06-09T06:42:35.925000,215
2026-06-09T06:42:36.083000,217
2026-06-09T06:42:36.249000,219
2026-06-09T06:42:36.409000,224
2026-06-09T06:42:36.566000,227
2026-06-09T06:42:36.729000,230
2026-06-09T06:42:36.897000,233
2026-06-09T06:42:37.068000,235
2026-06-09T06:42:37.232000,237
2026-06-09T06:42:37.401000,241
2026-06-09T06:42:37.576000,244
2026-06-09T06:42:37.752000,248
2026-06-09T06:42:37.929000,250
2026-06-09T06:42:38.099000,255
2026-06-09T06:42:38.290000,255
2026-06-09T06:42:38.414000,127
2026-06-09T06:42:38.557000,130
2026-06-09T06:42:38.699000,130
2026-06-09T06:42:38.843000,130
2026-06-09T06:42:38.990000,133
2026-06-09T06:42:39.132000,134
2026-06-09T06:42:39.282000,134
2026-06-09T06:42:39.433000,135
2026-06-09T06:42:39.580000,135
2026-06-09T06:42:39.726000,136
2026-06-09T06:42:39.871000,136
2026-06-09T06:42:40.012000,136
2026-06-09T06:42:40.156000,137
2026-06-09T06:42:40.306000,137
2026-06-09T06:42:40.460000,139
2026-06-09T06:42:40.609000,139
2026-06-09T06:42:40.758000,141
2026-06-09T06:42:40.900000,142
2026-06-09T06:42:41.051000,142
2026-06-09T06:42:41.199000,142
2026-06-09T06:42:41.342000,143
2026-06-09T06:42:41.490000,145
2026-06-09T06:42:41.638000,145
2026-06-09T06:42:41.789000,145
2026-06-09T06:42:41.934000,145
2026-06-09T06:42:42.083000,147
2026-06-09T06:42:42.236000,150
2026-06-09T06:42:42.390000,151
2026-06-09T06:42:42.534000,152
2026-06-09T06:42:42.689000,152
2026-06-09T06:42:42.844000,153
2026-06-09T06:42:42.991000,154
2026-06-09T06:42:43.144000,158
2026-06-09T06:42:43.299000,160
2026-06-09T06:42:43.450000,160
2026-06-09T06:42:43.600000,161
2026-06-09T06:42:43.752000,161
2026-06-09T06:42:43.906000,161
2026-06-09T06:42:44.058000,163
2026-06-09T06:42:44.210000,164
2026-06-09T06:42:44.360000,165
2026-06-09T06:42:44.512000,165
2026-06-09T06:42:44.669000,166
2026-06-09T06:42:44.822000,166
2026-06-09T06:42:44.973000,167
2026-06-09T06:42:45.125000,169
2026-06-09T06:42:45.286000,172
2026-06-09T06:42:45.438000,174
2026-06-09T06:42:45.589000,175
2026-06-09T06:42:45.744000,178
2026-06-09T06:42:45.893000,180
2026-06-09T06:42:46.046000,185
2026-06-09T06:42:46.202000,186
2026-06-09T06:42:46.357000,189
2026-06-09T06:42:46.509000,190
2026-06-09T06:42:46.663000,190
2026-06-09T06:42:46.824000,190
2026-06-09T06:42:47.004000,247
2026-06-09T06:43:16.536000,223
2026-06-09T06:43:16.721000,247
2026-06-09T06:43:16.892000,254
2026-06-09T06:43:17.066000,211
2026-06-09T06:43:17.237000,221
2026-06-09T06:43:17.402000,223
2026-06-09T06:43:17.567000,225
2026-06-09T06:43:17.735000,235
2026-06-09T06:43:17.908000,239
2026-06-09T06:43:18.098000,247
2026-06-09T06:43:18.288000,249
2026-06-09T06:43:18.473000,253
2026-06-09T06:43:18.644000,197
2026-06-09T06:43:18.812000,199
2026-06-09T06:43:18.980000,201
2026-06-09T06:43:19.152000,203
2026-06-09T06:43:19.320000,206
2026-06-09T06:43:19.479000,211
2026-06-09T06:43:19.641000,215
2026-06-09T06:43:19.808000,215
2026-06-09T06:43:19.976000,216
2026-06-09T06:43:20.141000,218
2026-06-09T06:43:20.306000,222
2026-06-09T06:43:20.465000,229
2026-06-09T06:43:20.634000,232
2026-06-09T06:43:20.799000,239
2026-06-09T06:43:20.977000,241
2026-06-09T06:43:21.152000,242
2026-06-09T06:43:21.325000,248
2026-06-09T06:43:21.473000,171
2026-06-09T06:43:21.627000,174
2026-06-09T06:43:21.775000,175
2026-06-09T06:43:21.925000,177
2026-06-09T06:43:22.068000,177
2026-06-09T06:43:22.219000,181
2026-06-09T06:43:22.367000,181
2026-06-09T06:43:22.510000,183
2026-06-09T06:43:22.653000,183
2026-06-09T06:43:22.808000,185
2026-06-09T06:43:22.959000,190
2026-06-09T06:43:23.110000,191
2026-06-09T06:43:23.283000,193
2026-06-09T06:43:23.444000,195
2026-06-09T06:43:23.614000,197
2026-06-09T06:43:23.786000,201
2026-06-09T06:43:23.960000,202
2026-06-09T06:43:24.125000,204
2026-06-09T06:43:24.284000,210
2026-06-09T06:43:24.456000,211
2026-06-09T06:43:24.620000,213
2026-06-09T06:43:24.779000,215
2026-06-09T06:43:24.945000,217
2026-06-09T06:43:25.114000,217
2026-06-09T06:43:25.271000,219
2026-06-09T06:43:25.427000,220
2026-06-09T06:43:25.603000,225
2026-06-09T06:43:25.771000,227
2026-06-09T06:43:25.937000,232
2026-06-09T06:43:26.106000,233
2026-06-09T06:43:26.276000,237
2026-06-09T06:43:26.447000,238
2026-06-09T06:43:26.615000,244
2026-06-09T06:43:26.804000,248
2026-06-09T06:43:26.988000,249
2026-06-09T06:43:27.153000,250
2026-06-09T06:43:27.328000,255
2026-06-09T06:43:27.451000,127
2026-06-09T06:43:27.600000,130
2026-06-09T06:43:27.749000,130
2026-06-09T06:43:27.907000,130
2026-06-09T06:43:28.054000,133
2026-06-09T06:43:28.212000,134
2026-06-09T06:43:28.358000,134
2026-06-09T06:43:28.506000,134
2026-06-09T06:43:28.654000,135
2026-06-09T06:43:28.797000,135
2026-06-09T06:43:28.944000,135
2026-06-09T06:43:29.092000,136
2026-06-09T06:43:29.234000,136
2026-06-09T06:43:29.373000,136
2026-06-09T06:43:29.517000,137
2026-06-09T06:43:29.664000,138
2026-06-09T06:43:29.809000,139
2026-06-09T06:43:29.948000,139
2026-06-09T06:43:30.092000,141
2026-06-09T06:43:30.236000,142
2026-06-09T06:43:30.374000,142
2026-06-09T06:43:30.515000,142
2026-06-09T06:43:30.659000,144
2026-06-09T06:43:30.804000,145
2026-06-09T06:43:30.947000,145
2026-06-09T06:43:31.090000,145
2026-06-09T06:43:31.237000,147
2026-06-09T06:43:31.376000,149
2026-06-09T06:43:31.527000,150
2026-06-09T06:43:31.674000,150
2026-06-09T06:43:31.820000,152
2026-06-09T06:43:31.963000,153
2026-06-09T06:43:32.128000,153
2026-06-09T06:43:32.275000,154
2026-06-09T06:43:32.420000,160
2026-06-09T06:43:32.574000,161
2026-06-09T06:43:32.731000,161
2026-06-09T06:43:32.873000,163
2026-06-09T06:43:33.026000,164
2026-06-09T06:43:33.183000,165
2026-06-09T06:43:33.336000,166
2026-06-09T06:43:33.491000,168
2026-06-09T06:43:33.644000,169
2026-06-09T06:43:33.789000,172
2026-06-09T06:43:33.934000,172
2026-06-09T06:43:34.088000,174
2026-06-09T06:43:34.236000,178
2026-06-09T06:43:34.386000,182
2026-06-09T06:43:34.537000,186
2026-06-09T06:43:34.688000,186
2026-06-09T06:43:34.833000,189
2026-06-09T06:43:34.986000,190
2026-06-09T06:43:35.140000,190
2026-06-09T06:43:35.323000,247
2026-06-09T06:43:35.491000,223
2026-06-09T06:43:35.676000,247
2026-06-09T06:43:35.852000,254
2026-06-09T06:43:36.011000,208
2026-06-09T06:43:36.180000,219
2026-06-09T06:43:36.338000,223
2026-06-09T06:43:36.501000,235
2026-06-09T06:43:36.694000,239
2026-06-09T06:43:36.865000,242
2026-06-09T06:43:37.045000,247
2026-06-09T06:43:37.240000,253
2026-06-09T06:43:37.403000,194
2026-06-09T06:43:37.574000,197
2026-06-09T06:43:37.745000,199
2026-06-09T06:43:37.913000,203
2026-06-09T06:43:38.085000,206
2026-06-09T06:43:38.256000,206
2026-06-09T06:43:38.418000,211
2026-06-09T06:43:38.582000,215
2026-06-09T06:43:38.747000,216
2026-06-09T06:43:38.913000,221
2026-06-09T06:43:39.078000,226
2026-06-09T06:43:39.240000,229
2026-06-09T06:43:39.401000,230
2026-06-09T06:43:39.570000,236
2026-06-09T06:43:39.743000,241
2026-06-09T06:43:39.929000,242
2026-06-09T06:43:40.117000,248
2026-06-09T06:43:40.293000,254
2026-06-09T06:43:40.447000,171
2026-06-09T06:43:40.601000,175
2026-06-09T06:43:40.751000,177
2026-06-09T06:43:40.906000,181
2026-06-09T06:43:41.059000,182
2026-06-09T06:43:41.210000,183
2026-06-09T06:43:41.360000,183
2026-06-09T06:43:41.510000,184
2026-06-09T06:43:41.657000,185
2026-06-09T06:43:41.804000,190
2026-06-09T06:43:41.972000,193
2026-06-09T06:43:42.140000,195
2026-06-09T06:43:42.305000,196
2026-06-09T06:43:42.476000,199
2026-06-09T06:43:42.649000,202
2026-06-09T06:43:42.813000,204
2026-06-09T06:43:42.982000,206
2026-06-09T06:43:43.147000,210
2026-06-09T06:43:43.311000,211
2026-06-09T06:43:43.477000,212
2026-06-09T06:43:43.643000,215
2026-06-09T06:43:43.803000,215
2026-06-09T06:43:43.968000,217
2026-06-09T06:43:44.132000,219
2026-06-09T06:43:44.293000,220
2026-06-09T06:43:44.459000,225
2026-06-09T06:43:44.621000,227
2026-06-09T06:43:44.790000,232
2026-06-09T06:43:44.964000,233
2026-06-09T06:43:45.135000,235
2026-06-09T06:43:45.301000,237
2026-06-09T06:43:45.470000,238
2026-06-09T06:43:45.645000,244
2026-06-09T06:43:45.820000,248
2026-06-09T06:43:45.991000,250
2026-06-09T06:43:46.169000,255
2026-06-09T06:43:46.296000,127
2026-06-09T06:43:46.436000,130
2026-06-09T06:43:46.597000,130
2026-06-09T06:43:46.750000,130
2026-06-09T06:43:46.889000,133
2026-06-09T06:43:47.036000,134
2026-06-09T06:43:47.190000,135
2026-06-09T06:43:47.335000,135
2026-06-09T06:43:47.483000,136
2026-06-09T06:43:47.628000,136
2026-06-09T06:43:47.775000,136
2026-06-09T06:43:47.927000,136
2026-06-09T06:43:48.080000,137
2026-06-09T06:43:48.226000,137
2026-06-09T06:43:48.369000,138
2026-06-09T06:43:48.518000,139
2026-06-09T06:43:48.664000,140
2026-06-09T06:43:48.809000,141
2026-06-09T06:43:48.957000,142
2026-06-09T06:43:49.107000,142
2026-06-09T06:43:49.251000,142
2026-06-09T06:43:49.393000,142
2026-06-09T06:43:49.542000,144
2026-06-09T06:43:49.688000,145
2026-06-09T06:43:49.835000,145
2026-06-09T06:43:49.983000,145
2026-06-09T06:43:50.130000,145
2026-06-09T06:43:50.275000,147
2026-06-09T06:43:50.420000,150
2026-06-09T06:43:50.575000,151
2026-06-09T06:43:50.726000,152
2026-06-09T06:43:50.873000,153
2026-06-09T06:43:51.025000,154
2026-06-09T06:43:51.178000,160
2026-06-09T06:43:51.330000,161
2026-06-09T06:43:51.483000,161
2026-06-09T06:43:51.630000,161
2026-06-09T06:43:51.774000,163
2026-06-09T06:43:51.924000,163
2026-06-09T06:43:52.082000,164
2026-06-09T06:43:52.227000,165
2026-06-09T06:43:52.370000,165
2026-06-09T06:43:52.517000,166
2026-06-09T06:43:52.665000,168
2026-06-09T06:43:52.814000,172
2026-06-09T06:43:52.964000,172
2026-06-09T06:43:53.115000,174
2026-06-09T06:43:53.264000,175
2026-06-09T06:43:53.414000,180
2026-06-09T06:43:53.568000,182
2026-06-09T06:43:53.719000,185
2026-06-09T06:43:53.871000,186
2026-06-09T06:43:54.029000,190
2026-06-09T06:43:54.183000,190
2026-06-09T06:43:54.373000,247
2026-06-09T06:43:54.545000,223
2026-06-09T06:43:54.716000,234
2026-06-09T06:43:54.885000,247
2026-06-09T06:43:55.054000,208
2026-06-09T06:43:55.219000,219
2026-06-09T06:43:55.380000,221
2026-06-09T06:43:55.553000,223
2026-06-09T06:43:55.733000,225
2026-06-09T06:43:55.898000,235
2026-06-09T06:43:56.076000,239
2026-06-09T06:43:56.253000,247
2026-06-09T06:43:56.434000,249
2026-06-09T06:43:56.613000,253
2026-06-09T06:43:56.782000,197
2026-06-09T06:43:56.947000,201
2026-06-09T06:43:57.116000,203
2026-06-09T06:43:57.279000,206
2026-06-09T06:43:57.446000,206
2026-06-09T06:43:57.609000,214
2026-06-09T06:43:57.770000,215
2026-06-09T06:43:57.935000,218
2026-06-09T06:43:58.105000,221
2026-06-09T06:43:58.274000,222
2026-06-09T06:43:58.438000,229
2026-06-09T06:43:58.609000,230
2026-06-09T06:43:58.778000,236
2026-06-09T06:43:58.956000,241
2026-06-09T06:43:59.139000,242
2026-06-09T06:43:59.312000,242
2026-06-09T06:43:59.483000,248
2026-06-09T06:43:59.629000,171
2026-06-09T06:43:59.779000,171
2026-06-09T06:43:59.931000,174
2026-06-09T06:44:00.093000,175
2026-06-09T06:44:00.246000,177
2026-06-09T06:44:00.393000,177
2026-06-09T06:44:00.538000,180
2026-06-09T06:44:00.690000,181
2026-06-09T06:44:00.840000,182
2026-06-09T06:44:00.986000,183
2026-06-09T06:44:01.139000,185
2026-06-09T06:44:01.293000,191
2026-06-09T06:44:01.462000,195
2026-06-09T06:44:01.631000,197
2026-06-09T06:44:01.801000,201
2026-06-09T06:44:01.968000,202
2026-06-09T06:44:02.137000,204
2026-06-09T06:44:02.314000,206
2026-06-09T06:44:02.475000,211
2026-06-09T06:44:02.628000,212
2026-06-09T06:44:02.788000,215
2026-06-09T06:44:02.952000,215
2026-06-09T06:44:03.121000,217
2026-06-09T06:44:03.292000,217
2026-06-09T06:44:03.462000,220
2026-06-09T06:44:03.641000,225
2026-06-09T06:44:03.811000,227
2026-06-09T06:44:03.986000,230
2026-06-09T06:44:04.159000,232
2026-06-09T06:44:04.327000,235
2026-06-09T06:44:04.490000,237
2026-06-09T06:44:04.661000,241
2026-06-09T06:44:04.842000,246
2026-06-09T06:44:05.017000,248
2026-06-09T06:44:05.194000,249
2026-06-09T06:44:05.385000,253
2026-06-09T06:44:05.561000,255
2026-06-09T06:44:05.735000,255
2026-06-09T06:44:05.874000,128
2026-06-09T06:44:06.022000,130
2026-06-09T06:44:06.167000,130
2026-06-09T06:44:06.317000,131
2026-06-09T06:44:06.466000,134
2026-06-09T06:44:06.614000,134
2026-06-09T06:44:06.764000,135
2026-06-09T06:44:06.908000,135
2026-06-09T06:44:07.054000,136
2026-06-09T06:44:07.197000,136
2026-06-09T06:44:07.345000,136
2026-06-09T06:44:07.493000,136
2026-06-09T06:44:07.641000,137
2026-06-09T06:44:07.785000,137
2026-06-09T06:44:07.946000,138
2026-06-09T06:44:08.090000,139
2026-06-09T06:44:08.239000,140
2026-06-09T06:44:08.384000,141
2026-06-09T06:44:08.531000,142
2026-06-09T06:44:08.673000,142
2026-06-09T06:44:08.818000,142
2026-06-09T06:44:08.963000,143
2026-06-09T06:44:09.107000,145
2026-06-09T06:44:09.251000,145
2026-06-09T06:44:09.401000,145
2026-06-09T06:44:09.545000,147
2026-06-09T06:44:09.686000,149
2026-06-09T06:44:09.831000,150
2026-06-09T06:44:09.975000,151
2026-06-09T06:44:10.122000,152
2026-06-09T06:44:10.270000,153
2026-06-09T06:44:10.428000,153
2026-06-09T06:44:10.571000,158
2026-06-09T06:44:10.717000,160
2026-06-09T06:44:10.864000,161
2026-06-09T06:44:11.008000,161
2026-06-09T06:44:11.156000,163
2026-06-09T06:44:11.308000,164
2026-06-09T06:44:11.466000,165
2026-06-09T06:44:11.618000,165
2026-06-09T06:44:11.775000,166
2026-06-09T06:44:11.929000,168
2026-06-09T06:44:12.081000,172
2026-06-09T06:44:12.229000,174
2026-06-09T06:44:12.386000,178
2026-06-09T06:44:12.535000,182
2026-06-09T06:44:12.685000,185
2026-06-09T06:44:12.832000,186
2026-06-09T06:44:12.991000,189
2026-06-09T06:44:13.140000,190
2026-06-09T06:44:13.302000,190
2026-06-09T06:44:13.475000,247
2026-06-09T06:44:13.640000,223
2026-06-09T06:44:13.822000,234
2026-06-09T06:44:14.004000,247
2026-06-09T06:44:14.163000,208
2026-06-09T06:44:14.321000,211
2026-06-09T06:44:14.484000,219
2026-06-09T06:44:14.644000,221
2026-06-09T06:44:14.811000,223
2026-06-09T06:44:14.982000,225
2026-06-09T06:44:15.158000,235
2026-06-09T06:44:15.328000,239
2026-06-09T06:44:15.500000,242
2026-06-09T06:44:15.673000,249
2026-06-09T06:44:15.884000,253
2026-06-09T06:44:16.047000,194
2026-06-09T06:44:16.209000,197
2026-06-09T06:44:16.379000,201
2026-06-09T06:44:16.546000,206
2026-06-09T06:44:16.713000,206
2026-06-09T06:44:16.876000,211
2026-06-09T06:44:17.037000,214
2026-06-09T06:44:17.199000,215
2026-06-09T06:44:17.362000,216
2026-06-09T06:44:17.528000,218
2026-06-09T06:44:17.688000,221
2026-06-09T06:44:17.854000,226
2026-06-09T06:44:18.024000,230
2026-06-09T06:44:18.201000,232
2026-06-09T06:44:18.374000,236
2026-06-09T06:44:18.549000,239
2026-06-09T06:44:18.719000,241
2026-06-09T06:44:18.895000,242
2026-06-09T06:44:19.064000,245
2026-06-09T06:44:19.235000,248
2026-06-09T06:44:19.383000,171
2026-06-09T06:44:19.533000,174
2026-06-09T06:44:19.682000,175
2026-06-09T06:44:19.829000,177
2026-06-09T06:44:19.985000,177
2026-06-09T06:44:20.138000,180
2026-06-09T06:44:20.296000,181
2026-06-09T06:44:20.450000,181
2026-06-09T06:44:20.606000,183
2026-06-09T06:44:20.756000,184
2026-06-09T06:44:20.902000,190
2026-06-09T06:44:21.072000,193
2026-06-09T06:44:21.249000,195
2026-06-09T06:44:21.418000,196
2026-06-09T06:44:21.583000,199
2026-06-09T06:44:21.758000,202
2026-06-09T06:44:21.925000,206
2026-06-09T06:44:22.084000,211
2026-06-09T06:44:22.251000,211
2026-06-09T06:44:22.417000,213
2026-06-09T06:44:22.577000,215
2026-06-09T06:44:22.739000,217
2026-06-09T06:44:22.896000,220
2026-06-09T06:44:23.056000,225
2026-06-09T06:44:23.223000,227
2026-06-09T06:44:23.393000,230
2026-06-09T06:44:23.568000,233
2026-06-09T06:44:23.740000,237
2026-06-09T06:44:23.905000,238
2026-06-09T06:44:24.078000,244
2026-06-09T06:44:24.246000,246
2026-06-09T06:44:24.420000,248
2026-06-09T06:44:24.595000,250
2026-06-09T06:44:24.786000,255
2026-06-09T06:44:24.910000,127
2026-06-09T06:44:25.062000,130
2026-06-09T06:44:25.201000,130
2026-06-09T06:44:25.350000,130
2026-06-09T06:44:25.488000,131
2026-06-09T06:44:25.647000,134
2026-06-09T06:44:25.794000,134
2026-06-09T06:44:25.936000,135
2026-06-09T06:44:26.083000,135
2026-06-09T06:44:26.223000,136
2026-06-09T06:44:26.382000,136
2026-06-09T06:44:26.525000,136
2026-06-09T06:44:26.666000,137
2026-06-09T06:44:26.917000,137
2026-06-09T06:44:27.069000,139
2026-06-09T06:44:27.211000,140
2026-06-09T06:44:27.363000,142
2026-06-09T06:44:27.505000,142
2026-06-09T06:44:27.651000,142
2026-06-09T06:44:27.797000,143
2026-06-09T06:44:27.943000,145
2026-06-09T06:44:28.086000,145
2026-06-09T06:44:28.242000,147
2026-06-09T06:44:28.386000,149
2026-06-09T06:44:28.535000,150
2026-06-09T06:44:28.680000,152
2026-06-09T06:44:28.824000,152
2026-06-09T06:44:28.980000,153
2026-06-09T06:44:29.131000,153
2026-06-09T06:44:29.275000,158
2026-06-09T06:44:29.419000,160
2026-06-09T06:44:29.568000,161
2026-06-09T06:44:29.715000,161
2026-06-09T06:44:29.862000,163
2026-06-09T06:44:30.011000,165
2026-06-09T06:44:30.165000,165
2026-06-09T06:44:30.311000,166
2026-06-09T06:44:30.454000,167
2026-06-09T06:44:30.606000,169
2026-06-09T06:44:30.755000,172
2026-06-09T06:44:30.907000,175
2026-06-09T06:44:31.056000,180
2026-06-09T06:44:31.207000,185
2026-06-09T06:44:31.353000,186
2026-06-09T06:44:31.502000,189
2026-06-09T06:44:31.658000,190
2026-06-09T06:44:31.804000,190
2026-06-09T06:44:31.970000,247
2026-06-09T06:44:32.142000,223
2026-06-09T06:44:32.308000,247
2026-06-09T06:44:32.472000,208
2026-06-09T06:44:32.663000,219
2026-06-09T06:44:32.821000,221
2026-06-09T06:44:32.982000,225
2026-06-09T06:44:33.150000,235
2026-06-09T06:44:33.320000,239
2026-06-09T06:44:33.494000,247
2026-06-09T06:44:33.667000,253
2026-06-09T06:44:33.825000,194
2026-06-09T06:44:33.989000,199
2026-06-09T06:44:34.155000,203
2026-06-09T06:44:34.317000,206
2026-06-09T06:44:34.485000,211
2026-06-09T06:44:34.648000,215
2026-06-09T06:44:34.804000,215
2026-06-09T06:44:34.986000,218
2026-06-09T06:44:35.149000,222
2026-06-09T06:44:35.307000,226
2026-06-09T06:44:35.470000,230
2026-06-09T06:44:35.639000,236
2026-06-09T06:44:35.803000,241
2026-06-09T06:44:35.972000,242
2026-06-09T06:44:36.142000,248
2026-06-09T06:44:36.288000,171
2026-06-09T06:44:36.434000,174
2026-06-09T06:44:36.584000,177
2026-06-09T06:44:36.728000,180
2026-06-09T06:44:36.875000,181
2026-06-09T06:44:37.023000,183
2026-06-09T06:44:37.168000,184
2026-06-09T06:44:37.314000,190
2026-06-09T06:44:37.472000,193
2026-06-09T06:44:37.644000,196
2026-06-09T06:44:37.801000,199
2026-06-09T06:44:37.961000,202
2026-06-09T06:44:38.126000,206
2026-06-09T06:44:38.284000,211
2026-06-09T06:44:38.440000,212
2026-06-09T06:44:38.598000,215
2026-06-09T06:44:38.770000,217
2026-06-09T06:44:38.928000,219
2026-06-09T06:44:39.087000,224
2026-06-09T06:44:39.245000,227
2026-06-09T06:44:39.411000,230
2026-06-09T06:44:39.575000,233
2026-06-09T06:44:39.738000,237
2026-06-09T06:44:39.904000,238
2026-06-09T06:44:40.082000,244
2026-06-09T06:44:40.247000,248
2026-06-09T06:44:40.414000,250
2026-06-09T06:44:40.582000,255
2026-06-09T06:44:40.700000,127
2026-06-09T06:44:40.842000,130
2026-06-09T06:44:40.982000,130
2026-06-09T06:44:41.123000,130
2026-06-09T06:44:41.264000,133
2026-06-09T06:44:41.410000,134
2026-06-09T06:44:41.553000,135
2026-06-09T06:44:41.692000,135
2026-06-09T06:44:41.833000,136
2026-06-09T06:44:41.974000,136
2026-06-09T06:44:42.117000,137
2026-06-09T06:44:42.257000,138
2026-06-09T06:44:42.404000,139
2026-06-09T06:44:42.551000,141
2026-06-09T06:44:42.694000,142
2026-06-09T06:44:42.837000,142
2026-06-09T06:44:42.995000,143
2026-06-09T06:44:43.140000,145
2026-06-09T06:44:43.289000,145
2026-06-09T06:44:43.443000,147
2026-06-09T06:44:43.593000,149
2026-06-09T06:44:43.735000,150
2026-06-09T06:44:43.881000,152
2026-06-09T06:44:44.029000,153
2026-06-09T06:44:44.172000,153
2026-06-09T06:44:44.313000,158
2026-06-09T06:44:44.466000,160
2026-06-09T06:44:44.612000,161
2026-06-09T06:44:44.755000,161
2026-06-09T06:44:44.901000,163
2026-06-09T06:44:45.048000,165
2026-06-09T06:44:45.196000,166
2026-06-09T06:44:45.348000,167
2026-06-09T06:44:45.496000,169
2026-06-09T06:44:45.640000,172
2026-06-09T06:44:45.786000,175
2026-06-09T06:44:45.944000,180
2026-06-09T06:44:46.089000,185
2026-06-09T06:44:46.233000,186
2026-06-09T06:44:46.382000,190
2026-06-09T06:44:46.528000,190
2026-06-09T06:44:46.697000,247
2026-06-09T06:44:46.857000,223
2026-06-09T06:44:47.026000,247
2026-06-09T06:44:47.184000,208
2026-06-09T06:44:47.350000,219
2026-06-09T06:44:47.513000,223
2026-06-09T06:44:47.674000,235
2026-06-09T06:44:47.839000,239
2026-06-09T06:44:48.016000,247
2026-06-09T06:44:48.189000,253
2026-06-09T06:44:48.355000,197
2026-06-09T06:44:48.523000,201
2026-06-09T06:44:48.686000,206
2026-06-09T06:44:48.848000,206
2026-06-09T06:44:49.010000,211
2026-06-09T06:44:49.176000,215
2026-06-09T06:44:49.336000,216
2026-06-09T06:44:49.509000,221
2026-06-09T06:44:49.674000,226
2026-06-09T06:44:49.838000,229
2026-06-09T06:44:50.006000,232
2026-06-09T06:44:50.174000,239
2026-06-09T06:44:50.338000,241
2026-06-09T06:44:50.508000,242
2026-06-09T06:44:50.673000,248
2026-06-09T06:44:50.848000,254
2026-06-09T06:44:50.996000,171
2026-06-09T06:44:51.147000,175
2026-06-09T06:44:51.292000,177
2026-06-09T06:44:51.439000,180
2026-06-09T06:44:51.596000,181
2026-06-09T06:44:51.739000,183
2026-06-09T06:44:51.884000,184
2026-06-09T06:44:52.043000,190
2026-06-09T06:44:52.202000,193
2026-06-09T06:44:52.360000,195
2026-06-09T06:44:52.529000,197
2026-06-09T06:44:52.688000,201
2026-06-09T06:44:52.848000,202
2026-06-09T06:44:53.010000,206
2026-06-09T06:44:53.174000,211
2026-06-09T06:44:53.330000,211
2026-06-09T06:44:53.486000,213
2026-06-09T06:44:53.649000,215
2026-06-09T06:44:53.805000,217
2026-06-09T06:44:54.363000,219
2026-06-09T06:44:54.538000,220
2026-06-09T06:44:54.696000,225
2026-06-09T06:44:54.863000,227
2026-06-09T06:44:55.038000,232
2026-06-09T06:44:55.212000,235
2026-06-09T06:44:55.379000,237
2026-06-09T06:44:55.552000,238
2026-06-09T06:44:55.725000,244
2026-06-09T06:44:55.903000,248
2026-06-09T06:44:56.071000,250
2026-06-09T06:44:56.250000,255
2026-06-09T06:44:56.372000,127
2026-06-09T06:44:56.522000,130
2026-06-09T06:44:56.670000,130
2026-06-09T06:44:56.817000,130
2026-06-09T06:44:56.960000,131
2026-06-09T06:44:57.111000,133
2026-06-09T06:44:57.253000,134
2026-06-09T06:44:57.392000,135
2026-06-09T06:44:57.542000,135
2026-06-09T06:44:57.683000,136
2026-06-09T06:44:57.829000,136
2026-06-09T06:44:57.976000,136
2026-06-09T06:44:58.132000,137
2026-06-09T06:44:58.280000,138
2026-06-09T06:44:58.424000,139
2026-06-09T06:44:58.577000,140
2026-06-09T06:44:58.719000,142
2026-06-09T06:44:58.866000,142
2026-06-09T06:44:59.012000,142
2026-06-09T06:44:59.157000,144
2026-06-09T06:44:59.299000,145
2026-06-09T06:44:59.447000,145
2026-06-09T06:44:59.593000,147
2026-06-09T06:44:59.737000,150
2026-06-09T06:44:59.882000,151
2026-06-09T06:45:00.029000,152
2026-06-09T06:45:00.175000,153
2026-06-09T06:45:00.323000,153
2026-06-09T06:45:00.462000,158
2026-06-09T06:45:00.618000,160
2026-06-09T06:45:00.772000,161
2026-06-09T06:45:00.916000,161
2026-06-09T06:45:01.059000,163
2026-06-09T06:45:01.215000,164
2026-06-09T06:45:01.367000,165
2026-06-09T06:45:01.512000,166
2026-06-09T06:45:01.659000,168
2026-06-09T06:45:01.817000,172
2026-06-09T06:45:01.968000,174
2026-06-09T06:45:02.116000,178
2026-06-09T06:45:02.266000,180
2026-06-09T06:45:02.418000,182
2026-06-09T06:45:02.569000,186
2026-06-09T06:45:02.717000,189
2026-06-09T06:45:02.869000,190
2026-06-09T06:45:03.022000,190
2026-06-09T06:45:03.206000,247
2026-06-09T06:45:03.378000,223
2026-06-09T06:45:03.553000,247
2026-06-09T06:45:03.709000,208
2026-06-09T06:45:03.877000,219
2026-06-09T06:45:04.043000,221
2026-06-09T06:45:04.210000,223
2026-06-09T06:45:04.383000,235
2026-06-09T06:45:04.558000,239
2026-06-09T06:45:04.738000,247
2026-06-09T06:45:04.909000,249
2026-06-09T06:45:05.071000,194
2026-06-09T06:45:05.233000,197
2026-06-09T06:45:05.401000,201
2026-06-09T06:45:05.564000,206
2026-06-09T06:45:05.732000,206
2026-06-09T06:45:05.888000,214
2026-06-09T06:45:06.053000,215
2026-06-09T06:45:06.213000,215
2026-06-09T06:45:06.372000,218
2026-06-09T06:45:06.535000,222
2026-06-09T06:45:06.698000,229
2026-06-09T06:45:06.865000,232
2026-06-09T06:45:07.034000,236
2026-06-09T06:45:07.216000,241
2026-06-09T06:45:07.390000,242
2026-06-09T06:45:07.567000,248
2026-06-09T06:45:07.716000,171
2026-06-09T06:45:07.868000,174
2026-06-09T06:45:08.017000,177
2026-06-09T06:45:08.171000,180
2026-06-09T06:45:08.323000,181
2026-06-09T06:45:08.465000,182
2026-06-09T06:45:08.623000,183
2026-06-09T06:45:08.771000,185
2026-06-09T06:45:08.917000,191
2026-06-09T06:45:09.088000,193
2026-06-09T06:45:09.250000,196
2026-06-09T06:45:09.408000,199
2026-06-09T06:45:09.571000,202
2026-06-09T06:45:09.734000,206
2026-06-09T06:45:09.896000,211
2026-06-09T06:45:10.058000,211
2026-06-09T06:45:10.214000,213
2026-06-09T06:45:10.379000,215
2026-06-09T06:45:10.538000,217
2026-06-09T06:45:10.697000,220
2026-06-09T06:45:10.858000,225
2026-06-09T06:45:11.022000,227
2026-06-09T06:45:11.187000,232
2026-06-09T06:45:11.354000,235
2026-06-09T06:45:11.525000,237
2026-06-09T06:45:11.695000,241
2026-06-09T06:45:11.876000,244
2026-06-09T06:45:12.046000,248
2026-06-09T06:45:12.225000,250
2026-06-09T06:45:12.403000,255
2026-06-09T06:45:12.531000,127
2026-06-09T06:45:12.673000,130
2026-06-09T06:45:12.816000,130
2026-06-09T06:45:12.964000,130
2026-06-09T06:45:13.112000,131
2026-06-09T06:45:13.264000,134
2026-06-09T06:45:13.406000,134
2026-06-09T06:45:13.552000,135
2026-06-09T06:45:13.691000,136
2026-06-09T06:45:13.832000,136
2026-06-09T06:45:13.982000,136
2026-06-09T06:45:14.127000,137
2026-06-09T06:45:14.276000,138
2026-06-09T06:45:14.416000,139
2026-06-09T06:45:14.570000,141
2026-06-09T06:45:14.712000,142
2026-06-09T06:45:14.853000,142
2026-06-09T06:45:14.995000,143
2026-06-09T06:45:15.140000,145
2026-06-09T06:45:15.296000,145
2026-06-09T06:45:15.439000,145
2026-06-09T06:45:15.591000,147
2026-06-09T06:45:15.734000,150
2026-06-09T06:45:15.877000,151
2026-06-09T06:45:16.021000,152
2026-06-09T06:45:16.165000,153
2026-06-09T06:45:16.308000,154
2026-06-09T06:45:16.453000,160
2026-06-09T06:45:16.609000,161
2026-06-09T06:45:16.753000,161
2026-06-09T06:45:16.894000,163
2026-06-09T06:45:17.044000,164
2026-06-09T06:45:17.192000,165
2026-06-09T06:45:17.336000,166
2026-06-09T06:45:17.487000,167
2026-06-09T06:45:17.633000,169
2026-06-09T06:45:17.776000,172
2026-06-09T06:45:17.920000,174
2026-06-09T06:45:18.078000,178
2026-06-09T06:45:18.231000,182
2026-06-09T06:45:18.375000,186
2026-06-09T06:45:18.522000,189
2026-06-09T06:45:18.668000,190
2026-06-09T06:45:18.811000,190
2026-06-09T06:45:18.985000,247
2026-06-09T06:45:19.147000,223
2026-06-09T06:45:19.313000,247
2026-06-09T06:45:19.481000,208
2026-06-09T06:45:19.640000,219
2026-06-09T06:45:19.796000,223
2026-06-09T06:45:19.963000,235
2026-06-09T06:45:20.130000,239
2026-06-09T06:45:20.297000,247
2026-06-09T06:45:20.464000,253
2026-06-09T06:45:20.624000,197
2026-06-09T06:45:20.786000,201
2026-06-09T06:45:20.945000,206
2026-06-09T06:45:21.105000,206
2026-06-09T06:45:21.269000,214
2026-06-09T06:45:21.426000,215
2026-06-09T06:45:21.591000,218
2026-06-09T06:45:21.751000,222
2026-06-09T06:45:21.917000,229
2026-06-09T06:45:22.082000,232
2026-06-09T06:45:22.251000,239
2026-06-09T06:45:22.419000,242
2026-06-09T06:45:22.592000,245
2026-06-09T06:45:22.759000,254
2026-06-09T06:45:22.906000,171
2026-06-09T06:45:23.055000,175
2026-06-09T06:45:23.207000,177
2026-06-09T06:45:23.354000,181
2026-06-09T06:45:23.503000,182
2026-06-09T06:45:23.649000,183
2026-06-09T06:45:23.794000,185
2026-06-09T06:45:23.947000,191
2026-06-09T06:45:24.108000,195
2026-06-09T06:45:24.266000,197
2026-06-09T06:45:24.427000,201
2026-06-09T06:45:24.588000,204
2026-06-09T06:45:24.743000,210
2026-06-09T06:45:24.898000,211
2026-06-09T06:45:25.058000,213
2026-06-09T06:45:25.215000,215
2026-06-09T06:45:25.371000,217
2026-06-09T06:45:25.530000,220
2026-06-09T06:45:25.697000,225
2026-06-09T06:45:25.855000,227
2026-06-09T06:45:26.018000,232
2026-06-09T06:45:26.182000,235
2026-06-09T06:45:26.350000,237
2026-06-09T06:45:26.520000,241
2026-06-09T06:45:26.691000,246
2026-06-09T06:45:26.866000,249
2026-06-09T06:45:27.036000,253
2026-06-09T06:45:27.207000,255
2026-06-09T06:45:27.347000,128
2026-06-09T06:45:27.492000,130
2026-06-09T06:45:27.633000,130
2026-06-09T06:45:27.773000,131
2026-06-09T06:45:27.920000,134
2026-06-09T06:45:28.064000,134
2026-06-09T06:45:28.210000,135
2026-06-09T06:45:28.355000,136
2026-06-09T06:45:28.496000,136
2026-06-09T06:45:28.642000,136
2026-06-09T06:45:28.785000,137
2026-06-09T06:45:28.932000,139
2026-06-09T06:45:29.075000,140
2026-06-09T06:45:29.220000,142
2026-06-09T06:45:29.364000,142
2026-06-09T06:45:29.505000,142
2026-06-09T06:45:29.650000,144
2026-06-09T06:45:29.796000,145
2026-06-09T06:45:29.939000,145
2026-06-09T06:45:30.082000,147
2026-06-09T06:45:30.230000,150
2026-06-09T06:45:30.374000,151
2026-06-09T06:45:30.519000,152
2026-06-09T06:45:30.661000,153
2026-06-09T06:45:30.812000,154
2026-06-09T06:45:30.956000,160
2026-06-09T06:45:31.099000,161
2026-06-09T06:45:31.246000,161
2026-06-09T06:45:31.391000,163
2026-06-09T06:45:31.535000,164
2026-06-09T06:45:31.683000,165
2026-06-09T06:45:31.830000,166
2026-06-09T06:45:31.973000,168
2026-06-09T06:45:32.116000,172
2026-06-09T06:45:32.266000,174
2026-06-09T06:45:32.414000,178
2026-06-09T06:45:32.558000,182
2026-06-09T06:45:32.708000,186
2026-06-09T06:45:32.856000,189
2026-06-09T06:45:33.002000,190
2026-06-09T06:45:33.178000,247
2026-06-09T06:45:33.346000,223
2026-06-09T06:45:33.520000,247
2026-06-09T06:45:33.674000,208
2026-06-09T06:45:33.841000,219
2026-06-09T06:45:33.999000,223
2026-06-09T06:45:34.168000,235
2026-06-09T06:45:34.343000,239
2026-06-09T06:45:34.508000,247
2026-06-09T06:45:34.676000,253
2026-06-09T06:45:34.847000,197
2026-06-09T06:45:35.014000,201
2026-06-09T06:45:35.175000,206
2026-06-09T06:45:35.344000,206
2026-06-09T06:45:35.500000,214
2026-06-09T06:45:35.657000,215
2026-06-09T06:45:35.822000,218
2026-06-09T06:45:35.981000,222
2026-06-09T06:45:36.139000,229
2026-06-09T06:45:36.308000,232
2026-06-09T06:45:36.471000,239
2026-06-09T06:45:36.635000,242
2026-06-09T06:45:36.818000,245
2026-06-09T06:45:36.987000,254
2026-06-09T06:45:37.131000,171
2026-06-09T06:45:37.285000,175
2026-06-09T06:45:37.432000,177
2026-06-09T06:45:37.577000,181
2026-06-09T06:45:37.725000,182
2026-06-09T06:45:37.873000,183
2026-06-09T06:45:38.018000,185
2026-06-09T06:45:38.165000,191
2026-06-09T06:45:38.333000,195
2026-06-09T06:45:38.491000,197
2026-06-09T06:45:38.648000,201
2026-06-09T06:45:38.817000,204
2026-06-09T06:45:38.974000,210
2026-06-09T06:45:39.129000,211
2026-06-09T06:45:39.286000,213
2026-06-09T06:45:39.443000,215
2026-06-09T06:45:39.606000,217
2026-06-09T06:45:39.777000,220
2026-06-09T06:45:39.945000,225
2026-06-09T06:45:40.106000,227
2026-06-09T06:45:40.270000,232
2026-06-09T06:45:40.436000,235
2026-06-09T06:45:40.599000,237
2026-06-09T06:45:40.773000,241
2026-06-09T06:45:40.951000,246
2026-06-09T06:45:41.115000,249
2026-06-09T06:45:41.284000,253
2026-06-09T06:45:41.459000,255
2026-06-09T06:45:41.594000,128
2026-06-09T06:45:41.739000,130
2026-06-09T06:45:41.883000,130
2026-06-09T06:45:42.026000,131
2026-06-09T06:45:42.170000,134
2026-06-09T06:45:42.317000,134
2026-06-09T06:45:42.457000,135
2026-06-09T06:45:42.599000,136
2026-06-09T06:45:42.743000,136
2026-06-09T06:45:42.888000,136
2026-06-09T06:45:43.029000,137
2026-06-09T06:45:43.181000,139
2026-06-09T06:45:43.329000,140
2026-06-09T06:45:43.469000,142
2026-06-09T06:45:43.610000,142
2026-06-09T06:45:43.754000,142
2026-06-09T06:45:43.900000,144
2026-06-09T06:45:44.042000,145
2026-06-09T06:45:44.188000,145
2026-06-09T06:45:44.334000,147
2026-06-09T06:45:44.474000,150
2026-06-09T06:45:44.616000,151
2026-06-09T06:45:44.759000,152
2026-06-09T06:45:44.903000,153
2026-06-09T06:45:45.044000,154
2026-06-09T06:45:45.192000,160
2026-06-09T06:45:45.340000,161
2026-06-09T06:45:45.484000,161
2026-06-09T06:45:45.627000,163
2026-06-09T06:45:45.778000,164
2026-06-09T06:45:45.926000,165
2026-06-09T06:45:46.074000,166
2026-06-09T06:45:46.222000,168
2026-06-09T06:45:46.371000,172
2026-06-09T06:45:46.515000,174
2026-06-09T06:45:46.662000,178
2026-06-09T06:45:46.814000,182
2026-06-09T06:45:46.959000,186
2026-06-09T06:45:47.104000,189
2026-06-09T06:45:47.254000,190
2026-06-09T06:45:47.430000,247
2026-06-09T06:45:47.586000,223
2026-06-09T06:45:47.773000,247
2026-06-09T06:45:47.933000,208
2026-06-09T06:45:48.096000,219
2026-06-09T06:45:48.260000,223
2026-06-09T06:45:48.425000,235
2026-06-09T06:45:48.589000,239
2026-06-09T06:45:48.760000,247
2026-06-09T06:45:48.929000,253
2026-06-09T06:45:49.088000,197
2026-06-09T06:45:49.255000,201
2026-06-09T06:45:49.418000,206
2026-06-09T06:45:49.578000,206
2026-06-09T06:45:49.739000,214
2026-06-09T06:45:49.900000,215
2026-06-09T06:45:50.057000,218
2026-06-09T06:45:50.214000,222
2026-06-09T06:45:50.379000,229
2026-06-09T06:45:50.542000,232
2026-06-09T06:45:50.704000,239
2026-06-09T06:45:50.882000,242
2026-06-09T06:45:51.057000,245
2026-06-09T06:45:51.225000,254
2026-06-09T06:45:51.379000,171
2026-06-09T06:45:51.524000,175
2026-06-09T06:45:51.667000,177
2026-06-09T06:45:51.816000,181
2026-06-09T06:45:51.964000,182
2026-06-09T06:45:52.109000,183
2026-06-09T06:45:52.259000,185
2026-06-09T06:45:52.406000,191
2026-06-09T06:45:52.564000,195
2026-06-09T06:45:52.726000,197
2026-06-09T06:45:52.887000,201
2026-06-09T06:45:53.049000,204
2026-06-09T06:45:53.216000,210
2026-06-09T06:45:53.378000,211
2026-06-09T06:45:53.532000,213
2026-06-09T06:45:53.693000,215
2026-06-09T06:45:53.855000,217
2026-06-09T06:45:54.012000,220
2026-06-09T06:45:54.169000,225
2026-06-09T06:45:54.336000,227
2026-06-09T06:45:54.499000,232
2026-06-09T06:45:54.663000,235
2026-06-09T06:45:54.838000,237
2026-06-09T06:45:55.006000,241
2026-06-09T06:45:55.180000,246
2026-06-09T06:45:55.372000,249
2026-06-09T06:45:55.543000,253
2026-06-09T06:45:55.713000,255
2026-06-09T06:45:55.859000,128
2026-06-09T06:45:56.003000,130
2026-06-09T06:45:56.144000,130
2026-06-09T06:45:56.288000,131
2026-06-09T06:45:56.432000,134
2026-06-09T06:45:56.574000,134
2026-06-09T06:45:56.718000,135
2026-06-09T06:45:56.862000,136
2026-06-09T06:45:57.001000,136
2026-06-09T06:45:57.141000,136
2026-06-09T06:45:57.283000,137
2026-06-09T06:45:57.426000,139
2026-06-09T06:45:57.567000,140
2026-06-09T06:45:57.709000,142
2026-06-09T06:45:57.859000,142
2026-06-09T06:45:58.001000,142
2026-06-09T06:45:58.146000,144
2026-06-09T06:45:58.295000,145
2026-06-09T06:45:58.438000,145
2026-06-09T06:45:58.581000,147
2026-06-09T06:45:58.722000,150
2026-06-09T06:45:58.871000,151
2026-06-09T06:45:59.017000,152
2026-06-09T06:45:59.159000,153
2026-06-09T06:45:59.300000,154
2026-06-09T06:45:59.441000,160
2026-06-09T06:45:59.594000,161
2026-06-09T06:45:59.738000,161
2026-06-09T06:45:59.881000,163
2026-06-09T06:46:00.026000,164
2026-06-09T06:46:00.174000,165
2026-06-09T06:46:00.318000,166
2026-06-09T06:46:00.461000,168
2026-06-09T06:46:00.605000,172
2026-06-09T06:46:00.754000,174
2026-06-09T06:46:00.902000,178
2026-06-09T06:46:01.045000,182
2026-06-09T06:46:01.196000,186
2026-06-09T06:46:01.342000,189
2026-06-09T06:46:01.486000,190
2026-06-09T06:46:01.672000,247
2026-06-09T06:46:01.832000,223
2026-06-09T06:46:01.998000,247
2026-06-09T06:46:02.152000,208
2026-06-09T06:46:02.318000,219
2026-06-09T06:46:02.475000,223
2026-06-09T06:46:02.638000,235
2026-06-09T06:46:02.810000,239
2026-06-09T06:46:02.977000,247
2026-06-09T06:46:03.149000,253
2026-06-09T06:46:03.311000,197
2026-06-09T06:46:03.468000,201
2026-06-09T06:46:03.636000,206
2026-06-09T06:46:03.799000,206
2026-06-09T06:46:03.959000,214
2026-06-09T06:46:04.123000,215
2026-06-09T06:46:04.285000,218
2026-06-09T06:46:04.441000,222
2026-06-09T06:46:04.628000,229
2026-06-09T06:46:04.791000,232
2026-06-09T06:46:04.954000,239
2026-06-09T06:46:05.128000,242
2026-06-09T06:46:05.301000,245
2026-06-09T06:46:05.466000,254
2026-06-09T06:46:05.610000,171
2026-06-09T06:46:05.759000,175
2026-06-09T06:46:05.908000,177
2026-06-09T06:46:06.055000,181
2026-06-09T06:46:06.200000,182
2026-06-09T06:46:06.349000,183
2026-06-09T06:46:06.496000,185
2026-06-09T06:46:06.648000,191
2026-06-09T06:46:06.812000,195
2026-06-09T06:46:06.975000,197
2026-06-09T06:46:07.136000,201
2026-06-09T06:46:07.293000,204
2026-06-09T06:46:07.449000,210
2026-06-09T06:46:07.609000,211
2026-06-09T06:46:07.764000,213
2026-06-09T06:46:07.925000,215
2026-06-09T06:46:08.087000,217
2026-06-09T06:46:08.247000,220
2026-06-09T06:46:08.407000,225
2026-06-09T06:46:08.576000,227
2026-06-09T06:46:08.738000,232
2026-06-09T06:46:08.900000,235
2026-06-09T06:46:09.066000,237
2026-06-09T06:46:09.230000,241
2026-06-09T06:46:09.405000,246
2026-06-09T06:46:09.594000,249
2026-06-09T06:46:09.761000,253
2026-06-09T06:46:09.931000,255
2026-06-09T06:46:10.069000,128
2026-06-09T06:46:10.209000,130
2026-06-09T06:46:10.349000,130
2026-06-09T06:46:10.498000,131
2026-06-09T06:46:10.640000,134
2026-06-09T06:46:10.781000,134
2026-06-09T06:46:10.922000,135
2026-06-09T06:46:11.065000,136
2026-06-09T06:46:11.204000,136
2026-06-09T06:46:11.352000,136
2026-06-09T06:46:11.500000,137
2026-06-09T06:46:11.641000,139
2026-06-09T06:46:11.782000,140
2026-06-09T06:46:11.927000,142
2026-06-09T06:46:12.072000,142
2026-06-09T06:46:12.214000,142
2026-06-09T06:46:12.356000,144
2026-06-09T06:46:12.503000,145
2026-06-09T06:46:12.644000,145
2026-06-09T06:46:12.786000,147
2026-06-09T06:46:12.929000,150
2026-06-09T06:46:13.077000,151
2026-06-09T06:46:13.225000,152
2026-06-09T06:46:13.371000,153
2026-06-09T06:46:13.517000,154
2026-06-09T06:46:13.663000,160
2026-06-09T06:46:13.807000,161
2026-06-09T06:46:13.964000,161
2026-06-09T06:46:14.109000,163
2026-06-09T06:46:14.252000,164
2026-06-09T06:46:14.395000,165
2026-06-09T06:46:14.543000,166
2026-06-09T06:46:14.686000,168
2026-06-09T06:46:14.834000,172
2026-06-09T06:46:14.984000,174
2026-06-09T06:46:15.131000,178
2026-06-09T06:46:15.275000,182
2026-06-09T06:46:15.422000,186
2026-06-09T06:46:15.572000,189
2026-06-09T06:46:15.717000,190
2026-06-09T06:46:15.893000,247
2026-06-09T06:46:16.054000,223
2026-06-09T06:46:16.227000,247
2026-06-09T06:46:16.382000,208
2026-06-09T06:46:16.543000,219
2026-06-09T06:46:16.699000,223
2026-06-09T06:46:16.865000,235
2026-06-09T06:46:17.030000,239
2026-06-09T06:46:17.198000,247
2026-06-09T06:46:17.369000,253
2026-06-09T06:46:17.532000,197
2026-06-09T06:46:17.693000,201
2026-06-09T06:46:17.859000,206
2026-06-09T06:46:18.026000,206
2026-06-09T06:46:18.193000,214
2026-06-09T06:46:18.357000,215
2026-06-09T06:46:18.519000,218
2026-06-09T06:46:18.677000,222
2026-06-09T06:46:18.838000,229
2026-06-09T06:46:19.004000,232
2026-06-09T06:46:19.171000,239
2026-06-09T06:46:19.345000,242
2026-06-09T06:46:19.525000,245
2026-06-09T06:46:19.695000,254
2026-06-09T06:46:19.854000,171
2026-06-09T06:46:20.005000,175
2026-06-09T06:46:20.155000,177
2026-06-09T06:46:20.304000,181
2026-06-09T06:46:20.446000,182
2026-06-09T06:46:20.590000,183
2026-06-09T06:46:20.743000,185
2026-06-09T06:46:20.887000,191
2026-06-09T06:46:21.044000,195
2026-06-09T06:46:21.206000,197
2026-06-09T06:46:21.369000,201
2026-06-09T06:46:21.528000,204
2026-06-09T06:46:21.689000,210
2026-06-09T06:46:21.851000,211
2026-06-09T06:46:22.008000,213
2026-06-09T06:46:22.168000,215
2026-06-09T06:46:22.329000,217
2026-06-09T06:46:22.488000,220
2026-06-09T06:46:22.644000,225
2026-06-09T06:46:22.801000,227
2026-06-09T06:46:22.973000,232
2026-06-09T06:46:23.140000,235
2026-06-09T06:46:23.310000,237
2026-06-09T06:46:23.497000,241
2026-06-09T06:46:23.669000,246
2026-06-09T06:46:23.852000,249
2026-06-09T06:46:24.030000,253
2026-06-09T06:46:24.197000,255
2026-06-09T06:46:24.337000,128
2026-06-09T06:46:24.481000,130
2026-06-09T06:46:24.622000,130
2026-06-09T06:46:24.763000,131
2026-06-09T06:46:24.906000,134
2026-06-09T06:46:25.052000,134
2026-06-09T06:46:25.198000,135
2026-06-09T06:46:25.344000,136
2026-06-09T06:46:25.486000,136
2026-06-09T06:46:25.635000,136
2026-06-09T06:46:25.778000,137
2026-06-09T06:46:25.919000,139
2026-06-09T06:46:26.061000,140
2026-06-09T06:46:26.203000,142
2026-06-09T06:46:26.356000,142
2026-06-09T06:46:26.500000,142
2026-06-09T06:46:26.642000,144
2026-06-09T06:46:26.788000,145
2026-06-09T06:46:26.932000,145
2026-06-09T06:46:27.075000,147
2026-06-09T06:46:27.217000,150
2026-06-09T06:46:27.370000,151
2026-06-09T06:46:27.514000,152
2026-06-09T06:46:27.658000,153
2026-06-09T06:46:27.802000,154
2026-06-09T06:46:27.949000,160
2026-06-09T06:46:28.096000,161
2026-06-09T06:46:28.246000,161
2026-06-09T06:46:28.391000,163
2026-06-09T06:46:28.537000,164
2026-06-09T06:46:28.684000,165
2026-06-09T06:46:28.828000,166
2026-06-09T06:46:28.978000,168
2026-06-09T06:46:29.128000,172
2026-06-09T06:46:29.275000,174
2026-06-09T06:46:29.419000,178
2026-06-09T06:46:29.564000,182
2026-06-09T06:46:29.712000,186
2026-06-09T06:46:29.863000,189
2026-06-09T06:46:30.011000,190
2026-06-09T06:46:30.188000,247
2026-06-09T06:46:30.346000,223
2026-06-09T06:46:30.523000,247
2026-06-09T06:46:30.684000,208
2026-06-09T06:46:30.843000,219
2026-06-09T06:46:31.005000,223
2026-06-09T06:46:31.176000,235
2026-06-09T06:46:31.339000,239
2026-06-09T06:46:31.509000,247
2026-06-09T06:46:31.683000,253
2026-06-09T06:46:31.843000,197
2026-06-09T06:46:32.007000,201
2026-06-09T06:46:32.172000,206
2026-06-09T06:46:32.331000,206
2026-06-09T06:46:32.488000,214
2026-06-09T06:46:32.648000,215
2026-06-09T06:46:32.802000,218
2026-06-09T06:46:32.960000,222
2026-06-09T06:46:33.128000,229
2026-06-09T06:46:33.293000,232
2026-06-09T06:46:33.460000,239
2026-06-09T06:46:33.641000,242
2026-06-09T06:46:33.824000,245
2026-06-09T06:46:33.998000,254
2026-06-09T06:46:34.149000,171
2026-06-09T06:46:34.295000,175
2026-06-09T06:46:34.442000,177
2026-06-09T06:46:34.593000,181
2026-06-09T06:46:34.739000,182
2026-06-09T06:46:34.884000,183
2026-06-09T06:46:35.036000,185
2026-06-09T06:46:35.185000,191
2026-06-09T06:46:35.344000,195
2026-06-09T06:46:35.506000,197
2026-06-09T06:46:35.669000,201
2026-06-09T06:46:35.830000,204
2026-06-09T06:46:35.988000,210
2026-06-09T06:46:36.147000,211
2026-06-09T06:46:36.304000,213
2026-06-09T06:46:36.462000,215
2026-06-09T06:46:36.620000,217
2026-06-09T06:46:36.776000,220
2026-06-09T06:46:36.930000,225
2026-06-09T06:46:37.097000,227
2026-06-09T06:46:37.260000,232
2026-06-09T06:46:37.421000,235
2026-06-09T06:46:37.594000,237
2026-06-09T06:46:37.758000,241
2026-06-09T06:46:37.936000,246
2026-06-09T06:46:38.129000,249
2026-06-09T06:46:38.306000,253
2026-06-09T06:46:38.488000,255
2026-06-09T06:46:38.626000,128
2026-06-09T06:46:38.767000,130
2026-06-09T06:46:38.910000,130
2026-06-09T06:46:39.055000,131
2026-06-09T06:46:39.196000,134
2026-06-09T06:46:39.336000,134
2026-06-09T06:46:39.477000,135
2026-06-09T06:46:39.621000,136
2026-06-09T06:46:39.761000,136
2026-06-09T06:46:39.902000,136
2026-06-09T06:46:40.050000,137
2026-06-09T06:46:40.192000,139
2026-06-09T06:46:40.334000,140
2026-06-09T06:46:40.477000,142
2026-06-09T06:46:40.622000,142
2026-06-09T06:46:40.762000,142
2026-06-09T06:46:40.901000,144
2026-06-09T06:46:41.049000,145
2026-06-09T06:46:41.189000,145
2026-06-09T06:46:41.330000,147
2026-06-09T06:46:41.473000,150
2026-06-09T06:46:41.619000,151
2026-06-09T06:46:41.761000,152
2026-06-09T06:46:41.907000,153
2026-06-09T06:46:42.055000,154
2026-06-09T06:46:42.199000,160
2026-06-09T06:46:42.343000,161
2026-06-09T06:46:42.493000,161
2026-06-09T06:46:42.637000,163
2026-06-09T06:46:42.780000,164
2026-06-09T06:46:42.928000,165
2026-06-09T06:46:43.079000,166
2026-06-09T06:46:43.229000,168
2026-06-09T06:46:43.377000,172
2026-06-09T06:46:43.526000,174
2026-06-09T06:46:43.673000,178
2026-06-09T06:46:43.818000,182
2026-06-09T06:46:43.970000,186
2026-06-09T06:46:44.121000,189
2026-06-09T06:46:44.268000,190
2026-06-09T06:46:44.446000,247
2026-06-09T06:46:44.610000,223
2026-06-09T06:46:44.783000,247
2026-06-09T06:46:44.939000,208
2026-06-09T06:46:45.098000,219
2026-06-09T06:46:45.254000,223
2026-06-09T06:46:45.418000,235
2026-06-09T06:46:45.589000,239
2026-06-09T06:46:45.760000,247
2026-06-09T06:46:45.932000,253
2026-06-09T06:46:46.094000,197
2026-06-09T06:46:46.254000,201
2026-06-09T06:46:46.416000,206
2026-06-09T06:46:46.580000,206
2026-06-09T06:46:46.734000,214
2026-06-09T06:46:46.892000,215
2026-06-09T06:46:47.052000,218
2026-06-09T06:46:47.212000,222
2026-06-09T06:46:47.372000,229
2026-06-09T06:46:47.546000,232
2026-06-09T06:46:47.712000,239
2026-06-09T06:46:47.884000,242
2026-06-09T06:46:48.068000,245
2026-06-09T06:46:48.241000,254
2026-06-09T06:46:48.391000,171
2026-06-09T06:46:48.541000,175
2026-06-09T06:46:48.686000,177
2026-06-09T06:46:48.830000,181
2026-06-09T06:46:48.980000,182
2026-06-09T06:46:49.128000,183
2026-06-09T06:46:49.274000,185
2026-06-09T06:46:49.425000,191
2026-06-09T06:46:49.588000,195
2026-06-09T06:46:49.746000,197
2026-06-09T06:46:49.905000,201
2026-06-09T06:46:50.072000,204
2026-06-09T06:46:50.230000,210
2026-06-09T06:46:50.386000,211
2026-06-09T06:46:50.552000,213
2026-06-09T06:46:50.710000,215
2026-06-09T06:46:50.866000,217
2026-06-09T06:46:51.026000,220
2026-06-09T06:46:51.185000,225
2026-06-09T06:46:51.343000,227
2026-06-09T06:46:51.509000,232
2026-06-09T06:46:51.676000,235
2026-06-09T06:46:51.840000,237
2026-06-09T06:46:52.009000,241
2026-06-09T06:46:52.186000,246
2026-06-09T06:46:52.381000,249
2026-06-09T06:46:52.565000,253
2026-06-09T06:46:52.745000,255
2026-06-09T06:46:52.888000,128
2026-06-09T06:46:53.035000,130
2026-06-09T06:46:53.183000,130
2026-06-09T06:46:53.327000,131
2026-06-09T06:46:53.470000,134
2026-06-09T06:46:53.615000,134
2026-06-09T06:46:53.756000,135
2026-06-09T06:46:53.896000,136
2026-06-09T06:46:54.046000,136
2026-06-09T06:46:54.187000,136
2026-06-09T06:46:54.328000,137
2026-06-09T06:46:54.471000,139
2026-06-09T06:46:54.617000,140
2026-06-09T06:46:54.760000,142
2026-06-09T06:46:54.903000,142
2026-06-09T06:46:55.053000,142
2026-06-09T06:46:55.194000,144
2026-06-09T06:46:55.336000,145
2026-06-09T06:46:55.481000,145
2026-06-09T06:46:55.631000,147
2026-06-09T06:46:55.771000,150
2026-06-09T06:46:55.914000,151
2026-06-09T06:46:56.062000,152
2026-06-09T06:46:56.203000,153
2026-06-09T06:46:56.345000,154
2026-06-09T06:46:56.492000,160
2026-06-09T06:46:56.638000,161
2026-06-09T06:46:56.783000,161
2026-06-09T06:46:56.929000,161
2026-06-09T06:46:57.077000,163
2026-06-09T06:46:57.220000,165
2026-06-09T06:46:57.364000,166
2026-06-09T06:46:57.512000,167
2026-06-09T06:46:57.658000,169
2026-06-09T06:46:57.802000,172
2026-06-09T06:46:57.954000,174
2026-06-09T06:46:58.109000,178
2026-06-09T06:46:58.258000,182
2026-06-09T06:46:58.403000,186
2026-06-09T06:46:58.562000,189
2026-06-09T06:46:58.715000,190
2026-06-09T06:46:58.881000,247
2026-06-09T06:46:59.046000,223
2026-06-09T06:46:59.220000,247
2026-06-09T06:46:59.376000,208
2026-06-09T06:46:59.547000,219
2026-06-09T06:46:59.706000,223
2026-06-09T06:46:59.865000,225
2026-06-09T06:47:00.042000,235
2026-06-09T06:47:00.209000,242
2026-06-09T06:47:00.374000,249
2026-06-09T06:47:00.542000,194
2026-06-09T06:47:00.701000,199
2026-06-09T06:47:00.859000,201
2026-06-09T06:47:01.023000,206
2026-06-09T06:47:01.196000,206
2026-06-09T06:47:01.354000,211
2026-06-09T06:47:01.513000,215
2026-06-09T06:47:01.684000,216
2026-06-09T06:47:01.856000,221
2026-06-09T06:47:02.020000,226
2026-06-09T06:47:02.193000,229
2026-06-09T06:47:02.355000,232
2026-06-09T06:47:02.528000,236
2026-06-09T06:47:02.696000,241
2026-06-09T06:47:02.878000,242
2026-06-09T06:47:03.056000,245
2026-06-09T06:47:03.243000,254
2026-06-09T06:47:03.392000,171
2026-06-09T06:47:03.550000,175
2026-06-09T06:47:03.698000,177
2026-06-09T06:47:03.847000,181
2026-06-09T06:47:03.990000,182
2026-06-09T06:47:04.134000,183
2026-06-09T06:47:04.297000,184
2026-06-09T06:47:04.444000,190
2026-06-09T06:47:04.601000,193
2026-06-09T06:47:04.764000,196
2026-06-09T06:47:04.929000,199
2026-06-09T06:47:05.094000,201
2026-06-09T06:47:05.256000,204
2026-06-09T06:47:05.417000,210
2026-06-09T06:47:05.577000,211
2026-06-09T06:47:05.733000,212
2026-06-09T06:47:05.894000,215
2026-06-09T06:47:06.058000,215
2026-06-09T06:47:06.217000,217
2026-06-09T06:47:06.376000,220
2026-06-09T06:47:06.540000,225
2026-06-09T06:47:06.703000,227
2026-06-09T06:47:06.866000,232
2026-06-09T06:47:07.034000,233
2026-06-09T06:47:07.204000,237
2026-06-09T06:47:07.374000,238
2026-06-09T06:47:07.544000,244
2026-06-09T06:47:07.721000,248
2026-06-09T06:47:07.893000,250
2026-06-09T06:47:08.067000,253
2026-06-09T06:47:08.243000,255
2026-06-09T06:47:08.377000,127
2026-06-09T06:47:08.524000,130
2026-06-09T06:47:08.663000,130
2026-06-09T06:47:08.804000,130
2026-06-09T06:47:08.945000,133
2026-06-09T06:47:09.093000,134
2026-06-09T06:47:09.235000,135
2026-06-09T06:47:09.388000,135
2026-06-09T06:47:09.534000,136
2026-06-09T06:47:09.679000,136
2026-06-09T06:47:09.824000,136
2026-06-09T06:47:09.971000,137
2026-06-09T06:47:10.119000,137
2026-06-09T06:47:10.270000,139
2026-06-09T06:47:10.413000,140
2026-06-09T06:47:10.574000,142
2026-06-09T06:47:10.723000,142
2026-06-09T06:47:10.871000,142
2026-06-09T06:47:11.018000,144
2026-06-09T06:47:11.165000,145
2026-06-09T06:47:11.315000,145
2026-06-09T06:47:11.468000,145
2026-06-09T06:47:11.621000,147
2026-06-09T06:47:11.765000,149
2026-06-09T06:47:11.921000,150
2026-06-09T06:47:12.074000,152
2026-06-09T06:47:12.220000,153
2026-06-09T06:47:12.363000,153
2026-06-09T06:47:12.518000,158
2026-06-09T06:47:12.667000,160
2026-06-09T06:47:12.816000,161
2026-06-09T06:47:12.964000,161
2026-06-09T06:47:13.115000,163
2026-06-09T06:47:13.268000,164
2026-06-09T06:47:13.419000,165
2026-06-09T06:47:13.572000,166
2026-06-09T06:47:13.727000,168
2026-06-09T06:47:13.880000,172
2026-06-09T06:47:14.030000,174
2026-06-09T06:47:14.180000,178
2026-06-09T06:47:14.329000,182
2026-06-09T06:47:14.495000,186
2026-06-09T06:47:14.646000,186
2026-06-09T06:47:14.803000,190
2026-06-09T06:47:14.949000,190
2026-06-09T06:47:15.202000,190
2026-06-09T06:47:15.394000,247
2026-06-09T06:47:15.554000,223
2026-06-09T06:47:15.725000,234
2026-06-09T06:47:15.898000,254
2026-06-09T06:47:16.068000,208
2026-06-09T06:47:16.234000,219
2026-06-09T06:47:16.405000,221
2026-06-09T06:47:16.570000,223
2026-06-09T06:47:16.736000,225
2026-06-09T06:47:16.911000,235
2026-06-09T06:47:17.082000,239
2026-06-09T06:47:17.256000,242
2026-06-09T06:47:17.436000,249
2026-06-09T06:47:17.610000,253
2026-06-09T06:47:17.772000,197
2026-06-09T06:47:17.948000,201
2026-06-09T06:47:18.114000,203
2026-06-09T06:47:18.284000,206
2026-06-09T06:47:18.450000,206
2026-06-09T06:47:18.619000,214
2026-06-09T06:47:18.785000,215
2026-06-09T06:47:18.946000,216
2026-06-09T06:47:19.113000,218
2026-06-09T06:47:19.282000,222
2026-06-09T06:47:19.445000,226
2026-06-09T06:47:19.616000,229
2026-06-09T06:47:19.781000,232
2026-06-09T06:47:19.958000,236
2026-06-09T06:47:20.136000,241
2026-06-09T06:47:20.315000,242
2026-06-09T06:47:20.484000,245
2026-06-09T06:47:20.658000,254
2026-06-09T06:47:20.814000,171
2026-06-09T06:47:20.963000,174
2026-06-09T06:47:21.120000,177
2026-06-09T06:47:21.283000,180
2026-06-09T06:47:21.434000,181
2026-06-09T06:47:21.584000,181
2026-06-09T06:47:21.743000,183
2026-06-09T06:47:21.899000,184
2026-06-09T06:47:22.053000,185
2026-06-09T06:47:22.210000,190
2026-06-09T06:47:22.388000,193
2026-06-09T06:47:22.556000,196
2026-06-09T06:47:22.725000,197
2026-06-09T06:47:22.901000,201
2026-06-09T06:47:23.075000,202
2026-06-09T06:47:23.250000,204
2026-06-09T06:47:23.406000,210
2026-06-09T06:47:23.574000,211
2026-06-09T06:47:23.735000,212
2026-06-09T06:47:23.896000,215
2026-06-09T06:47:24.054000,217
2026-06-09T06:47:24.221000,217
2026-06-09T06:47:24.394000,220
2026-06-09T06:47:24.579000,225
2026-06-09T06:47:24.744000,227
2026-06-09T06:47:24.909000,230
2026-06-09T06:47:25.074000,233
2026-06-09T06:47:25.245000,237
2026-06-09T06:47:25.440000,238
2026-06-09T06:47:25.609000,241
2026-06-09T06:47:25.790000,246
2026-06-09T06:47:25.961000,248
2026-06-09T06:47:26.139000,249
2026-06-09T06:47:26.312000,253
2026-06-09T06:47:26.484000,255
2026-06-09T06:47:26.614000,127
2026-06-09T06:47:26.752000,128
2026-06-09T06:47:26.896000,130
2026-06-09T06:47:27.042000,130
2026-06-09T06:47:27.187000,130
2026-06-09T06:47:27.335000,130
2026-06-09T06:47:27.487000,131
2026-06-09T06:47:27.633000,134
2026-06-09T06:47:27.777000,134
2026-06-09T06:47:27.927000,135
2026-06-09T06:47:28.084000,135
2026-06-09T06:47:28.232000,136
2026-06-09T06:47:28.381000,136
2026-06-09T06:47:28.529000,136
2026-06-09T06:47:28.673000,137
2026-06-09T06:47:28.820000,137
2026-06-09T06:47:28.976000,138
2026-06-09T06:47:29.134000,139
2026-06-09T06:47:29.280000,140
2026-06-09T06:47:29.426000,141
2026-06-09T06:47:29.574000,142
2026-06-09T06:47:29.729000,142
2026-06-09T06:47:29.883000,142
2026-06-09T06:47:30.035000,142
2026-06-09T06:47:30.182000,144
2026-06-09T06:47:30.336000,145
2026-06-09T06:47:30.491000,145
2026-06-09T06:47:30.639000,147
2026-06-09T06:47:30.791000,147
2026-06-09T06:47:30.944000,149
2026-06-09T06:47:31.093000,150
2026-06-09T06:47:31.243000,151
2026-06-09T06:47:31.391000,152
2026-06-09T06:47:31.536000,153
2026-06-09T06:47:31.682000,153
2026-06-09T06:47:31.838000,158
2026-06-09T06:47:31.997000,160
2026-06-09T06:47:32.148000,161
2026-06-09T06:47:32.302000,161
2026-06-09T06:47:32.458000,161
2026-06-09T06:47:32.608000,163
2026-06-09T06:47:32.761000,165
2026-06-09T06:47:32.932000,165
2026-06-09T06:47:33.085000,166
2026-06-09T06:47:33.243000,167
2026-06-09T06:47:33.398000,169
2026-06-09T06:47:33.547000,172
2026-06-09T06:47:33.697000,172
2026-06-09T06:47:33.851000,175
2026-06-09T06:47:34.012000,180
2026-06-09T06:47:34.172000,182
2026-06-09T06:47:34.322000,185
2026-06-09T06:47:34.478000,186
2026-06-09T06:47:34.627000,190
2026-06-09T06:47:34.780000,190
2026-06-09T06:47:34.942000,190
2026-06-09T06:47:35.128000,247
2026-06-09T06:47:35.298000,223
2026-06-09T06:47:35.472000,234
2026-06-09T06:47:35.657000,247
2026-06-09T06:47:35.853000,254
2026-06-09T06:47:36.023000,208
2026-06-09T06:47:36.184000,211
2026-06-09T06:47:36.350000,219
2026-06-09T06:47:36.519000,223
2026-06-09T06:47:36.675000,225
2026-06-09T06:47:36.848000,235
2026-06-09T06:47:37.036000,242
2026-06-09T06:47:37.210000,247
2026-06-09T06:47:37.388000,249
2026-06-09T06:47:37.557000,194
2026-06-09T06:47:37.733000,199
2026-06-09T06:47:37.903000,201
2026-06-09T06:47:38.079000,203
2026-06-09T06:47:38.255000,206
2026-06-09T06:47:38.429000,206
2026-06-09T06:47:38.592000,211
2026-06-09T06:47:38.758000,214
2026-06-09T06:47:38.924000,215
2026-06-09T06:47:39.090000,216
2026-06-09T06:47:39.266000,218
2026-06-09T06:47:39.438000,222
2026-06-09T06:47:39.603000,226
2026-06-09T06:47:39.774000,230
2026-06-09T06:47:39.942000,232
2026-06-09T06:47:40.114000,236
2026-06-09T06:47:40.293000,241
2026-06-09T06:47:40.466000,242
2026-06-09T06:47:40.646000,245
2026-06-09T06:47:40.827000,254
2026-06-09T06:47:40.982000,171
2026-06-09T06:47:41.140000,174
2026-06-09T06:47:41.285000,175
2026-06-09T06:47:41.434000,177
2026-06-09T06:47:41.591000,180
2026-06-09T06:47:41.744000,181
2026-06-09T06:47:41.890000,183
2026-06-09T06:47:42.050000,183
2026-06-09T06:47:42.200000,185
2026-06-09T06:47:42.346000,190
2026-06-09T06:47:42.520000,193
2026-06-09T06:47:42.687000,195
2026-06-09T06:47:42.856000,197
2026-06-09T06:47:43.022000,201
2026-06-09T06:47:43.192000,202
2026-06-09T06:47:43.355000,204
2026-06-09T06:47:43.519000,210
2026-06-09T06:47:43.677000,211
2026-06-09T06:47:43.838000,211
2026-06-09T06:47:44.005000,213
2026-06-09T06:47:44.169000,215
2026-06-09T06:47:44.332000,217
2026-06-09T06:47:44.498000,219
2026-06-09T06:47:44.671000,224
2026-06-09T06:47:44.832000,225
2026-06-09T06:47:44.994000,227
2026-06-09T06:47:45.161000,230
2026-06-09T06:47:45.331000,233
2026-06-09T06:47:45.505000,237
2026-06-09T06:47:45.679000,237
2026-06-09T06:47:45.841000,238
2026-06-09T06:47:46.015000,241
2026-06-09T06:47:46.187000,246
2026-06-09T06:47:46.358000,249
2026-06-09T06:47:46.544000,250
2026-06-09T06:47:46.722000,255
2026-06-09T06:47:46.892000,255
2026-06-09T06:47:47.039000,128
2026-06-09T06:47:47.187000,130
2026-06-09T06:47:47.341000,130
2026-06-09T06:47:47.492000,130
2026-06-09T06:47:47.638000,131
2026-06-09T06:47:47.782000,133
2026-06-09T06:47:47.938000,134
2026-06-09T06:47:48.089000,134
2026-06-09T06:47:48.235000,134
2026-06-09T06:47:48.378000,135
2026-06-09T06:47:48.521000,135
2026-06-09T06:47:48.663000,136
2026-06-09T06:47:48.810000,136
2026-06-09T06:47:48.954000,136
2026-06-09T06:47:49.099000,136
2026-06-09T06:47:49.242000,137
2026-06-09T06:47:49.389000,137
2026-06-09T06:47:49.537000,138
2026-06-09T06:47:49.681000,139
2026-06-09T06:47:49.825000,140
2026-06-09T06:47:49.979000,142
2026-06-09T06:47:50.126000,142
2026-06-09T06:47:50.270000,142
2026-06-09T06:47:50.416000,143
2026-06-09T06:47:50.567000,144
2026-06-09T06:47:50.706000,145
2026-06-09T06:47:50.850000,145
2026-06-09T06:47:50.996000,147
2026-06-09T06:47:51.148000,149
2026-06-09T06:47:51.297000,150
2026-06-09T06:47:51.449000,152
2026-06-09T06:47:51.602000,153
2026-06-09T06:47:51.751000,153
2026-06-09T06:47:51.896000,158
2026-06-09T06:47:52.061000,160
2026-06-09T06:47:52.206000,161
2026-06-09T06:47:52.353000,161
2026-06-09T06:47:52.501000,163
2026-06-09T06:47:52.649000,164
2026-06-09T06:47:52.798000,165
2026-06-09T06:47:52.953000,166
2026-06-09T06:47:53.109000,167
2026-06-09T06:47:53.265000,169
2026-06-09T06:47:53.419000,172
2026-06-09T06:47:53.577000,175
2026-06-09T06:47:53.720000,180
2026-06-09T06:47:53.867000,185
2026-06-09T06:47:54.022000,186
2026-06-09T06:47:54.170000,190
2026-06-09T06:47:54.318000,190
2026-06-09T06:47:54.469000,190
2026-06-09T06:47:54.641000,247
2026-06-09T06:47:54.804000,223
2026-06-09T06:47:54.979000,234
2026-06-09T06:47:55.160000,247
2026-06-09T06:47:55.367000,254
2026-06-09T06:47:55.529000,208
2026-06-09T06:47:55.691000,211
2026-06-09T06:47:55.856000,219
2026-06-09T06:47:56.021000,221
2026-06-09T06:47:56.187000,223
2026-06-09T06:47:56.369000,225
2026-06-09T06:47:56.546000,235
2026-06-09T06:47:56.718000,239
2026-06-09T06:47:56.892000,242
2026-06-09T06:47:57.064000,249
2026-06-09T06:47:57.230000,194
2026-06-09T06:47:57.389000,199
2026-06-09T06:47:57.562000,203
2026-06-09T06:47:57.726000,206
2026-06-09T06:47:57.890000,211
2026-06-09T06:47:58.058000,215
2026-06-09T06:47:58.229000,215
2026-06-09T06:47:58.394000,218
2026-06-09T06:47:58.579000,221
2026-06-09T06:47:58.753000,226
2026-06-09T06:47:58.927000,230
2026-06-09T06:47:59.105000,236
2026-06-09T06:47:59.270000,241
2026-06-09T06:47:59.444000,242
2026-06-09T06:47:59.615000,242
2026-06-09T06:47:59.781000,248
2026-06-09T06:47:59.926000,171
2026-06-09T06:48:00.073000,174
2026-06-09T06:48:00.232000,175
2026-06-09T06:48:00.383000,177
2026-06-09T06:48:00.529000,180
2026-06-09T06:48:00.677000,181
2026-06-09T06:48:00.831000,182
2026-06-09T06:48:00.982000,183
2026-06-09T06:48:01.133000,184
2026-06-09T06:48:01.286000,190
2026-06-09T06:48:01.451000,193
2026-06-09T06:48:01.622000,195
2026-06-09T06:48:01.786000,197
2026-06-09T06:48:01.953000,201
2026-06-09T06:48:02.114000,204
2026-06-09T06:48:02.280000,210
2026-06-09T06:48:02.442000,211
2026-06-09T06:48:02.606000,212
2026-06-09T06:48:02.775000,215
2026-06-09T06:48:02.941000,217
2026-06-09T06:48:03.111000,219
2026-06-09T06:48:03.278000,220
2026-06-09T06:48:03.439000,224
2026-06-09T06:48:03.600000,225
2026-06-09T06:48:03.770000,227
2026-06-09T06:48:03.943000,232
2026-06-09T06:48:04.130000,235
2026-06-09T06:48:04.303000,237
2026-06-09T06:48:04.472000,237
2026-06-09T06:48:04.633000,238
2026-06-09T06:48:04.809000,244
2026-06-09T06:48:04.981000,248
2026-06-09T06:48:05.155000,250
2026-06-09T06:48:05.330000,253
2026-06-09T06:48:05.502000,255
2026-06-09T06:48:05.645000,128
2026-06-09T06:48:05.792000,130
2026-06-09T06:48:05.936000,130
2026-06-09T06:48:06.084000,130
2026-06-09T06:48:06.229000,133
2026-06-09T06:48:06.379000,134
2026-06-09T06:48:06.520000,134
2026-06-09T06:48:06.660000,135
2026-06-09T06:48:06.809000,135
2026-06-09T06:48:06.952000,136
2026-06-09T06:48:07.093000,136
2026-06-09T06:48:07.240000,137
2026-06-09T06:48:07.388000,138
2026-06-09T06:48:07.530000,139
2026-06-09T06:48:07.675000,140
2026-06-09T06:48:07.829000,141
2026-06-09T06:48:07.974000,142
2026-06-09T06:48:08.130000,142
2026-06-09T06:48:08.278000,142
2026-06-09T06:48:08.423000,144
2026-06-09T06:48:08.569000,145
2026-06-09T06:48:08.715000,145
2026-06-09T06:48:08.874000,147
2026-06-09T06:48:09.016000,149
2026-06-09T06:48:09.161000,150
2026-06-09T06:48:09.310000,151
2026-06-09T06:48:09.452000,152
2026-06-09T06:48:09.604000,153
2026-06-09T06:48:09.752000,154
2026-06-09T06:48:09.905000,160
2026-06-09T06:48:10.051000,161
2026-06-09T06:48:10.199000,161
2026-06-09T06:48:10.347000,163
2026-06-09T06:48:10.499000,163
2026-06-09T06:48:10.646000,165
2026-06-09T06:48:10.794000,165
2026-06-09T06:48:10.951000,166
2026-06-09T06:48:11.096000,168
2026-06-09T06:48:11.251000,172
2026-06-09T06:48:11.398000,174
2026-06-09T06:48:11.545000,178
2026-06-09T06:48:11.689000,182
2026-06-09T06:48:11.846000,185
2026-06-09T06:48:11.997000,186
2026-06-09T06:48:12.144000,189
2026-06-09T06:48:12.297000,190
2026-06-09T06:48:12.447000,190
2026-06-09T06:48:12.613000,247
2026-06-09T06:48:12.776000,223
2026-06-09T06:48:12.950000,247
2026-06-09T06:48:13.108000,208
2026-06-09T06:48:13.275000,219
2026-06-09T06:48:13.437000,223
2026-06-09T06:48:13.608000,235
2026-06-09T06:48:13.794000,239
2026-06-09T06:48:13.972000,247
2026-06-09T06:48:14.141000,253
2026-06-09T06:48:14.316000,197
2026-06-09T06:48:14.478000,199
2026-06-09T06:48:14.645000,203
2026-06-09T06:48:14.807000,206
2026-06-09T06:48:14.970000,206
2026-06-09T06:48:15.126000,214
2026-06-09T06:48:15.283000,215
2026-06-09T06:48:15.444000,218
2026-06-09T06:48:15.608000,222
2026-06-09T06:48:15.769000,229
2026-06-09T06:48:15.935000,232
2026-06-09T06:48:16.104000,239
2026-06-09T06:48:16.273000,242
2026-06-09T06:48:16.443000,245
2026-06-09T06:48:16.624000,254
2026-06-09T06:48:16.770000,171
2026-06-09T06:48:16.918000,175
2026-06-09T06:48:17.063000,177
2026-06-09T06:48:17.213000,181
2026-06-09T06:48:17.364000,182
2026-06-09T06:48:17.509000,183
2026-06-09T06:48:17.657000,185
2026-06-09T06:48:17.806000,190
2026-06-09T06:48:17.968000,193
2026-06-09T06:48:18.127000,196
2026-06-09T06:48:18.291000,199
2026-06-09T06:48:18.455000,202
2026-06-09T06:48:18.622000,206
2026-06-09T06:48:18.779000,211
2026-06-09T06:48:18.937000,212
2026-06-09T06:48:19.103000,215
2026-06-09T06:48:19.264000,217
2026-06-09T06:48:19.427000,219
2026-06-09T06:48:19.583000,224
2026-06-09T06:48:19.744000,227
2026-06-09T06:48:19.910000,230
2026-06-09T06:48:20.079000,233
2026-06-09T06:48:20.246000,237
2026-06-09T06:48:20.413000,238
2026-06-09T06:48:20.579000,244
2026-06-09T06:48:20.748000,248
2026-06-09T06:48:20.948000,250
2026-06-09T06:48:21.118000,255
2026-06-09T06:48:21.245000,127
2026-06-09T06:48:21.392000,130
2026-06-09T06:48:21.530000,130
2026-06-09T06:48:21.669000,130
2026-06-09T06:48:21.810000,133
2026-06-09T06:48:21.952000,134
2026-06-09T06:48:22.095000,135
2026-06-09T06:48:22.240000,135
2026-06-09T06:48:22.386000,136
2026-06-09T06:48:22.530000,136
2026-06-09T06:48:22.672000,137
2026-06-09T06:48:22.816000,137
2026-06-09T06:48:22.960000,139
2026-06-09T06:48:23.106000,140
2026-06-09T06:48:23.251000,142
2026-06-09T06:48:23.402000,142
2026-06-09T06:48:23.544000,142
2026-06-09T06:48:23.717000,144
2026-06-09T06:48:23.861000,145
2026-06-09T06:48:24.005000,145
2026-06-09T06:48:24.147000,147
2026-06-09T06:48:24.294000,149
2026-06-09T06:48:24.442000,150
2026-06-09T06:48:24.593000,152
2026-06-09T06:48:24.736000,153
2026-06-09T06:48:24.881000,153
2026-06-09T06:48:25.029000,158
2026-06-09T06:48:25.179000,160
2026-06-09T06:48:25.330000,161
2026-06-09T06:48:25.475000,161
2026-06-09T06:48:25.636000,163
2026-06-09T06:48:25.792000,164
2026-06-09T06:48:25.944000,165
2026-06-09T06:48:26.097000,166
2026-06-09T06:48:26.251000,168
2026-06-09T06:48:26.399000,172
2026-06-09T06:48:26.549000,174
2026-06-09T06:48:26.696000,178
2026-06-09T06:48:26.847000,182
2026-06-09T06:48:26.997000,186
2026-06-09T06:48:27.144000,189
2026-06-09T06:48:27.292000,190
2026-06-09T06:48:27.462000,247
2026-06-09T06:48:27.631000,223
2026-06-09T06:48:27.797000,247
2026-06-09T06:48:27.960000,208
2026-06-09T06:48:28.122000,219
2026-06-09T06:48:28.281000,223
2026-06-09T06:48:28.453000,235
2026-06-09T06:48:28.623000,239
2026-06-09T06:48:28.789000,247
2026-06-09T06:48:28.964000,253
2026-06-09T06:48:29.130000,197
2026-06-09T06:48:29.289000,201
2026-06-09T06:48:29.452000,206
2026-06-09T06:48:29.616000,206
2026-06-09T06:48:29.775000,214
2026-06-09T06:48:29.935000,215
2026-06-09T06:48:30.101000,218
2026-06-09T06:48:30.259000,222
2026-06-09T06:48:30.418000,229
2026-06-09T06:48:30.586000,232
2026-06-09T06:48:30.774000,239
2026-06-09T06:48:30.944000,242
2026-06-09T06:48:31.107000,245
2026-06-09T06:48:31.305000,254
2026-06-09T06:48:31.454000,171
2026-06-09T06:48:31.600000,175
2026-06-09T06:48:31.747000,177
2026-06-09T06:48:31.897000,181
2026-06-09T06:48:32.044000,182
2026-06-09T06:48:32.192000,183
2026-06-09T06:48:32.346000,185
2026-06-09T06:48:32.494000,191
2026-06-09T06:48:32.658000,195
2026-06-09T06:48:32.829000,196
2026-06-09T06:48:32.991000,199
2026-06-09T06:48:33.161000,202
2026-06-09T06:48:33.327000,206
2026-06-09T06:48:33.488000,211
2026-06-09T06:48:33.652000,212
2026-06-09T06:48:33.813000,213
2026-06-09T06:48:33.975000,215
2026-06-09T06:48:34.134000,217
2026-06-09T06:48:34.302000,220
2026-06-09T06:48:34.462000,225
2026-06-09T06:48:34.631000,227
2026-06-09T06:48:34.797000,232
2026-06-09T06:48:34.970000,235
2026-06-09T06:48:35.134000,237
2026-06-09T06:48:35.304000,241
2026-06-09T06:48:35.475000,246
2026-06-09T06:48:35.646000,249
2026-06-09T06:48:35.823000,250
2026-06-09T06:48:35.995000,255
2026-06-09T06:48:36.115000,127
2026-06-09T06:48:36.260000,130
2026-06-09T06:48:36.404000,130
2026-06-09T06:48:36.547000,130
2026-06-09T06:48:36.689000,133
2026-06-09T06:48:36.834000,134
2026-06-09T06:48:36.973000,134
2026-06-09T06:48:37.114000,135
2026-06-09T06:48:37.255000,136
2026-06-09T06:48:37.401000,136
2026-06-09T06:48:37.546000,136
2026-06-09T06:48:37.691000,137
2026-06-09T06:48:37.839000,138
2026-06-09T06:48:37.983000,139
2026-06-09T06:48:38.128000,141
2026-06-09T06:48:38.277000,142
2026-06-09T06:48:38.422000,142
2026-06-09T06:48:38.570000,143
2026-06-09T06:48:38.716000,145
2026-06-09T06:48:38.863000,145
2026-06-09T06:48:39.004000,147
2026-06-09T06:48:39.149000,149
2026-06-09T06:48:39.301000,150
2026-06-09T06:48:39.449000,152
2026-06-09T06:48:39.600000,153
2026-06-09T06:48:39.747000,153
2026-06-09T06:48:39.895000,158
2026-06-09T06:48:40.040000,160
2026-06-09T06:48:40.186000,161
2026-06-09T06:48:40.342000,161
2026-06-09T06:48:40.488000,163
2026-06-09T06:48:40.638000,165
2026-06-09T06:48:40.786000,165
2026-06-09T06:48:40.936000,166
2026-06-09T06:48:41.080000,168
2026-06-09T06:48:41.227000,172
2026-06-09T06:48:41.378000,174
2026-06-09T06:48:41.526000,178
2026-06-09T06:48:41.674000,182
2026-06-09T06:48:41.828000,186
2026-06-09T06:48:41.975000,189
2026-06-09T06:48:42.123000,190
2026-06-09T06:48:42.292000,247
2026-06-09T06:48:42.454000,223
2026-06-09T06:48:42.626000,247
2026-06-09T06:48:42.785000,208
2026-06-09T06:48:42.946000,219
2026-06-09T06:48:43.111000,223
2026-06-09T06:48:43.281000,235
2026-06-09T06:48:43.448000,239
2026-06-09T06:48:43.621000,247
2026-06-09T06:48:43.792000,253
2026-06-09T06:48:43.960000,197
2026-06-09T06:48:44.120000,201
2026-06-09T06:48:44.285000,206
2026-06-09T06:48:44.448000,206
2026-06-09T06:48:44.611000,214
2026-06-09T06:48:44.772000,215
2026-06-09T06:48:44.933000,218
2026-06-09T06:48:45.096000,222
2026-06-09T06:48:45.257000,229
2026-06-09T06:48:45.423000,232
2026-06-09T06:48:45.585000,239
2026-06-09T06:48:45.755000,242
2026-06-09T06:48:45.925000,245
2026-06-09T06:48:46.099000,254
2026-06-09T06:48:46.249000,171
2026-06-09T06:48:46.399000,175
2026-06-09T06:48:46.548000,177
2026-06-09T06:48:46.697000,181
2026-06-09T06:48:46.848000,182
2026-06-09T06:48:46.993000,183
2026-06-09T06:48:47.136000,185
2026-06-09T06:48:47.284000,191
2026-06-09T06:48:47.446000,195
2026-06-09T06:48:47.614000,197
2026-06-09T06:48:47.777000,201
2026-06-09T06:48:47.941000,204
2026-06-09T06:48:48.102000,210
2026-06-09T06:48:48.273000,211
2026-06-09T06:48:48.432000,213
2026-06-09T06:48:48.596000,215
2026-06-09T06:48:48.757000,217
2026-06-09T06:48:48.924000,220
2026-06-09T06:48:49.084000,225
2026-06-09T06:48:49.258000,227
2026-06-09T06:48:49.422000,232
2026-06-09T06:48:49.589000,233
2026-06-09T06:48:49.756000,237
2026-06-09T06:48:49.926000,238
2026-06-09T06:48:50.107000,241
2026-06-09T06:48:50.282000,246
2026-06-09T06:48:50.451000,249
2026-06-09T06:48:50.623000,250
2026-06-09T06:48:50.795000,255
2026-06-09T06:48:50.919000,127
2026-06-09T06:48:51.065000,130
2026-06-09T06:48:51.212000,130
2026-06-09T06:48:51.365000,130
2026-06-09T06:48:51.507000,133
2026-06-09T06:48:51.653000,134
2026-06-09T06:48:51.798000,134
2026-06-09T06:48:51.947000,135
2026-06-09T06:48:52.089000,136
2026-06-09T06:48:52.243000,136
2026-06-09T06:48:52.396000,136
2026-06-09T06:48:52.548000,136
2026-06-09T06:48:52.699000,137
2026-06-09T06:48:52.853000,139
2026-06-09T06:48:53.004000,139
2026-06-09T06:48:53.151000,141
2026-06-09T06:48:53.303000,142
2026-06-09T06:48:53.451000,142
2026-06-09T06:48:53.598000,142
2026-06-09T06:48:53.747000,144
2026-06-09T06:48:53.890000,145
2026-06-09T06:48:54.032000,145
2026-06-09T06:48:54.175000,147
2026-06-09T06:48:54.329000,150
2026-06-09T06:48:54.472000,151
2026-06-09T06:48:54.625000,152
2026-06-09T06:48:54.784000,152
2026-06-09T06:48:54.935000,153
2026-06-09T06:48:55.085000,154
2026-06-09T06:48:55.238000,160
2026-06-09T06:48:55.389000,161
2026-06-09T06:48:55.535000,161
2026-06-09T06:48:55.686000,161
2026-06-09T06:48:55.837000,163
2026-06-09T06:48:55.985000,163
2026-06-09T06:48:56.131000,164
2026-06-09T06:48:56.283000,165
2026-06-09T06:48:56.438000,166
2026-06-09T06:48:56.591000,168
2026-06-09T06:48:56.749000,172
2026-06-09T06:48:56.908000,174
2026-06-09T06:48:57.063000,178
2026-06-09T06:48:57.214000,180
2026-06-09T06:48:57.371000,182
2026-06-09T06:48:57.520000,186
2026-06-09T06:48:57.673000,186
2026-06-09T06:48:57.825000,189
2026-06-09T06:48:57.979000,190
2026-06-09T06:48:58.134000,190
2026-06-09T06:48:58.312000,247
2026-06-09T06:48:58.486000,223
2026-06-09T06:48:58.661000,247
2026-06-09T06:48:58.841000,254
2026-06-09T06:48:59.005000,208
2026-06-09T06:48:59.168000,211
2026-06-09T06:48:59.334000,221
2026-06-09T06:48:59.522000,225
2026-06-09T06:48:59.688000,235
2026-06-09T06:48:59.858000,242
2026-06-09T06:49:00.048000,249
2026-06-09T06:49:00.220000,253
2026-06-09T06:49:00.403000,197
2026-06-09T06:49:00.567000,199
2026-06-09T06:49:00.739000,203
2026-06-09T06:49:00.906000,206
2026-06-09T06:49:01.067000,211
2026-06-09T06:49:01.236000,214
2026-06-09T06:49:01.404000,215
2026-06-09T06:49:01.564000,216
2026-06-09T06:49:01.739000,218
2026-06-09T06:49:01.905000,222
2026-06-09T06:49:02.096000,226
2026-06-09T06:49:02.269000,230
2026-06-09T06:49:02.447000,232
2026-06-09T06:49:02.621000,236
2026-06-09T06:49:02.790000,239
2026-06-09T06:49:02.971000,241
2026-06-09T06:49:03.147000,242
2026-06-09T06:49:03.326000,245
2026-06-09T06:49:03.503000,248
2026-06-09T06:49:03.681000,254
2026-06-09T06:49:03.840000,171
2026-06-09T06:49:04,171
2026-06-09T06:49:04.154000,174
2026-06-09T06:49:04.309000,175
2026-06-09T06:49:04.461000,177
2026-06-09T06:49:04.617000,180
2026-06-09T06:49:04.771000,181
2026-06-09T06:49:04.930000,182
2026-06-09T06:49:05.084000,183
2026-06-09T06:49:05.235000,183
2026-06-09T06:49:05.385000,184
2026-06-09T06:49:05.544000,190
2026-06-09T06:49:05.699000,191
2026-06-09T06:49:05.860000,193
2026-06-09T06:49:06.033000,196
2026-06-09T06:49:06.204000,199
2026-06-09T06:49:06.374000,201
2026-06-09T06:49:06.559000,202
2026-06-09T06:49:06.727000,204
2026-06-09T06:49:06.886000,210
2026-06-09T06:49:07.049000,211
2026-06-09T06:49:07.217000,212
2026-06-09T06:49:07.382000,215
2026-06-09T06:49:07.545000,217
2026-06-09T06:49:07.707000,217
2026-06-09T06:49:07.870000,220
2026-06-09T06:49:08.035000,225
2026-06-09T06:49:08.201000,227
2026-06-09T06:49:08.370000,230
2026-06-09T06:49:08.544000,233
2026-06-09T06:49:08.715000,235
2026-06-09T06:49:08.882000,237
2026-06-09T06:49:09.049000,238
2026-06-09T06:49:09.233000,244
2026-06-09T06:49:09.397000,246
2026-06-09T06:49:09.574000,248
2026-06-09T06:49:09.750000,250
2026-06-09T06:49:09.931000,255
2026-06-09T06:49:10.061000,127
2026-06-09T06:49:10.201000,128
2026-06-09T06:49:10.352000,130
2026-06-09T06:49:10.500000,130
2026-06-09T06:49:10.652000,130
2026-06-09T06:49:10.794000,130
2026-06-09T06:49:10.944000,133
2026-06-09T06:49:11.090000,134
2026-06-09T06:49:11.241000,135
2026-06-09T06:49:11.387000,135
2026-06-09T06:49:11.533000,136
2026-06-09T06:49:11.679000,136
2026-06-09T06:49:11.823000,137
2026-06-09T06:49:11.969000,137
2026-06-09T06:49:12.126000,138
2026-06-09T06:49:12.271000,139
2026-06-09T06:49:12.413000,141
2026-06-09T06:49:12.561000,142
2026-06-09T06:49:12.704000,142
2026-06-09T06:49:12.847000,142
2026-06-09T06:49:12.999000,144
2026-06-09T06:49:13.148000,145
2026-06-09T06:49:13.293000,145
2026-06-09T06:49:13.436000,147
2026-06-09T06:49:13.588000,150
2026-06-09T06:49:13.735000,151
2026-06-09T06:49:13.876000,152
2026-06-09T06:49:14.029000,153
2026-06-09T06:49:14.181000,153
2026-06-09T06:49:14.327000,158
2026-06-09T06:49:14.477000,160
2026-06-09T06:49:14.631000,161
2026-06-09T06:49:14.777000,161
2026-06-09T06:49:14.921000,163
2026-06-09T06:49:15.076000,165
2026-06-09T06:49:15.226000,166
2026-06-09T06:49:15.381000,166
2026-06-09T06:49:15.532000,167
2026-06-09T06:49:15.681000,169
2026-06-09T06:49:15.833000,172
2026-06-09T06:49:15.978000,174
2026-06-09T06:49:16.141000,178
2026-06-09T06:49:16.290000,180
2026-06-09T06:49:16.436000,185
2026-06-09T06:49:16.589000,186
2026-06-09T06:49:16.738000,190
2026-06-09T06:49:16.886000,190
2026-06-09T06:49:17.065000,247
2026-06-09T06:49:17.223000,223
2026-06-09T06:49:17.395000,234
2026-06-09T06:49:17.574000,247
2026-06-09T06:49:17.744000,208
2026-06-09T06:49:17.905000,219
2026-06-09T06:49:18.068000,223
2026-06-09T06:49:18.251000,235
2026-06-09T06:49:18.419000,239
2026-06-09T06:49:18.591000,247
2026-06-09T06:49:18.763000,253
2026-06-09T06:49:18.932000,197
2026-06-09T06:49:19.098000,201
2026-06-09T06:49:19.280000,206
2026-06-09T06:49:19.448000,206
2026-06-09T06:49:19.617000,214
2026-06-09T06:49:19.783000,215
2026-06-09T06:49:19.944000,218
2026-06-09T06:49:20.113000,222
2026-06-09T06:49:20.278000,229
2026-06-09T06:49:20.460000,232
2026-06-09T06:49:20.647000,239
2026-06-09T06:49:20.819000,242
2026-06-09T06:49:20.985000,245
2026-06-09T06:49:21.166000,254
2026-06-09T06:49:21.313000,171
2026-06-09T06:49:21.459000,174
2026-06-09T06:49:21.604000,177
2026-06-09T06:49:21.754000,180
2026-06-09T06:49:21.918000,181
2026-06-09T06:49:22.077000,183
2026-06-09T06:49:22.240000,184
2026-06-09T06:49:22.390000,190
2026-06-09T06:49:22.558000,193
2026-06-09T06:49:22.717000,196
2026-06-09T06:49:22.879000,199
2026-06-09T06:49:23.042000,202
2026-06-09T06:49:23.211000,206
2026-06-09T06:49:23.371000,211
2026-06-09T06:49:23.531000,212
2026-06-09T06:49:23.689000,215
2026-06-09T06:49:23.851000,217
2026-06-09T06:49:24.013000,219
2026-06-09T06:49:24.173000,224
2026-06-09T06:49:24.355000,227
2026-06-09T06:49:24.520000,230
2026-06-09T06:49:24.684000,233
2026-06-09T06:49:24.850000,237
2026-06-09T06:49:25.018000,238
2026-06-09T06:49:25.193000,244
2026-06-09T06:49:25.365000,248
2026-06-09T06:49:25.535000,250
2026-06-09T06:49:25.705000,255
2026-06-09T06:49:25.827000,127
2026-06-09T06:49:25.969000,130
2026-06-09T06:49:26.110000,130
2026-06-09T06:49:26.252000,130
2026-06-09T06:49:26.401000,133
2026-06-09T06:49:26.546000,134
2026-06-09T06:49:26.687000,135
2026-06-09T06:49:26.832000,135
2026-06-09T06:49:26.977000,136
2026-06-09T06:49:27.119000,136
2026-06-09T06:49:27.260000,137
2026-06-09T06:49:27.406000,138
2026-06-09T06:49:27.550000,139
2026-06-09T06:49:27.693000,141
2026-06-09T06:49:27.838000,142
2026-06-09T06:49:27.986000,142
2026-06-09T06:49:28.130000,143
2026-06-09T06:49:28.282000,145
2026-06-09T06:49:28.439000,145
2026-06-09T06:49:28.587000,147
2026-06-09T06:49:28.730000,149
2026-06-09T06:49:28.874000,150
2026-06-09T06:49:29.021000,152
2026-06-09T06:49:29.165000,153
2026-06-09T06:49:29.305000,153
2026-06-09T06:49:29.456000,158
2026-06-09T06:49:29.612000,160
2026-06-09T06:49:29.757000,161
2026-06-09T06:49:29.906000,161
2026-06-09T06:49:30.056000,163
2026-06-09T06:49:30.201000,165
2026-06-09T06:49:30.346000,166
2026-06-09T06:49:30.494000,167
2026-06-09T06:49:30.649000,169
2026-06-09T06:49:30.796000,172
2026-06-09T06:49:30.946000,175
2026-06-09T06:49:31.096000,180
2026-06-09T06:49:31.243000,185
2026-06-09T06:49:31.392000,186
2026-06-09T06:49:31.549000,190
2026-06-09T06:49:31.695000,190
2026-06-09T06:49:31.861000,247
2026-06-09T06:49:32.031000,223
2026-06-09T06:49:32.200000,247
2026-06-09T06:49:32.357000,208
2026-06-09T06:49:32.519000,219
2026-06-09T06:49:32.685000,223
2026-06-09T06:49:32.845000,225
2026-06-09T06:49:33.010000,235
2026-06-09T06:49:33.181000,242
2026-06-09T06:49:33.356000,249
2026-06-09T06:49:33.532000,194
2026-06-09T06:49:33.698000,199
2026-06-09T06:49:33.861000,201
2026-06-09T06:49:34.033000,206
2026-06-09T06:49:34.199000,206
2026-06-09T06:49:34.356000,214
2026-06-09T06:49:34.526000,215
2026-06-09T06:49:34.684000,218
2026-06-09T06:49:34.842000,221
2026-06-09T06:49:35.012000,226
2026-06-09T06:49:35.182000,230
2026-06-09T06:49:35.346000,232
2026-06-09T06:49:35.518000,239
2026-06-09T06:49:35.684000,242
2026-06-09T06:49:35.852000,242
2026-06-09T06:49:36.038000,248
2026-06-09T06:49:36.186000,171
2026-06-09T06:49:36.331000,174
2026-06-09T06:49:36.478000,177
2026-06-09T06:49:36.633000,180
2026-06-09T06:49:36.780000,181
2026-06-09T06:49:36.949000,182
2026-06-09T06:49:37.101000,183
2026-06-09T06:49:37.254000,185
2026-06-09T06:49:37.401000,191
2026-06-09T06:49:37.575000,195
2026-06-09T06:49:37.737000,197
2026-06-09T06:49:37.902000,201
2026-06-09T06:49:38.075000,204
2026-06-09T06:49:38.246000,210
2026-06-09T06:49:38.406000,211
2026-06-09T06:49:38.576000,213
2026-06-09T06:49:38.732000,215
2026-06-09T06:49:38.890000,217
2026-06-09T06:49:39.057000,219
2026-06-09T06:49:39.219000,224
2026-06-09T06:49:39.399000,227
2026-06-09T06:49:39.575000,230
2026-06-09T06:49:39.738000,233
2026-06-09T06:49:39.906000,237
2026-06-09T06:49:40.082000,238
2026-06-09T06:49:40.257000,244
2026-06-09T06:49:40.458000,248
2026-06-09T06:49:40.653000,250
2026-06-09T06:49:40.840000,255
2026-06-09T06:49:40.969000,127
2026-06-09T06:49:41.117000,130
2026-06-09T06:49:41.271000,130
2026-06-09T06:49:41.421000,130
2026-06-09T06:49:41.571000,131
2026-06-09T06:49:41.713000,134
2026-06-09T06:49:41.863000,134
2026-06-09T06:49:42.010000,135
2026-06-09T06:49:42.157000,136
2026-06-09T06:49:42.304000,136
2026-06-09T06:49:42.449000,136
2026-06-09T06:49:42.603000,137
2026-06-09T06:49:42.744000,138
2026-06-09T06:49:42.893000,139
2026-06-09T06:49:43.045000,140
2026-06-09T06:49:43.197000,142
2026-06-09T06:49:43.349000,142
2026-06-09T06:49:43.495000,142
2026-06-09T06:49:43.647000,144
2026-06-09T06:49:43.797000,145
2026-06-09T06:49:43.949000,145
2026-06-09T06:49:44.092000,147
2026-06-09T06:49:44.242000,149
2026-06-09T06:49:44.394000,150
2026-06-09T06:49:44.547000,151
2026-06-09T06:49:44.691000,152
2026-06-09T06:49:44.837000,153
2026-06-09T06:49:44.989000,153
2026-06-09T06:49:45.138000,154
2026-06-09T06:49:45.284000,160
2026-06-09T06:49:45.437000,160
2026-06-09T06:49:45.595000,161
2026-06-09T06:49:45.742000,161
2026-06-09T06:49:45.888000,163
2026-06-09T06:49:46.053000,164
2026-06-09T06:49:46.214000,165
2026-06-09T06:49:46.373000,166
2026-06-09T06:49:46.535000,167
2026-06-09T06:49:46.685000,169
2026-06-09T06:49:46.839000,172
2026-06-09T06:49:46.996000,172
2026-06-09T06:49:47.144000,175
2026-06-09T06:49:47.291000,180
2026-06-09T06:49:47.451000,182
2026-06-09T06:49:47.610000,185
2026-06-09T06:49:47.767000,186
2026-06-09T06:49:47.915000,190
2026-06-09T06:49:48.072000,190
2026-06-09T06:49:48.265000,247
2026-06-09T06:49:48.432000,223
2026-06-09T06:49:48.614000,247
2026-06-09T06:49:48.774000,208
2026-06-09T06:49:48.939000,219
2026-06-09T06:49:49.104000,223
2026-06-09T06:49:49.269000,235
2026-06-09T06:49:49.443000,235
2026-06-09T06:49:49.621000,242
2026-06-09T06:49:49.803000,249
2026-06-09T06:49:49.975000,194
2026-06-09T06:49:50.135000,199
2026-06-09T06:49:50.296000,203
2026-06-09T06:49:50.461000,206
2026-06-09T06:49:50.631000,211
2026-06-09T06:49:50.792000,215
2026-06-09T06:49:50.956000,216
2026-06-09T06:49:51.123000,221
2026-06-09T06:49:51.284000,226
2026-06-09T06:49:51.459000,229
2026-06-09T06:49:51.652000,230
2026-06-09T06:49:51.819000,236
2026-06-09T06:49:51.990000,241
2026-06-09T06:49:52.169000,242
2026-06-09T06:49:52.343000,245
2026-06-09T06:49:52.521000,254
2026-06-09T06:49:52.676000,171
2026-06-09T06:49:52.845000,174
2026-06-09T06:49:52.998000,177
2026-06-09T06:49:53.149000,180
2026-06-09T06:49:53.300000,181
2026-06-09T06:49:53.446000,182
2026-06-09T06:49:53.607000,183
2026-06-09T06:49:53.753000,185
2026-06-09T06:49:53.909000,191
2026-06-09T06:49:54.082000,193
2026-06-09T06:49:54.242000,196
2026-06-09T06:49:54.402000,199
2026-06-09T06:49:54.570000,202
2026-06-09T06:49:54.729000,206
2026-06-09T06:49:54.891000,211
2026-06-09T06:49:55.059000,212
2026-06-09T06:49:55.223000,213
2026-06-09T06:49:55.382000,215
2026-06-09T06:49:55.551000,217
2026-06-09T06:49:55.717000,220
2026-06-09T06:49:55.882000,225
2026-06-09T06:49:56.048000,227
2026-06-09T06:49:56.224000,232
2026-06-09T06:49:56.387000,235
2026-06-09T06:49:56.563000,237
2026-06-09T06:49:56.736000,238
2026-06-09T06:49:56.943000,244
2026-06-09T06:49:57.124000,248
2026-06-09T06:49:57.310000,250
2026-06-09T06:49:57.490000,255
2026-06-09T06:49:57.620000,127
2026-06-09T06:49:57.767000,128
2026-06-09T06:49:57.917000,130
2026-06-09T06:49:58.063000,130
2026-06-09T06:49:58.213000,131
2026-06-09T06:49:58.356000,134
2026-06-09T06:49:58.508000,134
2026-06-09T06:49:58.649000,135
2026-06-09T06:49:58.789000,135
2026-06-09T06:49:58.939000,136
2026-06-09T06:49:59.093000,136
2026-06-09T06:49:59.235000,137
2026-06-09T06:49:59.378000,138
2026-06-09T06:49:59.531000,139
2026-06-09T06:49:59.674000,141
2026-06-09T06:49:59.818000,142
2026-06-09T06:49:59.969000,142
2026-06-09T06:50:00.125000,143
2026-06-09T06:50:00.270000,145
2026-06-09T06:50:00.415000,145
2026-06-09T06:50:00.572000,147
2026-06-09T06:50:00.714000,149
2026-06-09T06:50:00.856000,150
2026-06-09T06:50:01,152
2026-06-09T06:50:01.150000,153
2026-06-09T06:50:01.295000,153
2026-06-09T06:50:01.439000,154
2026-06-09T06:50:01.594000,160
2026-06-09T06:50:01.742000,161
2026-06-09T06:50:01.887000,161
2026-06-09T06:50:02.035000,163
2026-06-09T06:50:02.183000,164
2026-06-09T06:50:02.331000,165
2026-06-09T06:50:02.476000,166
2026-06-09T06:50:02.634000,168
2026-06-09T06:50:02.783000,169
2026-06-09T06:50:02.931000,172
2026-06-09T06:50:03.076000,175
2026-06-09T06:50:03.239000,180
2026-06-09T06:50:03.391000,185
2026-06-09T06:50:03.537000,186
2026-06-09T06:50:03.682000,190
2026-06-09T06:50:03.828000,190
2026-06-09T06:50:04.010000,247
2026-06-09T06:50:04.183000,223
2026-06-09T06:50:04.363000,247
2026-06-09T06:50:04.527000,208
2026-06-09T06:50:04.690000,219
2026-06-09T06:50:04.851000,223
2026-06-09T06:50:05.022000,235
2026-06-09T06:50:05.193000,239
2026-06-09T06:50:05.360000,247
2026-06-09T06:50:05.532000,253
2026-06-09T06:50:05.696000,197
2026-06-09T06:50:05.856000,201
2026-06-09T06:50:06.029000,206
2026-06-09T06:50:06.193000,206
2026-06-09T06:50:06.354000,214
2026-06-09T06:50:06.515000,215
2026-06-09T06:50:06.690000,218
2026-06-09T06:50:06.963000,222
2026-06-09T06:50:07.153000,229
2026-06-09T06:50:07.342000,232
2026-06-09T06:50:07.529000,239
2026-06-09T06:50:07.708000,242
2026-06-09T06:50:07.885000,245
2026-06-09T06:50:08.070000,254
2026-06-09T06:50:08.218000,171
2026-06-09T06:50:08.372000,175
2026-06-09T06:50:08.536000,177
2026-06-09T06:50:08.690000,181
2026-06-09T06:50:08.838000,182
2026-06-09T06:50:08.984000,183
2026-06-09T06:50:09.130000,185
2026-06-09T06:50:09.279000,191
2026-06-09T06:50:09.436000,195
2026-06-09T06:50:09.600000,197
2026-06-09T06:50:09.762000,201
2026-06-09T06:50:09.924000,204
2026-06-09T06:50:10.081000,210
2026-06-09T06:50:10.242000,211
2026-06-09T06:50:10.399000,213
2026-06-09T06:50:10.559000,215
2026-06-09T06:50:10.717000,217
2026-06-09T06:50:10.874000,220
2026-06-09T06:50:11.039000,225
2026-06-09T06:50:11.199000,227
2026-06-09T06:50:11.358000,232
2026-06-09T06:50:11.523000,235
2026-06-09T06:50:11.709000,237
2026-06-09T06:50:11.885000,241
2026-06-09T06:50:12.061000,246
2026-06-09T06:50:12.243000,249
2026-06-09T06:50:12.416000,253
2026-06-09T06:50:12.616000,255
2026-06-09T06:50:12.750000,128
2026-06-09T06:50:12.898000,130
2026-06-09T06:50:13.040000,130
2026-06-09T06:50:13.193000,130
2026-06-09T06:50:13.334000,133
2026-06-09T06:50:13.477000,134
2026-06-09T06:50:13.629000,135
2026-06-09T06:50:13.769000,135
2026-06-09T06:50:13.912000,136
2026-06-09T06:50:14.056000,136
2026-06-09T06:50:14.201000,136
2026-06-09T06:50:14.344000,137
2026-06-09T06:50:14.497000,139
2026-06-09T06:50:14.653000,140
2026-06-09T06:50:14.797000,141
2026-06-09T06:50:14.943000,142
2026-06-09T06:50:15.090000,142
2026-06-09T06:50:15.232000,143
2026-06-09T06:50:15.375000,145
2026-06-09T06:50:15.519000,145
2026-06-09T06:50:15.665000,147
2026-06-09T06:50:15.811000,149
2026-06-09T06:50:15.959000,150
2026-06-09T06:50:16.112000,152
2026-06-09T06:50:16.256000,153
2026-06-09T06:50:16.399000,153
2026-06-09T06:50:16.555000,158
2026-06-09T06:50:16.702000,160
2026-06-09T06:50:16.847000,161
2026-06-09T06:50:16.992000,161
2026-06-09T06:50:17.138000,163
2026-06-09T06:50:17.280000,163
2026-06-09T06:50:17.427000,165
2026-06-09T06:50:17.583000,166
2026-06-09T06:50:17.727000,167
2026-06-09T06:50:17.876000,169
2026-06-09T06:50:18.039000,172
2026-06-09T06:50:18.198000,175
2026-06-09T06:50:18.347000,180
2026-06-09T06:50:18.500000,185
2026-06-09T06:50:18.653000,186
2026-06-09T06:50:18.799000,189
2026-06-09T06:50:18.951000,190
2026-06-09T06:50:19.132000,247
2026-06-09T06:50:19.302000,223
2026-06-09T06:50:19.497000,247
2026-06-09T06:50:19.662000,208
2026-06-09T06:50:19.818000,211
2026-06-09T06:50:19.982000,221
2026-06-09T06:50:20.143000,225
2026-06-09T06:50:20.314000,235
2026-06-09T06:50:20.500000,242
2026-06-09T06:50:20.691000,249
2026-06-09T06:50:20.874000,253
2026-06-09T06:50:21.034000,197
2026-06-09T06:50:21.197000,201
2026-06-09T06:50:21.359000,206
2026-06-09T06:50:21.522000,206
2026-06-09T06:50:21.683000,211
2026-06-09T06:50:21.846000,215
2026-06-09T06:50:22.005000,216
2026-06-09T06:50:22.171000,221
2026-06-09T06:50:22.345000,222
2026-06-09T06:50:22.502000,229
2026-06-09T06:50:22.662000,232
2026-06-09T06:50:22.834000,239
2026-06-09T06:50:23.017000,242
2026-06-09T06:50:23.199000,245
2026-06-09T06:50:23.393000,248
2026-06-09T06:50:23.539000,171
2026-06-09T06:50:23.684000,174
2026-06-09T06:50:23.836000,177
2026-06-09T06:50:23.997000,180
2026-06-09T06:50:24.146000,181
2026-06-09T06:50:24.292000,182
2026-06-09T06:50:24.444000,183
2026-06-09T06:50:24.600000,185
2026-06-09T06:50:24.746000,191
2026-06-09T06:50:24.907000,195
2026-06-09T06:50:25.069000,196
2026-06-09T06:50:25.241000,197
2026-06-09T06:50:25.402000,201
2026-06-09T06:50:25.566000,204
2026-06-09T06:50:25.726000,210
2026-06-09T06:50:25.883000,211
2026-06-09T06:50:26.039000,213
2026-06-09T06:50:26.201000,215
2026-06-09T06:50:26.379000,217
2026-06-09T06:50:26.548000,220
2026-06-09T06:50:26.730000,225
2026-06-09T06:50:26.900000,227
2026-06-09T06:50:27.087000,230
2026-06-09T06:50:27.261000,232
2026-06-09T06:50:27.455000,233
2026-06-09T06:50:27.631000,237
2026-06-09T06:50:27.820000,238
2026-06-09T06:50:28.021000,244
2026-06-09T06:50:28.203000,248
2026-06-09T06:50:28.377000,250
2026-06-09T06:50:28.565000,255
2026-06-09T06:50:28.689000,127
2026-06-09T06:50:28.830000,130
2026-06-09T06:50:28.974000,130
2026-06-09T06:50:29.128000,130
2026-06-09T06:50:29.277000,130
2026-06-09T06:50:29.421000,131
2026-06-09T06:50:29.562000,134
2026-06-09T06:50:29.722000,134
2026-06-09T06:50:29.864000,135
2026-06-09T06:50:30.008000,136
2026-06-09T06:50:30.158000,136
2026-06-09T06:50:30.307000,136
2026-06-09T06:50:30.462000,136
2026-06-09T06:50:30.608000,136
2026-06-09T06:50:30.758000,137
2026-06-09T06:50:30.904000,139
2026-06-09T06:50:31.062000,140
2026-06-09T06:50:31.212000,142
2026-06-09T06:50:31.356000,142
2026-06-09T06:50:31.500000,142
2026-06-09T06:50:31.647000,142
2026-06-09T06:50:31.792000,143
2026-06-09T06:50:31.933000,145
2026-06-09T06:50:32.081000,145
2026-06-09T06:50:32.228000,145
2026-06-09T06:50:32.371000,147
2026-06-09T06:50:32.516000,147
2026-06-09T06:50:32.663000,149
2026-06-09T06:50:32.810000,150
2026-06-09T06:50:32.959000,152
2026-06-09T06:50:33.107000,152
2026-06-09T06:50:33.255000,153
2026-06-09T06:50:33.398000,153
2026-06-09T06:50:33.541000,153
2026-06-09T06:50:33.697000,158
2026-06-09T06:50:33.844000,160
2026-06-09T06:50:33.990000,160
2026-06-09T06:50:34.141000,161
2026-06-09T06:50:34.291000,161
2026-06-09T06:50:34.440000,163
2026-06-09T06:50:34.594000,164
2026-06-09T06:50:34.746000,165
2026-06-09T06:50:34.897000,166
2026-06-09T06:50:35.043000,168
2026-06-09T06:50:35.211000,172
2026-06-09T06:50:35.358000,172
2026-06-09T06:50:35.505000,174
2026-06-09T06:50:35.657000,175
2026-06-09T06:50:35.804000,178
2026-06-09T06:50:35.950000,180
2026-06-09T06:50:36.096000,182
2026-06-09T06:50:36.243000,185
2026-06-09T06:50:36.393000,186
2026-06-09T06:50:36.541000,190
2026-06-09T06:50:36.712000,190
2026-06-09T06:50:36.859000,190
2026-06-09T06:50:37.040000,247
2026-06-09T06:50:37.219000,223
2026-06-09T06:50:37.397000,247
2026-06-09T06:50:37.586000,254
2026-06-09T06:50:37.749000,211
2026-06-09T06:50:37.912000,221
2026-06-09T06:50:38.110000,225
2026-06-09T06:50:38.316000,235
2026-06-09T06:50:38.490000,239
2026-06-09T06:50:38.699000,247
2026-06-09T06:50:38.898000,249
2026-06-09T06:50:39.062000,194
2026-06-09T06:50:39.237000,197
2026-06-09T06:50:39.400000,201
2026-06-09T06:50:39.572000,203
2026-06-09T06:50:39.744000,206
2026-06-09T06:50:39.916000,206
2026-06-09T06:50:40.078000,211
2026-06-09T06:50:40.249000,214
2026-06-09T06:50:40.413000,215
2026-06-09T06:50:40.573000,216
2026-06-09T06:50:40.738000,218
2026-06-09T06:50:40.905000,222
2026-06-09T06:50:41.074000,226
2026-06-09T06:50:41.243000,230
2026-06-09T06:50:41.421000,236
2026-06-09T06:50:41.588000,241
2026-06-09T06:50:41.763000,242
2026-06-09T06:50:41.935000,245
2026-06-09T06:50:42.127000,248
2026-06-09T06:50:42.281000,171
2026-06-09T06:50:42.433000,171
2026-06-09T06:50:42.583000,174
2026-06-09T06:50:42.755000,177
2026-06-09T06:50:42.902000,180
2026-06-09T06:50:43.053000,181
2026-06-09T06:50:43.210000,182
2026-06-09T06:50:43.370000,183
2026-06-09T06:50:43.529000,185
2026-06-09T06:50:43.685000,190
2026-06-09T06:50:43.835000,191
2026-06-09T06:50:44.006000,193
2026-06-09T06:50:44.168000,196
2026-06-09T06:50:44.343000,197
2026-06-09T06:50:44.509000,201
2026-06-09T06:50:44.687000,204
2026-06-09T06:50:44.858000,206
2026-06-09T06:50:45.012000,211
2026-06-09T06:50:45.181000,211
2026-06-09T06:50:45.344000,213
2026-06-09T06:50:45.508000,215
2026-06-09T06:50:45.681000,217
2026-06-09T06:50:45.850000,220
2026-06-09T06:50:46.021000,224
2026-06-09T06:50:46.214000,225
2026-06-09T06:50:46.377000,227
2026-06-09T06:50:46.550000,232
2026-06-09T06:50:46.722000,233
2026-06-09T06:50:46.888000,237
2026-06-09T06:50:47.059000,237
2026-06-09T06:50:47.247000,241
2026-06-09T06:50:47.433000,246
2026-06-09T06:50:47.614000,248
2026-06-09T06:50:47.800000,249
2026-06-09T06:50:47.985000,250
2026-06-09T06:50:48.184000,255
2026-06-09T06:50:48.307000,127
2026-06-09T06:50:48.442000,128
2026-06-09T06:50:48.591000,130
2026-06-09T06:50:48.740000,130
2026-06-09T06:50:48.889000,130
2026-06-09T06:50:49.044000,131
2026-06-09T06:50:49.193000,134
2026-06-09T06:50:49.342000,134
2026-06-09T06:50:49.493000,135
2026-06-09T06:50:49.651000,135
2026-06-09T06:50:49.809000,136
2026-06-09T06:50:49.958000,136
2026-06-09T06:50:50.106000,136
2026-06-09T06:50:50.248000,136
2026-06-09T06:50:50.388000,137
2026-06-09T06:50:50.534000,138
2026-06-09T06:50:50.680000,139
2026-06-09T06:50:50.827000,139
2026-06-09T06:50:50.976000,141
2026-06-09T06:50:51.126000,142
2026-06-09T06:50:51.275000,142
2026-06-09T06:50:51.418000,142
2026-06-09T06:50:51.567000,143
2026-06-09T06:50:51.719000,144
2026-06-09T06:50:51.864000,145
2026-06-09T06:50:52.012000,145
2026-06-09T06:50:52.169000,147
2026-06-09T06:50:52.315000,149
2026-06-09T06:50:52.465000,150
2026-06-09T06:50:52.623000,150
2026-06-09T06:50:52.772000,151
2026-06-09T06:50:52.914000,152
2026-06-09T06:50:53.068000,153
2026-06-09T06:50:53.224000,153
2026-06-09T06:50:53.375000,158
2026-06-09T06:50:53.528000,160
2026-06-09T06:50:53.678000,161
2026-06-09T06:50:53.824000,161
2026-06-09T06:50:53.976000,161
2026-06-09T06:50:54.127000,163
2026-06-09T06:50:54.279000,163
2026-06-09T06:50:54.431000,165
2026-06-09T06:50:54.587000,165
2026-06-09T06:50:54.730000,166
2026-06-09T06:50:54.877000,167
2026-06-09T06:50:55.028000,168
2026-06-09T06:50:55.178000,172
2026-06-09T06:50:55.325000,174
2026-06-09T06:50:55.479000,178
2026-06-09T06:50:55.628000,182
2026-06-09T06:50:55.777000,185
2026-06-09T06:50:55.928000,186
2026-06-09T06:50:56.082000,186
2026-06-09T06:50:56.238000,190
2026-06-09T06:50:56.385000,190
2026-06-09T06:50:56.585000,247
2026-06-09T06:50:56.751000,215
2026-06-09T06:50:56.933000,234
2026-06-09T06:50:57.109000,247
2026-06-09T06:50:57.292000,208
2026-06-09T06:50:57.477000,211
2026-06-09T06:50:57.647000,219
2026-06-09T06:50:57.813000,221
2026-06-09T06:50:57.975000,223
2026-06-09T06:50:58.149000,235
2026-06-09T06:50:58.319000,239
2026-06-09T06:50:58.503000,247
2026-06-09T06:50:58.682000,253
2026-06-09T06:50:58.842000,197
2026-06-09T06:50:59.011000,201
2026-06-09T06:50:59.194000,206
2026-06-09T06:50:59.369000,206
2026-06-09T06:50:59.532000,211
2026-06-09T06:50:59.696000,214
2026-06-09T06:50:59.855000,215
2026-06-09T06:51:00.015000,216
2026-06-09T06:51:00.176000,221
2026-06-09T06:51:00.340000,226
2026-06-09T06:51:00.503000,230
2026-06-09T06:51:00.668000,232
2026-06-09T06:51:00.835000,236
2026-06-09T06:51:01.025000,241
2026-06-09T06:51:01.208000,242
2026-06-09T06:51:01.395000,242
2026-06-09T06:51:01.581000,245
2026-06-09T06:51:01.749000,254
2026-06-09T06:51:01.896000,171
2026-06-09T06:51:02.050000,175
2026-06-09T06:51:02.202000,177
2026-06-09T06:51:02.349000,180
2026-06-09T06:51:02.497000,181
2026-06-09T06:51:02.647000,182
2026-06-09T06:51:02.798000,183
2026-06-09T06:51:02.948000,184
2026-06-09T06:51:03.099000,190
2026-06-09T06:51:03.268000,193
2026-06-09T06:51:03.435000,195
2026-06-09T06:51:03.611000,197
2026-06-09T06:51:03.773000,201
2026-06-09T06:51:03.932000,204
2026-06-09T06:51:04.103000,210
2026-06-09T06:51:04.265000,211
2026-06-09T06:51:04.428000,213
2026-06-09T06:51:04.600000,215
2026-06-09T06:51:04.758000,217
2026-06-09T06:51:04.920000,219
2026-06-09T06:51:05.088000,220
2026-06-09T06:51:05.251000,225
2026-06-09T06:51:05.417000,227
2026-06-09T06:51:05.585000,230
2026-06-09T06:51:05.753000,233
2026-06-09T06:51:05.924000,237
2026-06-09T06:51:06.093000,237
2026-06-09T06:51:06.276000,241
2026-06-09T06:51:06.446000,246
2026-06-09T06:51:06.620000,248
2026-06-09T06:51:06.799000,250
2026-06-09T06:51:06.977000,255
2026-06-09T06:51:07.099000,127
2026-06-09T06:51:07.251000,130
2026-06-09T06:51:07.395000,130
2026-06-09T06:51:07.536000,130
2026-06-09T06:51:07.676000,133
2026-06-09T06:51:07.820000,134
2026-06-09T06:51:07.969000,135
2026-06-09T06:51:08.114000,135
2026-06-09T06:51:08.260000,136
2026-06-09T06:51:08.402000,136
2026-06-09T06:51:08.547000,136
2026-06-09T06:51:08.692000,137
2026-06-09T06:51:08.840000,139
2026-06-09T06:51:08.989000,140
2026-06-09T06:51:09.142000,142
2026-06-09T06:51:09.282000,142
2026-06-09T06:51:09.422000,142
2026-06-09T06:51:09.568000,143
2026-06-09T06:51:09.712000,145
2026-06-09T06:51:09.855000,145
2026-06-09T06:51:10.003000,147
2026-06-09T06:51:10.152000,149
2026-06-09T06:51:10.298000,150
2026-06-09T06:51:10.443000,151
2026-06-09T06:51:10.601000,152
2026-06-09T06:51:10.745000,153
2026-06-09T06:51:10.888000,154
2026-06-09T06:51:11.036000,160
2026-06-09T06:51:11.185000,161
2026-06-09T06:51:11.330000,161
2026-06-09T06:51:11.477000,163
2026-06-09T06:51:11.632000,164
2026-06-09T06:51:11.777000,165
2026-06-09T06:51:11.925000,166
2026-06-09T06:51:12.074000,167
2026-06-09T06:51:12.219000,169
2026-06-09T06:51:12.363000,172
2026-06-09T06:51:12.516000,175
2026-06-09T06:51:12.668000,180
2026-06-09T06:51:12.817000,185
2026-06-09T06:51:12.963000,186
2026-06-09T06:51:13.116000,190
2026-06-09T06:51:13.267000,190
2026-06-09T06:51:13.444000,247
2026-06-09T06:51:13.606000,223
2026-06-09T06:51:13.771000,247
2026-06-09T06:51:13.932000,208
2026-06-09T06:51:14.093000,219
2026-06-09T06:51:14.275000,223
2026-06-09T06:51:14.445000,235
2026-06-09T06:51:14.614000,239
2026-06-09T06:51:14.777000,247
2026-06-09T06:51:14.957000,253
2026-06-09T06:51:15.120000,197
2026-06-09T06:51:15.279000,201
2026-06-09T06:51:15.443000,206
2026-06-09T06:51:15.626000,206
2026-06-09T06:51:15.791000,214
2026-06-09T06:51:15.952000,215
2026-06-09T06:51:16.116000,218
2026-06-09T06:51:16.274000,222
2026-06-09T06:51:16.437000,229
2026-06-09T06:51:16.604000,232
2026-06-09T06:51:16.768000,239
2026-06-09T06:51:16.938000,242
2026-06-09T06:51:17.114000,245
2026-06-09T06:51:17.287000,254
2026-06-09T06:51:17.436000,171
2026-06-09T06:51:17.587000,175
2026-06-09T06:51:17.747000,177
2026-06-09T06:51:17.898000,181
2026-06-09T06:51:18.047000,182
2026-06-09T06:51:18.200000,183
2026-06-09T06:51:18.345000,185
2026-06-09T06:51:18.499000,191
2026-06-09T06:51:18.662000,195
2026-06-09T06:51:18.821000,197
2026-06-09T06:51:18.983000,201
2026-06-09T06:51:19.150000,204
2026-06-09T06:51:19.312000,210
2026-06-09T06:51:19.472000,211
2026-06-09T06:51:19.638000,213
2026-06-09T06:51:19.796000,215
2026-06-09T06:51:19.960000,217
2026-06-09T06:51:20.122000,220
2026-06-09T06:51:20.285000,225
2026-06-09T06:51:20.443000,227
2026-06-09T06:51:20.612000,232
2026-06-09T06:51:20.782000,235
2026-06-09T06:51:20.948000,237
2026-06-09T06:51:21.127000,241
2026-06-09T06:51:21.308000,246
2026-06-09T06:51:21.483000,249
2026-06-09T06:51:21.657000,253
2026-06-09T06:51:21.839000,255
2026-06-09T06:51:21.977000,128
2026-06-09T06:51:22.120000,130
2026-06-09T06:51:22.272000,130
2026-06-09T06:51:22.414000,131
2026-06-09T06:51:22.555000,134
2026-06-09T06:51:22.695000,134
2026-06-09T06:51:22.841000,135
2026-06-09T06:51:22.986000,136
2026-06-09T06:51:23.131000,136
2026-06-09T06:51:23.276000,136
2026-06-09T06:51:23.431000,137
2026-06-09T06:51:23.575000,139
2026-06-09T06:51:23.720000,140
2026-06-09T06:51:23.869000,142
2026-06-09T06:51:24.016000,142
2026-06-09T06:51:24.158000,142
2026-06-09T06:51:24.299000,144
2026-06-09T06:51:24.449000,145
2026-06-09T06:51:24.595000,145
2026-06-09T06:51:24.738000,147
2026-06-09T06:51:24.885000,150
2026-06-09T06:51:25.031000,151
2026-06-09T06:51:25.176000,152
2026-06-09T06:51:25.318000,153
2026-06-09T06:51:25.465000,154
2026-06-09T06:51:25.616000,160
2026-06-09T06:51:25.763000,161
2026-06-09T06:51:25.906000,161
2026-06-09T06:51:26.049000,163
2026-06-09T06:51:26.193000,164
2026-06-09T06:51:26.340000,165
2026-06-09T06:51:26.488000,166
2026-06-09T06:51:26.633000,168
2026-06-09T06:51:26.779000,172
2026-06-09T06:51:26.926000,174
2026-06-09T06:51:27.072000,178
2026-06-09T06:51:27.217000,182
2026-06-09T06:51:27.375000,186
2026-06-09T06:51:27.526000,189
2026-06-09T06:51:27.671000,190
2026-06-09T06:51:27.836000,247
2026-06-09T06:51:28.028000,223
2026-06-09T06:51:28.219000,247
2026-06-09T06:51:28.386000,208
2026-06-09T06:51:28.563000,219
2026-06-09T06:51:28.723000,223
2026-06-09T06:51:28.888000,235
2026-06-09T06:51:29.059000,239
2026-06-09T06:51:29.232000,247
2026-06-09T06:51:29.409000,253
2026-06-09T06:51:29.570000,197
2026-06-09T06:51:29.746000,201
2026-06-09T06:51:29.908000,206
2026-06-09T06:51:30.085000,206
2026-06-09T06:51:30.245000,214
2026-06-09T06:51:30.401000,215
2026-06-09T06:51:30.562000,218
2026-06-09T06:51:30.724000,222
2026-06-09T06:51:30.885000,229
2026-06-09T06:51:31.050000,232
2026-06-09T06:51:31.229000,239
2026-06-09T06:51:31.402000,242
2026-06-09T06:51:31.576000,245
2026-06-09T06:51:31.753000,254
2026-06-09T06:51:31.899000,171
2026-06-09T06:51:32.049000,175
2026-06-09T06:51:32.198000,177
2026-06-09T06:51:32.344000,181
2026-06-09T06:51:32.493000,182
2026-06-09T06:51:32.642000,183
2026-06-09T06:51:32.788000,185
2026-06-09T06:51:32.937000,191
2026-06-09T06:51:33.104000,195
2026-06-09T06:51:33.267000,197
2026-06-09T06:51:33.429000,201
2026-06-09T06:51:33.601000,204
2026-06-09T06:51:33.758000,210
2026-06-09T06:51:33.915000,211
2026-06-09T06:51:34.082000,213
2026-06-09T06:51:34.244000,215
2026-06-09T06:51:34.407000,217
2026-06-09T06:51:34.569000,220
2026-06-09T06:51:34.726000,225
2026-06-09T06:51:34.883000,227
2026-06-09T06:51:35.054000,232
2026-06-09T06:51:35.219000,235
2026-06-09T06:51:35.383000,237
2026-06-09T06:51:35.567000,241
2026-06-09T06:51:35.753000,246
2026-06-09T06:51:35.952000,249
2026-06-09T06:51:36.126000,253
2026-06-09T06:51:36.304000,255
2026-06-09T06:51:36.442000,128
2026-06-09T06:51:36.592000,130
2026-06-09T06:51:36.733000,130
2026-06-09T06:51:36.874000,131
2026-06-09T06:51:37.016000,134
2026-06-09T06:51:37.161000,134
2026-06-09T06:51:37.303000,135
2026-06-09T06:51:37.449000,136
2026-06-09T06:51:37.597000,136
2026-06-09T06:51:37.738000,136
2026-06-09T06:51:37.880000,137
2026-06-09T06:51:38.026000,139
2026-06-09T06:51:38.176000,140
2026-06-09T06:51:38.321000,142
2026-06-09T06:51:38.467000,142
2026-06-09T06:51:38.613000,142
2026-06-09T06:51:38.756000,144
2026-06-09T06:51:38.900000,145
2026-06-09T06:51:39.050000,145
2026-06-09T06:51:39.193000,147
2026-06-09T06:51:39.336000,150
2026-06-09T06:51:39.482000,151
2026-06-09T06:51:39.628000,152
2026-06-09T06:51:39.771000,153
2026-06-09T06:51:39.916000,154
2026-06-09T06:51:40.068000,160
2026-06-09T06:51:40.211000,161
2026-06-09T06:51:40.352000,161
2026-06-09T06:51:40.496000,163
2026-06-09T06:51:40.644000,164
2026-06-09T06:51:40.787000,165
2026-06-09T06:51:40.935000,166
2026-06-09T06:51:41.085000,168
2026-06-09T06:51:41.227000,172
2026-06-09T06:51:41.371000,174
2026-06-09T06:51:41.525000,178
2026-06-09T06:51:41.673000,182
2026-06-09T06:51:41.818000,186
2026-06-09T06:51:41.967000,189
2026-06-09T06:51:42.116000,190
2026-06-09T06:51:42.282000,247
2026-06-09T06:51:42.443000,223
2026-06-09T06:51:42.611000,247
2026-06-09T06:51:42.765000,208
2026-06-09T06:51:42.926000,219
2026-06-09T06:51:43.093000,223
2026-06-09T06:51:43.261000,235
2026-06-09T06:51:43.428000,239
2026-06-09T06:51:43.605000,247
2026-06-09T06:51:43.783000,253
2026-06-09T06:51:43.950000,197
2026-06-09T06:51:44.111000,201
2026-06-09T06:51:44.270000,206
2026-06-09T06:51:44.433000,206
2026-06-09T06:51:44.597000,214
2026-06-09T06:51:44.756000,215
2026-06-09T06:51:44.916000,218
2026-06-09T06:51:45.078000,222
2026-06-09T06:51:45.237000,229
2026-06-09T06:51:45.404000,232
2026-06-09T06:51:45.577000,239
2026-06-09T06:51:45.740000,242
2026-06-09T06:51:45.913000,245
2026-06-09T06:51:46.093000,254
2026-06-09T06:51:46.239000,171
2026-06-09T06:51:46.388000,175
2026-06-09T06:51:46.537000,177
2026-06-09T06:51:46.681000,181
2026-06-09T06:51:46.827000,182
2026-06-09T06:51:46.980000,183
2026-06-09T06:51:47.124000,185
2026-06-09T06:51:47.270000,191
2026-06-09T06:51:47.431000,195
2026-06-09T06:51:47.593000,197
2026-06-09T06:51:47.752000,201
2026-06-09T06:51:47.916000,204
2026-06-09T06:51:48.078000,210
2026-06-09T06:51:48.240000,211
2026-06-09T06:51:48.400000,213
2026-06-09T06:51:48.559000,215
2026-06-09T06:51:48.714000,217
2026-06-09T06:51:48.873000,220
2026-06-09T06:51:49.035000,225
2026-06-09T06:51:49.199000,227
2026-06-09T06:51:49.369000,232
2026-06-09T06:51:49.534000,235
2026-06-09T06:51:49.698000,237
2026-06-09T06:51:49.871000,241
2026-06-09T06:51:50.056000,246
2026-06-09T06:51:50.224000,249
2026-06-09T06:51:50.404000,253
2026-06-09T06:51:50.587000,255
2026-06-09T06:51:50.730000,128
2026-06-09T06:51:50.870000,130
2026-06-09T06:51:51.014000,130
2026-06-09T06:51:51.158000,131
2026-06-09T06:51:51.301000,134
2026-06-09T06:51:51.447000,134
2026-06-09T06:51:51.593000,135
2026-06-09T06:51:51.734000,136
2026-06-09T06:51:51.877000,136
2026-06-09T06:51:52.029000,136
2026-06-09T06:51:52.174000,137
2026-06-09T06:51:52.317000,139
2026-06-09T06:51:52.462000,140
2026-06-09T06:51:52.607000,142
2026-06-09T06:51:52.750000,142
2026-06-09T06:51:52.891000,142
2026-06-09T06:51:53.040000,144
2026-06-09T06:51:53.189000,145
2026-06-09T06:51:53.335000,145
2026-06-09T06:51:53.488000,147
2026-06-09T06:51:53.635000,150
2026-06-09T06:51:53.776000,151
2026-06-09T06:51:53.935000,152
2026-06-09T06:51:54.084000,153
2026-06-09T06:51:54.229000,154
2026-06-09T06:51:54.377000,160
2026-06-09T06:51:54.532000,161
2026-06-09T06:51:54.675000,161
2026-06-09T06:51:54.819000,163
2026-06-09T06:51:54.966000,164
2026-06-09T06:51:55.116000,165
2026-06-09T06:51:55.261000,166
2026-06-09T06:51:55.410000,168
2026-06-09T06:51:55.559000,172
2026-06-09T06:51:55.704000,174
2026-06-09T06:51:55.852000,178
2026-06-09T06:51:56.005000,182
2026-06-09T06:51:56.152000,186
2026-06-09T06:51:56.301000,189
2026-06-09T06:51:56.449000,190
2026-06-09T06:51:56.628000,247
2026-06-09T06:51:56.791000,223
2026-06-09T06:51:56.968000,247
2026-06-09T06:51:57.128000,208
2026-06-09T06:51:57.285000,219
2026-06-09T06:51:57.447000,223
2026-06-09T06:51:57.615000,235
2026-06-09T06:51:57.779000,239
2026-06-09T06:51:57.959000,247
2026-06-09T06:51:58.132000,253
2026-06-09T06:51:58.295000,197
2026-06-09T06:51:58.455000,201
2026-06-09T06:51:58.620000,206
2026-06-09T06:51:58.779000,206
2026-06-09T06:51:58.946000,214
2026-06-09T06:51:59.106000,215
2026-06-09T06:51:59.264000,218
2026-06-09T06:51:59.421000,222
2026-06-09T06:51:59.588000,229
2026-06-09T06:51:59.755000,232
2026-06-09T06:51:59.922000,239
2026-06-09T06:52:00.097000,242
2026-06-09T06:52:00.264000,245
2026-06-09T06:52:00.438000,254
2026-06-09T06:52:00.587000,171
2026-06-09T06:52:00.739000,175
2026-06-09T06:52:00.885000,177
2026-06-09T06:52:01.030000,181
2026-06-09T06:52:01.179000,182
2026-06-09T06:52:01.326000,183
2026-06-09T06:52:01.473000,185
2026-06-09T06:52:01.625000,191
2026-06-09T06:52:01.798000,195
2026-06-09T06:52:01.958000,197
2026-06-09T06:52:02.116000,201
2026-06-09T06:52:02.287000,204
2026-06-09T06:52:02.447000,210
2026-06-09T06:52:02.618000,211
2026-06-09T06:52:02.792000,213
2026-06-09T06:52:02.952000,215
2026-06-09T06:52:03.124000,217
2026-06-09T06:52:03.289000,220
2026-06-09T06:52:03.453000,225
2026-06-09T06:52:03.616000,227
2026-06-09T06:52:03.783000,232
2026-06-09T06:52:03.951000,235
2026-06-09T06:52:04.139000,237
2026-06-09T06:52:04.319000,241
2026-06-09T06:52:04.489000,246
2026-06-09T06:52:04.668000,249
2026-06-09T06:52:04.837000,250
2026-06-09T06:52:05.020000,255
2026-06-09T06:52:05.147000,127
2026-06-09T06:52:05.281000,128
2026-06-09T06:52:05.423000,130
2026-06-09T06:52:05.569000,130
2026-06-09T06:52:05.712000,131
2026-06-09T06:52:05.853000,134
2026-06-09T06:52:05.994000,134
2026-06-09T06:52:06.143000,135
2026-06-09T06:52:06.285000,135
2026-06-09T06:52:06.426000,136
2026-06-09T06:52:06.575000,136
2026-06-09T06:52:06.719000,137
2026-06-09T06:52:06.862000,137
2026-06-09T06:52:07.004000,139
2026-06-09T06:52:07.146000,140
2026-06-09T06:52:07.301000,142
2026-06-09T06:52:07.447000,142
2026-06-09T06:52:07.589000,142
2026-06-09T06:52:07.730000,143
2026-06-09T06:52:07.875000,145
2026-06-09T06:52:08.021000,145
2026-06-09T06:52:08.168000,145
2026-06-09T06:52:08.318000,147
2026-06-09T06:52:08.466000,150
2026-06-09T06:52:08.617000,151
2026-06-09T06:52:08.758000,152
2026-06-09T06:52:08.908000,153
2026-06-09T06:52:09.054000,154
2026-06-09T06:52:09.199000,160
2026-06-09T06:52:09.347000,161
2026-06-09T06:52:09.494000,161
2026-06-09T06:52:09.640000,161
2026-06-09T06:52:09.784000,163
2026-06-09T06:52:09.938000,164
2026-06-09T06:52:10.090000,165
2026-06-09T06:52:10.234000,166
2026-06-09T06:52:10.387000,167
2026-06-09T06:52:10.535000,168
2026-06-09T06:52:10.679000,172
2026-06-09T06:52:10.829000,172
2026-06-09T06:52:10.979000,175
2026-06-09T06:52:11.123000,180
2026-06-09T06:52:11.268000,185
2026-06-09T06:52:11.422000,186
2026-06-09T06:52:11.575000,189
2026-06-09T06:52:11.720000,190
2026-06-09T06:52:11.903000,247
2026-06-09T06:52:12.075000,223
2026-06-09T06:52:12.252000,247
2026-06-09T06:52:12.419000,208
2026-06-09T06:52:12.582000,211
2026-06-09T06:52:12.740000,221
2026-06-09T06:52:12.901000,225
2026-06-09T06:52:13.070000,235
2026-06-09T06:52:13.245000,239
2026-06-09T06:52:13.415000,247
2026-06-09T06:52:13.595000,253
2026-06-09T06:52:13.755000,197
2026-06-09T06:52:13.920000,201
2026-06-09T06:52:14.087000,206
2026-06-09T06:52:14.256000,206
2026-06-09T06:52:14.425000,206
2026-06-09T06:52:14.587000,214
2026-06-09T06:52:14.750000,215
2026-06-09T06:52:14.917000,218
2026-06-09T06:52:15.080000,222
2026-06-09T06:52:15.243000,229
2026-06-09T06:52:15.411000,232
2026-06-09T06:52:15.584000,239
2026-06-09T06:52:15.765000,242
2026-06-09T06:52:15.946000,245
2026-06-09T06:52:16.131000,254
2026-06-09T06:52:16.287000,171
2026-06-09T06:52:16.446000,175
2026-06-09T06:52:16.596000,177
2026-06-09T06:52:16.748000,181
2026-06-09T06:52:16.899000,182
2026-06-09T06:52:17.052000,183
2026-06-09T06:52:17.200000,185
2026-06-09T06:52:17.354000,191
2026-06-09T06:52:17.518000,193
2026-06-09T06:52:17.682000,195
2026-06-09T06:52:17.849000,197
2026-06-09T06:52:18.018000,201
2026-06-09T06:52:18.183000,204
2026-06-09T06:52:18.354000,210
2026-06-09T06:52:18.513000,211
2026-06-09T06:52:18.675000,213
2026-06-09T06:52:18.835000,215
2026-06-09T06:52:19.002000,217
2026-06-09T06:52:19.167000,220
2026-06-09T06:52:19.335000,225
2026-06-09T06:52:19.505000,227
2026-06-09T06:52:19.674000,230
2026-06-09T06:52:19.836000,232
2026-06-09T06:52:20.009000,235
2026-06-09T06:52:20.183000,237
2026-06-09T06:52:20.377000,241
2026-06-09T06:52:20.558000,244
2026-06-09T06:52:20.734000,246
2026-06-09T06:52:20.915000,249
2026-06-09T06:52:21.115000,253
2026-06-09T06:52:21.301000,255
2026-06-09T06:52:21.470000,255
2026-06-09T06:52:21.625000,128
2026-06-09T06:52:21.778000,130
2026-06-09T06:52:21.919000,130
2026-06-09T06:52:22.065000,130
2026-06-09T06:52:22.215000,130
2026-06-09T06:52:22.363000,131
2026-06-09T06:52:22.508000,133
2026-06-09T06:52:22.653000,134
2026-06-09T06:52:22.801000,134
2026-06-09T06:52:22.951000,134
2026-06-09T06:52:23.098000,135
2026-06-09T06:52:23.242000,135
2026-06-09T06:52:23.394000,136
2026-06-09T06:52:23.540000,136
2026-06-09T06:52:23.683000,136
2026-06-09T06:52:23.826000,136
2026-06-09T06:52:23.972000,137
2026-06-09T06:52:24.115000,139
2026-06-09T06:52:24.258000,140
2026-06-09T06:52:24.412000,142
2026-06-09T06:52:24.554000,142
2026-06-09T06:52:24.698000,142
2026-06-09T06:52:24.847000,143
2026-06-09T06:52:24.995000,144
2026-06-09T06:52:25.147000,145
2026-06-09T06:52:25.302000,145
2026-06-09T06:52:25.453000,147
2026-06-09T06:52:25.603000,150
2026-06-09T06:52:25.756000,151
2026-06-09T06:52:25.911000,152
2026-06-09T06:52:26.057000,153
2026-06-09T06:52:26.206000,153
2026-06-09T06:52:26.355000,153
2026-06-09T06:52:26.500000,154
2026-06-09T06:52:26.644000,158
2026-06-09T06:52:26.796000,160
2026-06-09T06:52:26.943000,160
2026-06-09T06:52:27.092000,161
2026-06-09T06:52:27.240000,161
2026-06-09T06:52:27.388000,161
2026-06-09T06:52:27.536000,163
2026-06-09T06:52:27.683000,164
2026-06-09T06:52:27.830000,165
2026-06-09T06:52:27.979000,165
2026-06-09T06:52:28.127000,166
2026-06-09T06:52:28.284000,166
2026-06-09T06:52:28.439000,168
2026-06-09T06:52:28.589000,172
2026-06-09T06:52:28.742000,174
2026-06-09T06:52:28.893000,178
2026-06-09T06:52:29.049000,182
2026-06-09T06:52:29.198000,186
2026-06-09T06:52:29.351000,186
2026-06-09T06:52:29.503000,189
2026-06-09T06:52:29.652000,190
2026-06-09T06:52:29.799000,190
2026-06-09T06:52:29.977000,247
2026-06-09T06:52:30.140000,215
2026-06-09T06:52:30.307000,234
2026-06-09T06:52:30.499000,254
2026-06-09T06:52:30.674000,211
2026-06-09T06:52:30.845000,219
2026-06-09T06:52:31.011000,221
2026-06-09T06:52:31.179000,225
2026-06-09T06:52:31.347000,235
2026-06-09T06:52:31.530000,242
2026-06-09T06:52:31.720000,247
2026-06-09T06:52:31.910000,253
2026-06-09T06:52:32.075000,194
2026-06-09T06:52:32.238000,197
2026-06-09T06:52:32.404000,201
2026-06-09T06:52:32.570000,206
2026-06-09T06:52:32.735000,206
2026-06-09T06:52:32.900000,214
2026-06-09T06:52:33.064000,215
2026-06-09T06:52:33.232000,218
2026-06-09T06:52:33.396000,221
2026-06-09T06:52:33.565000,222
2026-06-09T06:52:33.732000,229
2026-06-09T06:52:33.905000,232
2026-06-09T06:52:34.078000,239
2026-06-09T06:52:34.251000,242
2026-06-09T06:52:34.432000,245
2026-06-09T06:52:34.604000,254
2026-06-09T06:52:34.759000,171
2026-06-09T06:52:34.909000,175
2026-06-09T06:52:35.063000,177
2026-06-09T06:52:35.214000,181
2026-06-09T06:52:35.361000,182
2026-06-09T06:52:35.508000,183
2026-06-09T06:52:35.676000,184
2026-06-09T06:52:35.825000,185
2026-06-09T06:52:35.974000,190
2026-06-09T06:52:36.129000,191
2026-06-09T06:52:36.303000,193
2026-06-09T06:52:36.477000,196
2026-06-09T06:52:36.639000,197
2026-06-09T06:52:36.800000,201
2026-06-09T06:52:36.968000,204
2026-06-09T06:52:37.134000,210
2026-06-09T06:52:37.289000,211
2026-06-09T06:52:37.450000,213
2026-06-09T06:52:37.611000,215
2026-06-09T06:52:37.775000,217
2026-06-09T06:52:37.939000,220
2026-06-09T06:52:38.100000,225
2026-06-09T06:52:38.275000,227
2026-06-09T06:52:38.441000,232
2026-06-09T06:52:38.618000,235
2026-06-09T06:52:38.782000,237
2026-06-09T06:52:38.961000,241
2026-06-09T06:52:39.143000,246
2026-06-09T06:52:39.324000,249
2026-06-09T06:52:39.517000,250
2026-06-09T06:52:39.706000,253
2026-06-09T06:52:39.887000,255
2026-06-09T06:52:40.026000,128
2026-06-09T06:52:40.170000,130
2026-06-09T06:52:40.314000,130
2026-06-09T06:52:40.467000,130
2026-06-09T06:52:40.620000,130
2026-06-09T06:52:40.768000,131
2026-06-09T06:52:40.914000,134
2026-06-09T06:52:41.060000,134
2026-06-09T06:52:41.205000,135
2026-06-09T06:52:41.349000,136
2026-06-09T06:52:41.495000,136
2026-06-09T06:52:41.644000,136
2026-06-09T06:52:41.796000,136
2026-06-09T06:52:41.949000,136
2026-06-09T06:52:42.104000,137
2026-06-09T06:52:42.252000,139
2026-06-09T06:52:42.398000,140
2026-06-09T06:52:42.545000,142
2026-06-09T06:52:42.690000,142
2026-06-09T06:52:42.841000,142
2026-06-09T06:52:42.988000,142
2026-06-09T06:52:43.138000,144
2026-06-09T06:52:43.283000,145
2026-06-09T06:52:43.431000,145
2026-06-09T06:52:43.600000,147
2026-06-09T06:52:43.744000,149
2026-06-09T06:52:43.890000,150
2026-06-09T06:52:44.036000,152
2026-06-09T06:52:44.186000,152
2026-06-09T06:52:44.330000,153
2026-06-09T06:52:44.489000,154
2026-06-09T06:52:44.643000,158
2026-06-09T06:52:44.788000,160
2026-06-09T06:52:44.934000,161
2026-06-09T06:52:45.087000,161
2026-06-09T06:52:45.233000,163
2026-06-09T06:52:45.383000,163
2026-06-09T06:52:45.529000,165
2026-06-09T06:52:45.676000,166
2026-06-09T06:52:45.825000,166
2026-06-09T06:52:45.975000,168
2026-06-09T06:52:46.130000,172
2026-06-09T06:52:46.277000,172
2026-06-09T06:52:46.426000,175
2026-06-09T06:52:46.587000,178
2026-06-09T06:52:46.733000,182
2026-06-09T06:52:46.879000,186
2026-06-09T06:52:47.026000,186
2026-06-09T06:52:47.173000,190
2026-06-09T06:52:47.323000,190
2026-06-09T06:52:47.501000,247
2026-06-09T06:52:47.663000,223
2026-06-09T06:52:47.834000,234
2026-06-09T06:52:48.019000,254
2026-06-09T06:52:48.181000,211
2026-06-09T06:52:48.347000,219
2026-06-09T06:52:48.509000,223
2026-06-09T06:52:48.676000,235
2026-06-09T06:52:48.840000,239
2026-06-09T06:52:49.009000,247
2026-06-09T06:52:49.195000,253
2026-06-09T06:52:49.364000,194
2026-06-09T06:52:49.522000,199
2026-06-09T06:52:49.685000,203
2026-06-09T06:52:49.846000,206
2026-06-09T06:52:50.010000,211
2026-06-09T06:52:50.172000,214
2026-06-09T06:52:50.328000,215
2026-06-09T06:52:50.490000,218
2026-06-09T06:52:50.656000,222
2026-06-09T06:52:50.814000,226
2026-06-09T06:52:50.987000,230
2026-06-09T06:52:51.154000,232
2026-06-09T06:52:51.319000,239
2026-06-09T06:52:51.486000,241
2026-06-09T06:52:51.664000,242
2026-06-09T06:52:51.829000,245
2026-06-09T06:52:51.999000,254
2026-06-09T06:52:52.146000,171
2026-06-09T06:52:52.290000,175
2026-06-09T06:52:52.440000,177
2026-06-09T06:52:52.594000,181
2026-06-09T06:52:52.739000,182
2026-06-09T06:52:52.886000,183
2026-06-09T06:52:53.039000,185
2026-06-09T06:52:53.191000,191
2026-06-09T06:52:53.353000,195
2026-06-09T06:52:53.518000,197
2026-06-09T06:52:53.680000,201
2026-06-09T06:52:53.839000,204
2026-06-09T06:52:53.999000,210
2026-06-09T06:52:54.161000,211
2026-06-09T06:52:54.318000,212
2026-06-09T06:52:54.478000,215
2026-06-09T06:52:54.639000,217
2026-06-09T06:52:54.795000,219
2026-06-09T06:52:54.956000,224
2026-06-09T06:52:55.126000,227
2026-06-09T06:52:55.289000,230
2026-06-09T06:52:55.457000,233
2026-06-09T06:52:55.624000,237
2026-06-09T06:52:55.788000,238
2026-06-09T06:52:55.957000,244
2026-06-09T06:52:56.138000,248
2026-06-09T06:52:56.305000,250
2026-06-09T06:52:56.474000,255
2026-06-09T06:52:56.611000,127
2026-06-09T06:52:56.746000,128
2026-06-09T06:52:56.887000,130
2026-06-09T06:52:57.035000,130
2026-06-09T06:52:57.179000,131
2026-06-09T06:52:57.319000,134
2026-06-09T06:52:57.462000,134
2026-06-09T06:52:57.605000,135
2026-06-09T06:52:57.745000,136
2026-06-09T06:52:58,136
2026-06-09T06:52:58.149000,136
2026-06-09T06:52:58.295000,137
2026-06-09T06:52:58.440000,139
2026-06-09T06:52:58.592000,140
2026-06-09T06:52:58.736000,142
2026-06-09T06:52:58.889000,142
2026-06-09T06:52:59.041000,142
2026-06-09T06:52:59.185000,144
2026-06-09T06:52:59.328000,145
2026-06-09T06:52:59.475000,145
2026-06-09T06:52:59.631000,147
2026-06-09T06:52:59.776000,149
2026-06-09T06:52:59.923000,150
2026-06-09T06:53:00.074000,152
2026-06-09T06:53:00.219000,153
2026-06-09T06:53:00.362000,153
2026-06-09T06:53:00.506000,158
2026-06-09T06:53:00.653000,160
2026-06-09T06:53:00.801000,161
2026-06-09T06:53:00.944000,161
2026-06-09T06:53:01.095000,163
2026-06-09T06:53:01.247000,165
2026-06-09T06:53:01.393000,166
2026-06-09T06:53:01.537000,167
2026-06-09T06:53:01.683000,169
2026-06-09T06:53:01.832000,172
2026-06-09T06:53:01.978000,175
2026-06-09T06:53:02.130000,180
2026-06-09T06:53:02.280000,185
2026-06-09T06:53:02.427000,186
2026-06-09T06:53:02.574000,190
2026-06-09T06:53:02.726000,190
2026-06-09T06:53:02.904000,247
2026-06-09T06:53:03.066000,223
2026-06-09T06:53:03.250000,247
2026-06-09T06:53:03.407000,208
2026-06-09T06:53:03.569000,219
2026-06-09T06:53:03.733000,223
2026-06-09T06:53:03.901000,235
2026-06-09T06:53:04.072000,239
2026-06-09T06:53:04.261000,247
2026-06-09T06:53:04.434000,253
2026-06-09T06:53:04.596000,197
2026-06-09T06:53:04.755000,201
2026-06-09T06:53:04.918000,206
2026-06-09T06:53:05.081000,206
2026-06-09T06:53:05.239000,214
2026-06-09T06:53:05.401000,215
2026-06-09T06:53:05.565000,218
2026-06-09T06:53:05.721000,222
2026-06-09T06:53:05.884000,229
2026-06-09T06:53:06.063000,232
2026-06-09T06:53:06.228000,239
2026-06-09T06:53:06.401000,242
2026-06-09T06:53:06.590000,245
2026-06-09T06:53:06.774000,254
2026-06-09T06:53:06.920000,171
2026-06-09T06:53:07.065000,175
2026-06-09T06:53:07.210000,177
2026-06-09T06:53:07.355000,181
2026-06-09T06:53:07.508000,182
2026-06-09T06:53:07.661000,183
2026-06-09T06:53:07.808000,184
2026-06-09T06:53:07.957000,190
2026-06-09T06:53:08.124000,193
2026-06-09T06:53:08.287000,196
2026-06-09T06:53:08.452000,199
2026-06-09T06:53:08.624000,202
2026-06-09T06:53:08.782000,206
2026-06-09T06:53:08.941000,211
2026-06-09T06:53:09.107000,212
2026-06-09T06:53:09.261000,215
2026-06-09T06:53:09.424000,217
2026-06-09T06:53:09.594000,219
2026-06-09T06:53:09.752000,224
2026-06-09T06:53:09.919000,227
2026-06-09T06:53:10.090000,230
2026-06-09T06:53:10.254000,233
2026-06-09T06:53:10.422000,237
2026-06-09T06:53:10.590000,238
2026-06-09T06:53:10.757000,244
2026-06-09T06:53:10.941000,248
2026-06-09T06:53:11.119000,250
2026-06-09T06:53:11.283000,255
2026-06-09T06:53:11.413000,127
2026-06-09T06:53:11.558000,130
2026-06-09T06:53:11.698000,130
2026-06-09T06:53:11.838000,130
2026-06-09T06:53:11.986000,133
2026-06-09T06:53:12.130000,134
2026-06-09T06:53:12.277000,134
2026-06-09T06:53:12.419000,135
2026-06-09T06:53:12.568000,136
2026-06-09T06:53:12.709000,136
2026-06-09T06:53:12.852000,136
2026-06-09T06:53:13.006000,137
2026-06-09T06:53:13.154000,138
2026-06-09T06:53:13.302000,139
2026-06-09T06:53:13.448000,140
2026-06-09T06:53:13.597000,142
2026-06-09T06:53:13.739000,142
2026-06-09T06:53:13.885000,142
2026-06-09T06:53:14.032000,143
2026-06-09T06:53:14.176000,145
2026-06-09T06:53:14.319000,145
2026-06-09T06:53:14.464000,145
2026-06-09T06:53:14.617000,147
2026-06-09T06:53:14.762000,150
2026-06-09T06:53:14.912000,151
2026-06-09T06:53:15.060000,152
2026-06-09T06:53:15.202000,153
2026-06-09T06:53:15.352000,153
2026-06-09T06:53:15.506000,158
2026-06-09T06:53:15.656000,160
2026-06-09T06:53:15.807000,161
2026-06-09T06:53:15.954000,161
2026-06-09T06:53:16.099000,163
2026-06-09T06:53:16.247000,164
2026-06-09T06:53:16.400000,165
2026-06-09T06:53:16.550000,166
2026-06-09T06:53:16.693000,167
2026-06-09T06:53:16.845000,169
2026-06-09T06:53:17.005000,172
2026-06-09T06:53:17.153000,174
2026-06-09T06:53:17.297000,178
2026-06-09T06:53:17.449000,182
2026-06-09T06:53:17.600000,185
2026-06-09T06:53:17.747000,186
2026-06-09T06:53:17.899000,190
2026-06-09T06:53:18.051000,190
2026-06-09T06:53:18.212000,190
2026-06-09T06:53:18.384000,247
2026-06-09T06:53:18.561000,223
2026-06-09T06:53:18.737000,247
2026-06-09T06:53:18.899000,208
2026-06-09T06:53:19.064000,219
2026-06-09T06:53:19.227000,223
2026-06-09T06:53:19.400000,235
2026-06-09T06:53:19.574000,239
2026-06-09T06:53:19.751000,247
2026-06-09T06:53:19.925000,253
2026-06-09T06:53:20.087000,197
2026-06-09T06:53:20.256000,201
2026-06-09T06:53:20.423000,206
2026-06-09T06:53:20.604000,206
2026-06-09T06:53:20.769000,214
2026-06-09T06:53:20.932000,215
2026-06-09T06:53:21.094000,216
2026-06-09T06:53:21.261000,218
2026-06-09T06:53:21.421000,221
2026-06-09T06:53:21.583000,226
2026-06-09T06:53:21.754000,230
2026-06-09T06:53:21.926000,236
2026-06-09T06:53:22.104000,241
2026-06-09T06:53:22.287000,242
2026-06-09T06:53:22.462000,242
2026-06-09T06:53:22.636000,248
2026-06-09T06:53:22.784000,171
2026-06-09T06:53:22.933000,171
2026-06-09T06:53:23.084000,174
2026-06-09T06:53:23.241000,175
2026-06-09T06:53:23.394000,177
2026-06-09T06:53:23.543000,180
2026-06-09T06:53:23.690000,181
2026-06-09T06:53:23.847000,181
2026-06-09T06:53:24.009000,183
2026-06-09T06:53:24.161000,183
2026-06-09T06:53:24.311000,184
2026-06-09T06:53:24.465000,185
2026-06-09T06:53:24.618000,191
2026-06-09T06:53:24.784000,195
2026-06-09T06:53:24.950000,196
2026-06-09T06:53:25.122000,197
2026-06-09T06:53:25.290000,201
2026-06-09T06:53:25.458000,202
2026-06-09T06:53:25.631000,206
2026-06-09T06:53:25.802000,211
2026-06-09T06:53:25.964000,211
2026-06-09T06:53:26.127000,212
2026-06-09T06:53:26.291000,215
2026-06-09T06:53:26.454000,215
2026-06-09T06:53:26.612000,217
2026-06-09T06:53:26.781000,220
2026-06-09T06:53:26.946000,224
2026-06-09T06:53:27.112000,225
2026-06-09T06:53:27.286000,227
2026-06-09T06:53:27.469000,232
2026-06-09T06:53:27.654000,233
2026-06-09T06:53:27.825000,237
2026-06-09T06:53:28.009000,237
2026-06-09T06:53:28.194000,241
2026-06-09T06:53:28.380000,244
2026-06-09T06:53:28.573000,248
2026-06-09T06:53:28.747000,249
2026-06-09T06:53:28.924000,253
2026-06-09T06:53:29.106000,255
2026-06-09T06:53:29.237000,127
2026-06-09T06:53:29.377000,128
2026-06-09T06:53:29.516000,130
2026-06-09T06:53:29.665000,130
2026-06-09T06:53:29.806000,130
2026-06-09T06:53:29.949000,130
2026-06-09T06:53:30.108000,131
2026-06-09T06:53:30.253000,133
2026-06-09T06:53:30.395000,134
2026-06-09T06:53:30.542000,134
2026-06-09T06:53:30.683000,135
2026-06-09T06:53:30.826000,135
2026-06-09T06:53:30.969000,135
2026-06-09T06:53:31.121000,136
2026-06-09T06:53:31.266000,136
2026-06-09T06:53:31.410000,136
2026-06-09T06:53:31.567000,137
2026-06-09T06:53:31.711000,139
2026-06-09T06:53:31.854000,140
2026-06-09T06:53:31.996000,141
2026-06-09T06:53:32.143000,142
2026-06-09T06:53:32.287000,142
2026-06-09T06:53:32.434000,142
2026-06-09T06:53:32.582000,143
2026-06-09T06:53:32.726000,145
2026-06-09T06:53:32.871000,145
2026-06-09T06:53:33.025000,145
2026-06-09T06:53:33.180000,147
2026-06-09T06:53:33.328000,149
2026-06-09T06:53:33.474000,150
2026-06-09T06:53:33.636000,151
2026-06-09T06:53:33.784000,152
2026-06-09T06:53:33.926000,153
2026-06-09T06:53:34.076000,153
2026-06-09T06:53:34.236000,154
2026-06-09T06:53:34.391000,158
2026-06-09T06:53:34.537000,160
2026-06-09T06:53:34.682000,161
2026-06-09T06:53:34.831000,161
2026-06-09T06:53:34.988000,161
2026-06-09T06:53:35.140000,163
2026-06-09T06:53:35.283000,165
2026-06-09T06:53:35.432000,166
2026-06-09T06:53:35.582000,166
2026-06-09T06:53:35.726000,168
2026-06-09T06:53:35.873000,172
2026-06-09T06:53:36.020000,172
2026-06-09T06:53:36.166000,175
2026-06-09T06:53:36.314000,178
2026-06-09T06:53:36.457000,182
2026-06-09T06:53:36.608000,186
2026-06-09T06:53:36.760000,189
2026-06-09T06:53:36.905000,190
2026-06-09T06:53:37.061000,190
2026-06-09T06:53:37.231000,247
2026-06-09T06:53:37.396000,223
2026-06-09T06:53:37.564000,234
2026-06-09T06:53:37.737000,254
2026-06-09T06:53:37.895000,211
2026-06-09T06:53:38.055000,221
2026-06-09T06:53:38.224000,225
2026-06-09T06:53:38.388000,235
2026-06-09T06:53:38.560000,242
2026-06-09T06:53:38.728000,249
2026-06-09T06:53:38.887000,194
2026-06-09T06:53:39.046000,199
2026-06-09T06:53:39.213000,203
2026-06-09T06:53:39.372000,206
2026-06-09T06:53:39.536000,206
2026-06-09T06:53:39.692000,214
2026-06-09T06:53:39.854000,215
2026-06-09T06:53:40.018000,216
2026-06-09T06:53:40.180000,218
2026-06-09T06:53:40.338000,222
2026-06-09T06:53:40.497000,226
2026-06-09T06:53:40.662000,230
2026-06-09T06:53:40.825000,232
2026-06-09T06:53:40.991000,239
2026-06-09T06:53:41.162000,242
2026-06-09T06:53:41.329000,242
2026-06-09T06:53:41.499000,248
2026-06-09T06:53:41.651000,171
2026-06-09T06:53:41.798000,174
2026-06-09T06:53:41.948000,177
2026-06-09T06:53:42.100000,180
2026-06-09T06:53:42.246000,181
2026-06-09T06:53:42.390000,183
2026-06-09T06:53:42.545000,184
2026-06-09T06:53:42.690000,190
2026-06-09T06:53:42.848000,193
2026-06-09T06:53:43.010000,196
2026-06-09T06:53:43.175000,199
2026-06-09T06:53:43.339000,202
2026-06-09T06:53:43.500000,206
2026-06-09T06:53:43.663000,211
2026-06-09T06:53:43.819000,211
2026-06-09T06:53:43.983000,213
2026-06-09T06:53:44.143000,215
2026-06-09T06:53:44.307000,217
2026-06-09T06:53:44.476000,220
2026-06-09T06:53:44.638000,225
2026-06-09T06:53:44.800000,227
2026-06-09T06:53:44.974000,232
2026-06-09T06:53:45.142000,235
2026-06-09T06:53:45.304000,237
2026-06-09T06:53:45.482000,241
2026-06-09T06:53:45.653000,246
2026-06-09T06:53:45.827000,249
2026-06-09T06:53:45.997000,253
2026-06-09T06:53:46.170000,255
2026-06-09T06:53:46.308000,128
2026-06-09T06:53:46.452000,130
2026-06-09T06:53:46.597000,130
2026-06-09T06:53:46.738000,131
2026-06-09T06:53:46.880000,134
2026-06-09T06:53:47.023000,134
2026-06-09T06:53:47.168000,135
2026-06-09T06:53:47.308000,136
2026-06-09T06:53:47.452000,136
2026-06-09T06:53:47.595000,136
2026-06-09T06:53:47.737000,137
2026-06-09T06:53:47.879000,139
2026-06-09T06:53:48.026000,140
2026-06-09T06:53:48.173000,142
2026-06-09T06:53:48.318000,142
2026-06-09T06:53:48.464000,142
2026-06-09T06:53:48.610000,144
2026-06-09T06:53:48.753000,145
2026-06-09T06:53:48.895000,145
2026-06-09T06:53:49.045000,147
2026-06-09T06:53:49.193000,150
2026-06-09T06:53:49.337000,151
2026-06-09T06:53:49.480000,152
2026-06-09T06:53:49.624000,153
2026-06-09T06:53:49.766000,154
2026-06-09T06:53:49.907000,160
2026-06-09T06:53:50.059000,161
2026-06-09T06:53:50.205000,161
2026-06-09T06:53:50.348000,163
2026-06-09T06:53:50.495000,164
2026-06-09T06:53:50.643000,165
2026-06-09T06:53:50.788000,166
2026-06-09T06:53:50.936000,168
2026-06-09T06:53:51.086000,172
2026-06-09T06:53:51.232000,174
2026-06-09T06:53:51.377000,178
2026-06-09T06:53:51.525000,182
2026-06-09T06:53:51.673000,186
2026-06-09T06:53:51.818000,189
2026-06-09T06:53:51.968000,190
2026-06-09T06:53:52.149000,247
2026-06-09T06:53:52.309000,223
2026-06-09T06:53:52.479000,247
2026-06-09T06:53:52.640000,208
2026-06-09T06:53:52.798000,219
2026-06-09T06:53:52.961000,223
2026-06-09T06:53:53.129000,235
2026-06-09T06:53:53.293000,239
2026-06-09T06:53:53.463000,247
2026-06-09T06:53:53.635000,253
2026-06-09T06:53:53.799000,197
2026-06-09T06:53:53.960000,201
2026-06-09T06:53:54.126000,206
2026-06-09T06:53:54.286000,206
2026-06-09T06:53:54.447000,214
2026-06-09T06:53:54.608000,215
2026-06-09T06:53:54.765000,218
2026-06-09T06:53:54.926000,222
2026-06-09T06:53:55.089000,229
2026-06-09T06:53:55.252000,232
2026-06-09T06:53:55.422000,239
2026-06-09T06:53:55.601000,242
2026-06-09T06:53:55.778000,245
2026-06-09T06:53:55.961000,254
2026-06-09T06:53:56.110000,171
2026-06-09T06:53:56.254000,175
2026-06-09T06:53:56.398000,177
2026-06-09T06:53:56.553000,181
2026-06-09T06:53:56.700000,182
2026-06-09T06:53:56.844000,183
2026-06-09T06:53:56.991000,185
2026-06-09T06:53:57.140000,191
2026-06-09T06:53:57.298000,195
2026-06-09T06:53:57.459000,197
2026-06-09T06:53:57.624000,201
2026-06-09T06:53:57.781000,204
2026-06-09T06:53:57.941000,210
2026-06-09T06:53:58.104000,211
2026-06-09T06:53:58.267000,213
2026-06-09T06:53:58.429000,215
2026-06-09T06:53:58.591000,217
2026-06-09T06:53:58.748000,220
2026-06-09T06:53:58.915000,225
2026-06-09T06:53:59.077000,227
2026-06-09T06:53:59.239000,232
2026-06-09T06:53:59.402000,235
2026-06-09T06:53:59.576000,237
2026-06-09T06:53:59.749000,241
2026-06-09T06:53:59.918000,246
2026-06-09T06:54:00.098000,249
2026-06-09T06:54:00.269000,253
2026-06-09T06:54:00.441000,255
2026-06-09T06:54:00.578000,128
2026-06-09T06:54:00.726000,130
2026-06-09T06:54:00.868000,130
2026-06-09T06:54:01.006000,131
2026-06-09T06:54:01.151000,134
2026-06-09T06:54:01.294000,134
2026-06-09T06:54:01.436000,135
2026-06-09T06:54:01.576000,136
2026-06-09T06:54:01.728000,136
2026-06-09T06:54:01.869000,136
2026-06-09T06:54:02.009000,137
2026-06-09T06:54:02.163000,139
2026-06-09T06:54:02.309000,140
2026-06-09T06:54:02.451000,142
2026-06-09T06:54:02.593000,142
2026-06-09T06:54:02.738000,142
2026-06-09T06:54:02.885000,144
2026-06-09T06:54:03.027000,145
2026-06-09T06:54:03.173000,145
2026-06-09T06:54:03.320000,147
2026-06-09T06:54:03.467000,150
2026-06-09T06:54:03.614000,151
2026-06-09T06:54:03.758000,152
2026-06-09T06:54:03.902000,153
2026-06-09T06:54:04.063000,154
2026-06-09T06:54:04.211000,160
2026-06-09T06:54:04.357000,161
2026-06-09T06:54:04.504000,161
2026-06-09T06:54:04.651000,163
2026-06-09T06:54:04.794000,164
2026-06-09T06:54:04.945000,165
2026-06-09T06:54:05.095000,166
2026-06-09T06:54:05.238000,168
2026-06-09T06:54:05.383000,172
2026-06-09T06:54:05.537000,174
2026-06-09T06:54:05.684000,178
2026-06-09T06:54:05.831000,182
2026-06-09T06:54:05.980000,186
2026-06-09T06:54:06.129000,189
2026-06-09T06:54:06.274000,190
2026-06-09T06:54:06.452000,247
2026-06-09T06:54:06.608000,223
2026-06-09T06:54:06.777000,247
2026-06-09T06:54:06.936000,208
2026-06-09T06:54:07.092000,219
2026-06-09T06:54:07.250000,223
2026-06-09T06:54:07.412000,235
2026-06-09T06:54:07.585000,239
2026-06-09T06:54:07.764000,247
2026-06-09T06:54:07.943000,253
2026-06-09T06:54:08.117000,197
2026-06-09T06:54:08.281000,201
2026-06-09T06:54:08.447000,206
2026-06-09T06:54:08.613000,206
2026-06-09T06:54:08.770000,214
2026-06-09T06:54:08.930000,215
2026-06-09T06:54:09.095000,218
2026-06-09T06:54:09.254000,222
2026-06-09T06:54:09.413000,229
2026-06-09T06:54:09.592000,232
2026-06-09T06:54:09.758000,239
2026-06-09T06:54:09.924000,242
2026-06-09T06:54:10.100000,245
2026-06-09T06:54:10.269000,254
2026-06-09T06:54:10.417000,171
2026-06-09T06:54:10.574000,175
2026-06-09T06:54:10.721000,177
2026-06-09T06:54:10.866000,181
2026-06-09T06:54:11.015000,182
2026-06-09T06:54:11.164000,183
2026-06-09T06:54:11.308000,185
2026-06-09T06:54:11.453000,191
2026-06-09T06:54:11.629000,195
2026-06-09T06:54:11.788000,197
2026-06-09T06:54:11.950000,201
2026-06-09T06:54:12.118000,204
2026-06-09T06:54:12.279000,210
2026-06-09T06:54:12.434000,211
2026-06-09T06:54:12.598000,213
2026-06-09T06:54:12.758000,215
2026-06-09T06:54:12.914000,217
2026-06-09T06:54:13.077000,220
2026-06-09T06:54:13.241000,225
2026-06-09T06:54:13.399000,227
2026-06-09T06:54:13.574000,232
2026-06-09T06:54:13.739000,235
2026-06-09T06:54:13.906000,237
2026-06-09T06:54:14.083000,241
2026-06-09T06:54:14.253000,246
2026-06-09T06:54:14.420000,249
2026-06-09T06:54:14.598000,253
2026-06-09T06:54:14.764000,255
2026-06-09T06:54:14.904000,128
2026-06-09T06:54:15.054000,130
2026-06-09T06:54:15.196000,130
2026-06-09T06:54:15.337000,131
2026-06-09T06:54:15.482000,134
2026-06-09T06:54:15.628000,134
2026-06-09T06:54:15.768000,135
2026-06-09T06:54:15.917000,135
2026-06-09T06:54:16.070000,136
2026-06-09T06:54:16.212000,136
2026-06-09T06:54:16.354000,137
2026-06-09T06:54:16.498000,138
2026-06-09T06:54:16.646000,139
2026-06-09T06:54:16.788000,140
2026-06-09T06:54:16.936000,142
2026-06-09T06:54:17.082000,142
2026-06-09T06:54:17.224000,142
2026-06-09T06:54:17.366000,144
2026-06-09T06:54:17.509000,145
2026-06-09T06:54:17.657000,145
2026-06-09T06:54:17.801000,147
2026-06-09T06:54:17.947000,149
2026-06-09T06:54:18.098000,150
2026-06-09T06:54:18.245000,152
2026-06-09T06:54:18.389000,153
2026-06-09T06:54:18.536000,153
2026-06-09T06:54:18.682000,158
2026-06-09T06:54:18.825000,160
2026-06-09T06:54:18.976000,161
2026-06-09T06:54:19.125000,161
2026-06-09T06:54:19.272000,163
2026-06-09T06:54:19.417000,164
2026-06-09T06:54:19.572000,165
2026-06-09T06:54:19.716000,166
2026-06-09T06:54:19.860000,168
2026-06-09T06:54:20.009000,172
2026-06-09T06:54:20.157000,174
2026-06-09T06:54:20.305000,178
2026-06-09T06:54:20.450000,182
2026-06-09T06:54:20.617000,186
2026-06-09T06:54:20.768000,189
2026-06-09T06:54:20.915000,190
2026-06-09T06:54:21.095000,247
2026-06-09T06:54:21.264000,223
2026-06-09T06:54:21.433000,247
2026-06-09T06:54:21.595000,208
2026-06-09T06:54:21.758000,219
2026-06-09T06:54:21.920000,223
2026-06-09T06:54:22.091000,235
2026-06-09T06:54:22.258000,239
2026-06-09T06:54:22.434000,247
2026-06-09T06:54:22.609000,253
2026-06-09T06:54:22.769000,197
2026-06-09T06:54:22.939000,201
2026-06-09T06:54:23.112000,206
2026-06-09T06:54:23.279000,206
2026-06-09T06:54:23.448000,214
2026-06-09T06:54:23.613000,215
2026-06-09T06:54:23.771000,218
2026-06-09T06:54:23.937000,222
2026-06-09T06:54:24.113000,229
2026-06-09T06:54:24.285000,232
2026-06-09T06:54:24.467000,239
2026-06-09T06:54:24.642000,242
2026-06-09T06:54:24.806000,245
2026-06-09T06:54:24.986000,254
2026-06-09T06:54:25.142000,171
2026-06-09T06:54:25.296000,174
2026-06-09T06:54:25.444000,177
2026-06-09T06:54:25.595000,180
2026-06-09T06:54:25.744000,181
2026-06-09T06:54:25.889000,183
2026-06-09T06:54:26.038000,184
2026-06-09T06:54:26.189000,190
2026-06-09T06:54:26.337000,191
2026-06-09T06:54:26.497000,195
2026-06-09T06:54:26.665000,197
2026-06-09T06:54:26.829000,199
2026-06-09T06:54:26.991000,202
2026-06-09T06:54:27.160000,206
2026-06-09T06:54:27.317000,210
2026-06-09T06:54:27.481000,211
2026-06-09T06:54:27.644000,213
2026-06-09T06:54:27.803000,215
2026-06-09T06:54:27.966000,217
2026-06-09T06:54:28.126000,219
2026-06-09T06:54:28.289000,224
2026-06-09T06:54:28.455000,227
2026-06-09T06:54:28.623000,230
2026-06-09T06:54:28.786000,233
2026-06-09T06:54:28.958000,237
2026-06-09T06:54:29.134000,238
2026-06-09T06:54:29.299000,244
2026-06-09T06:54:29.470000,248
2026-06-09T06:54:29.648000,250
2026-06-09T06:54:29.816000,255
2026-06-09T06:54:29.944000,127
2026-06-09T06:54:30.090000,130
2026-06-09T06:54:30.231000,130
2026-06-09T06:54:30.372000,130
2026-06-09T06:54:30.515000,133
2026-06-09T06:54:30.660000,134
2026-06-09T06:54:30.801000,134
2026-06-09T06:54:30.957000,135
2026-06-09T06:54:31.101000,136
2026-06-09T06:54:31.245000,136
2026-06-09T06:54:31.388000,136
2026-06-09T06:54:31.541000,137
2026-06-09T06:54:31.684000,139
2026-06-09T06:54:31.825000,140
2026-06-09T06:54:31.976000,142
2026-06-09T06:54:32.119000,142
2026-06-09T06:54:32.266000,142
2026-06-09T06:54:32.408000,143
2026-06-09T06:54:32.560000,145
2026-06-09T06:54:32.704000,145
2026-06-09T06:54:32.849000,147
2026-06-09T06:54:32.994000,149
2026-06-09T06:54:33.141000,150
2026-06-09T06:54:33.294000,152
2026-06-09T06:54:33.444000,152
2026-06-09T06:54:33.598000,153
2026-06-09T06:54:33.741000,154
2026-06-09T06:54:33.888000,160
2026-06-09T06:54:34.042000,161
2026-06-09T06:54:34.190000,161
2026-06-09T06:54:34.336000,163
2026-06-09T06:54:34.483000,164
2026-06-09T06:54:34.630000,165
2026-06-09T06:54:34.775000,166
2026-06-09T06:54:34.920000,167
2026-06-09T06:54:35.070000,169
2026-06-09T06:54:35.217000,172
2026-06-09T06:54:35.361000,175
2026-06-09T06:54:35.507000,180
2026-06-09T06:54:35.656000,185
2026-06-09T06:54:35.803000,186
2026-06-09T06:54:35.963000,189
2026-06-09T06:54:36.112000,190
2026-06-09T06:54:36.293000,247
2026-06-09T06:54:36.455000,223
2026-06-09T06:54:36.633000,247
2026-06-09T06:54:36.790000,208
2026-06-09T06:54:36.961000,219
2026-06-09T06:54:37.126000,223
2026-06-09T06:54:37.297000,235
2026-06-09T06:54:37.467000,239
2026-06-09T06:54:37.639000,247
2026-06-09T06:54:37.806000,253
2026-06-09T06:54:37.984000,197
2026-06-09T06:54:38.153000,199
2026-06-09T06:54:38.319000,203
2026-06-09T06:54:38.484000,206
2026-06-09T06:54:38.650000,211
2026-06-09T06:54:38.807000,214
2026-06-09T06:54:38.967000,215
2026-06-09T06:54:39.133000,218
2026-06-09T06:54:39.298000,222
2026-06-09T06:54:39.460000,229
2026-06-09T06:54:39.633000,230
2026-06-09T06:54:39.801000,236
2026-06-09T06:54:39.971000,241
2026-06-09T06:54:40.151000,242
2026-06-09T06:54:40.330000,245
2026-06-09T06:54:40.500000,254
2026-06-09T06:54:40.650000,171
2026-06-09T06:54:40.796000,174
2026-06-09T06:54:40.946000,177
2026-06-09T06:54:41.103000,180
2026-06-09T06:54:41.250000,181
2026-06-09T06:54:41.402000,183
2026-06-09T06:54:41.554000,183
2026-06-09T06:54:41.701000,185
2026-06-09T06:54:41.851000,191
2026-06-09T06:54:42.015000,195
2026-06-09T06:54:42.177000,197
2026-06-09T06:54:42.345000,201
2026-06-09T06:54:42.506000,204
2026-06-09T06:54:42.669000,210
2026-06-09T06:54:42.832000,211
2026-06-09T06:54:42.992000,212
2026-06-09T06:54:43.160000,215
2026-06-09T06:54:43.324000,215
2026-06-09T06:54:43.485000,217
2026-06-09T06:54:43.651000,220
2026-06-09T06:54:43.811000,224
2026-06-09T06:54:43.986000,227
2026-06-09T06:54:44.154000,230
2026-06-09T06:54:44.323000,232
2026-06-09T06:54:44.488000,235
2026-06-09T06:54:44.657000,237
2026-06-09T06:54:44.827000,238
2026-06-09T06:54:44.994000,244
2026-06-09T06:54:45.161000,248
2026-06-09T06:54:45.339000,249
2026-06-09T06:54:45.513000,253
2026-06-09T06:54:45.683000,255
2026-06-09T06:54:45.813000,127
2026-06-09T06:54:45.955000,128
2026-06-09T06:54:46.100000,130
2026-06-09T06:54:46.246000,130
2026-06-09T06:54:46.393000,130
2026-06-09T06:54:46.538000,133
2026-06-09T06:54:46.682000,134
2026-06-09T06:54:46.829000,135
2026-06-09T06:54:46.980000,135
2026-06-09T06:54:47.124000,136
2026-06-09T06:54:47.266000,136
2026-06-09T06:54:47.411000,136
2026-06-09T06:54:47.563000,137
2026-06-09T06:54:47.704000,138
2026-06-09T06:54:47.849000,139
2026-06-09T06:54:48,139
2026-06-09T06:54:48.147000,141
2026-06-09T06:54:48.291000,142
2026-06-09T06:54:48.442000,142
2026-06-09T06:54:48.593000,142
2026-06-09T06:54:48.738000,144
2026-06-09T06:54:48.883000,145
2026-06-09T06:54:49.032000,145
2026-06-09T06:54:49.186000,145
2026-06-09T06:54:49.329000,147
2026-06-09T06:54:49.472000,150
2026-06-09T06:54:49.629000,150
2026-06-09T06:54:49.777000,151
2026-06-09T06:54:49.919000,152
2026-06-09T06:54:50.069000,153
2026-06-09T06:54:50.221000,153
2026-06-09T06:54:50.369000,158
2026-06-09T06:54:50.514000,160
2026-06-09T06:54:50.666000,161
2026-06-09T06:54:50.820000,161
2026-06-09T06:54:50.973000,163
2026-06-09T06:54:51.120000,164
2026-06-09T06:54:51.277000,165
2026-06-09T06:54:51.434000,166
2026-06-09T06:54:51.590000,167
2026-06-09T06:54:51.738000,169
2026-06-09T06:54:51.885000,172
2026-06-09T06:54:52.043000,174
2026-06-09T06:54:52.195000,175
2026-06-09T06:54:52.340000,180
2026-06-09T06:54:52.492000,185
2026-06-09T06:54:52.641000,186
2026-06-09T06:54:52.788000,186
2026-06-09T06:54:52.936000,190
2026-06-09T06:54:53.106000,190
2026-06-09T06:54:53.292000,247
2026-06-09T06:54:53.458000,215
2026-06-09T06:54:53.628000,223
2026-06-09T06:54:53.816000,247
2026-06-09T06:54:53.977000,208
2026-06-09T06:54:54.145000,219
2026-06-09T06:54:54.304000,223
2026-06-09T06:54:54.468000,235
2026-06-09T06:54:54.644000,235
2026-06-09T06:54:54.821000,242
2026-06-09T06:54:54.992000,249
2026-06-09T06:54:55.159000,194
2026-06-09T06:54:55.319000,199
2026-06-09T06:54:55.485000,201
2026-06-09T06:54:55.649000,203
2026-06-09T06:54:55.817000,206
2026-06-09T06:54:55.981000,211
2026-06-09T06:54:56.145000,215
2026-06-09T06:54:56.304000,216
2026-06-09T06:54:56.466000,221
2026-06-09T06:54:56.634000,222
2026-06-09T06:54:56.795000,229
2026-06-09T06:54:56.959000,232
2026-06-09T06:54:57.129000,239
2026-06-09T06:54:57.309000,242
2026-06-09T06:54:57.477000,245
2026-06-09T06:54:57.648000,248
2026-06-09T06:54:57.825000,254
2026-06-09T06:54:57.971000,171
2026-06-09T06:54:58.136000,175
2026-06-09T06:54:58.285000,177
2026-06-09T06:54:58.433000,180
2026-06-09T06:54:58.584000,181
2026-06-09T06:54:58.729000,182
2026-06-09T06:54:58.882000,183
2026-06-09T06:54:59.034000,184
2026-06-09T06:54:59.181000,190
2026-06-09T06:54:59.331000,191
2026-06-09T06:54:59.493000,195
2026-06-09T06:54:59.657000,197
2026-06-09T06:54:59.822000,201
2026-06-09T06:54:59.984000,204
2026-06-09T06:55:00.151000,210
2026-06-09T06:55:00.312000,211
2026-06-09T06:55:00.468000,212
2026-06-09T06:55:00.634000,215
2026-06-09T06:55:00.812000,217
2026-06-09T06:55:00.972000,219
2026-06-09T06:55:01.135000,220
2026-06-09T06:55:01.301000,225
2026-06-09T06:55:01.460000,227
2026-06-09T06:55:01.628000,232
2026-06-09T06:55:01.793000,235
2026-06-09T06:55:01.967000,237
2026-06-09T06:55:02.134000,241
2026-06-09T06:55:02.313000,246
2026-06-09T06:55:02.480000,249
2026-06-09T06:55:02.647000,253
2026-06-09T06:55:02.823000,255
2026-06-09T06:55:02.967000,128
2026-06-09T06:55:03.109000,130
2026-06-09T06:55:03.261000,130
2026-06-09T06:55:03.406000,130
2026-06-09T06:55:03.547000,133
2026-06-09T06:55:03.688000,134
2026-06-09T06:55:03.832000,135
2026-06-09T06:55:03.979000,135
2026-06-09T06:55:04.127000,136
2026-06-09T06:55:04.278000,136
2026-06-09T06:55:04.422000,136
2026-06-09T06:55:04.568000,137
2026-06-09T06:55:04.711000,139
2026-06-09T06:55:04.864000,140
2026-06-09T06:55:05.013000,142
2026-06-09T06:55:05.159000,142
2026-06-09T06:55:05.303000,142
2026-06-09T06:55:05.450000,143
2026-06-09T06:55:05.594000,145
2026-06-09T06:55:05.737000,145
2026-06-09T06:55:05.879000,147
2026-06-09T06:55:06.024000,149
2026-06-09T06:55:06.166000,150
2026-06-09T06:55:06.307000,151
2026-06-09T06:55:06.447000,152
2026-06-09T06:55:06.597000,153
2026-06-09T06:55:06.741000,154
2026-06-09T06:55:06.885000,160
2026-06-09T06:55:07.032000,161
2026-06-09T06:55:07.177000,161
2026-06-09T06:55:07.320000,163
2026-06-09T06:55:07.464000,164
2026-06-09T06:55:07.626000,165
2026-06-09T06:55:07.771000,166
2026-06-09T06:55:07.915000,168
2026-06-09T06:55:08.060000,172
2026-06-09T06:55:08.215000,174
2026-06-09T06:55:08.373000,178
2026-06-09T06:55:08.517000,182
2026-06-09T06:55:08.661000,186
2026-06-09T06:55:08.809000,186
2026-06-09T06:55:08.958000,190
2026-06-09T06:55:09.101000,190
2026-06-09T06:55:09.270000,247
2026-06-09T06:55:09.433000,223
2026-06-09T06:55:09.603000,247
2026-06-09T06:55:09.766000,208
2026-06-09T06:55:09.929000,219
2026-06-09T06:55:10.087000,223
2026-06-09T06:55:10.255000,235
2026-06-09T06:55:10.424000,239
2026-06-09T06:55:10.613000,247
2026-06-09T06:55:10.792000,253
2026-06-09T06:55:10.956000,197
2026-06-09T06:55:11.114000,201
2026-06-09T06:55:11.279000,206
2026-06-09T06:55:11.443000,206
2026-06-09T06:55:11.600000,214
2026-06-09T06:55:11.760000,215
2026-06-09T06:55:11.924000,218
2026-06-09T06:55:12.085000,222
2026-06-09T06:55:12.250000,229
2026-06-09T06:55:12.418000,232
2026-06-09T06:55:12.581000,239
2026-06-09T06:55:12.759000,242
2026-06-09T06:55:12.941000,245
2026-06-09T06:55:13.115000,254
2026-06-09T06:55:13.267000,171
2026-06-09T06:55:13.421000,175
2026-06-09T06:55:13.567000,177
2026-06-09T06:55:13.716000,181
2026-06-09T06:55:13.865000,182
2026-06-09T06:55:14.010000,183
2026-06-09T06:55:14.155000,185
2026-06-09T06:55:14.309000,191
2026-06-09T06:55:14.467000,195
2026-06-09T06:55:14.623000,197
2026-06-09T06:55:14.784000,201
2026-06-09T06:55:14.945000,204
2026-06-09T06:55:15.101000,210
2026-06-09T06:55:15.257000,211
2026-06-09T06:55:15.417000,213
2026-06-09T06:55:15.574000,215
2026-06-09T06:55:15.735000,217
2026-06-09T06:55:15.896000,220
2026-06-09T06:55:16.054000,225
2026-06-09T06:55:16.219000,227
2026-06-09T06:55:16.388000,232
2026-06-09T06:55:16.553000,235
2026-06-09T06:55:16.720000,237
2026-06-09T06:55:16.889000,241
2026-06-09T06:55:17.082000,246
2026-06-09T06:55:17.260000,249
2026-06-09T06:55:17.434000,253
2026-06-09T06:55:17.600000,255
2026-06-09T06:55:17.742000,128
2026-06-09T06:55:17.886000,130
2026-06-09T06:55:18.027000,130
2026-06-09T06:55:18.167000,131
2026-06-09T06:55:18.312000,134
2026-06-09T06:55:18.456000,134
2026-06-09T06:55:18.597000,135
2026-06-09T06:55:18.742000,136
2026-06-09T06:55:18.888000,136
2026-06-09T06:55:19.033000,136
2026-06-09T06:55:19.184000,137
2026-06-09T06:55:19.339000,139
2026-06-09T06:55:19.484000,140
2026-06-09T06:55:19.625000,142
2026-06-09T06:55:19.770000,142
2026-06-09T06:55:19.913000,142
2026-06-09T06:55:20.059000,144
2026-06-09T06:55:20.205000,145
2026-06-09T06:55:20.353000,145
2026-06-09T06:55:20.496000,147
2026-06-09T06:55:20.640000,150
2026-06-09T06:55:20.786000,151
2026-06-09T06:55:20.934000,152
2026-06-09T06:55:21.079000,153
2026-06-09T06:55:21.226000,154
2026-06-09T06:55:21.378000,160
2026-06-09T06:55:21.523000,161
2026-06-09T06:55:21.666000,161
2026-06-09T06:55:21.816000,163
2026-06-09T06:55:21.964000,164
2026-06-09T06:55:22.109000,165
2026-06-09T06:55:22.256000,166
2026-06-09T06:55:22.409000,168
2026-06-09T06:55:22.556000,172
2026-06-09T06:55:22.700000,174
2026-06-09T06:55:22.846000,178
2026-06-09T06:55:22.994000,182
2026-06-09T06:55:23.143000,186
2026-06-09T06:55:23.293000,189
2026-06-09T06:55:23.450000,190
2026-06-09T06:55:23.618000,247
2026-06-09T06:55:23.778000,223
2026-06-09T06:55:23.970000,247
2026-06-09T06:55:24.128000,208
2026-06-09T06:55:24.284000,219
2026-06-09T06:55:24.443000,223
2026-06-09T06:55:24.607000,235
2026-06-09T06:55:24.769000,239
2026-06-09T06:55:24.936000,247
2026-06-09T06:55:25.107000,253
2026-06-09T06:55:25.284000,197
2026-06-09T06:55:25.447000,201
2026-06-09T06:55:25.611000,206
2026-06-09T06:55:25.776000,206
2026-06-09T06:55:25.934000,214
2026-06-09T06:55:26.096000,215
2026-06-09T06:55:26.260000,218
2026-06-09T06:55:26.417000,222
2026-06-09T06:55:26.575000,229
2026-06-09T06:55:26.765000,232
2026-06-09T06:55:26.930000,239
2026-06-09T06:55:27.097000,242
2026-06-09T06:55:27.273000,245
2026-06-09T06:55:27.439000,254
2026-06-09T06:55:27.589000,171
2026-06-09T06:55:27.735000,175
2026-06-09T06:55:27.883000,177
2026-06-09T06:55:28.035000,181
2026-06-09T06:55:28.181000,182
2026-06-09T06:55:28.329000,183
2026-06-09T06:55:28.483000,185
2026-06-09T06:55:28.632000,191
2026-06-09T06:55:28.792000,195
2026-06-09T06:55:28.957000,197
2026-06-09T06:55:29.123000,201
2026-06-09T06:55:29.280000,204
2026-06-09T06:55:29.436000,210
2026-06-09T06:55:29.592000,211
2026-06-09T06:55:29.753000,213
2026-06-09T06:55:29.913000,215
2026-06-09T06:55:30.069000,217
2026-06-09T06:55:30.226000,220
2026-06-09T06:55:30.395000,225
2026-06-09T06:55:30.553000,227
2026-06-09T06:55:30.741000,232
2026-06-09T06:55:30.908000,235
2026-06-09T06:55:31.070000,237
2026-06-09T06:55:31.237000,241
2026-06-09T06:55:31.406000,246
2026-06-09T06:55:31.570000,249
2026-06-09T06:55:31.767000,253
2026-06-09T06:55:31.944000,255
2026-06-09T06:55:32.084000,128
2026-06-09T06:55:32.230000,130
2026-06-09T06:55:32.374000,130
2026-06-09T06:55:32.514000,131
2026-06-09T06:55:32.655000,134
2026-06-09T06:55:32.797000,134
2026-06-09T06:55:32.943000,135
2026-06-09T06:55:33.094000,136
2026-06-09T06:55:33.242000,136
2026-06-09T06:55:33.392000,136
2026-06-09T06:55:33.534000,137
2026-06-09T06:55:33.674000,139
2026-06-09T06:55:33.820000,140
2026-06-09T06:55:33.963000,142
2026-06-09T06:55:34.106000,142
2026-06-09T06:55:34.255000,142
2026-06-09T06:55:34.402000,144
2026-06-09T06:55:34.544000,145
2026-06-09T06:55:34.685000,145
2026-06-09T06:55:34.830000,147
2026-06-09T06:55:34.981000,150
2026-06-09T06:55:35.123000,151
2026-06-09T06:55:35.269000,152
2026-06-09T06:55:35.416000,153
2026-06-09T06:55:35.560000,154
2026-06-09T06:55:35.704000,160
2026-06-09T06:55:35.849000,161
2026-06-09T06:55:35.994000,161
2026-06-09T06:55:36.137000,163
2026-06-09T06:55:36.283000,164
2026-06-09T06:55:36.431000,165
2026-06-09T06:55:36.575000,166
2026-06-09T06:55:36.723000,168
2026-06-09T06:55:36.871000,172
2026-06-09T06:55:37.014000,174
2026-06-09T06:55:37.159000,178
2026-06-09T06:55:37.305000,182
2026-06-09T06:55:37.454000,186
2026-06-09T06:55:37.609000,189
2026-06-09T06:55:37.758000,190
2026-06-09T06:55:37.929000,247
2026-06-09T06:55:38.092000,223
2026-06-09T06:55:38.265000,247
2026-06-09T06:55:38.424000,208
2026-06-09T06:55:38.582000,219
2026-06-09T06:55:38.744000,223
2026-06-09T06:55:38.912000,235
2026-06-09T06:55:39.076000,239
2026-06-09T06:55:39.246000,247
2026-06-09T06:55:39.420000,253
2026-06-09T06:55:39.579000,197
2026-06-09T06:55:39.741000,201
2026-06-09T06:55:39.906000,206
2026-06-09T06:55:40.067000,206
2026-06-09T06:55:40.223000,214
2026-06-09T06:55:40.383000,215
2026-06-09T06:55:40.543000,218
2026-06-09T06:55:40.698000,222
2026-06-09T06:55:40.873000,229
2026-06-09T06:55:41.040000,232
2026-06-09T06:55:41.203000,239
2026-06-09T06:55:41.382000,242
2026-06-09T06:55:41.554000,245
2026-06-09T06:55:41.722000,254
2026-06-09T06:55:41.872000,171
2026-06-09T06:55:42.022000,175
2026-06-09T06:55:42.169000,177
2026-06-09T06:55:42.315000,181
2026-06-09T06:55:42.470000,182
2026-06-09T06:55:42.616000,183
2026-06-09T06:55:42.762000,185
2026-06-09T06:55:42.910000,191
2026-06-09T06:55:43.076000,195
2026-06-09T06:55:43.242000,197
2026-06-09T06:55:43.407000,201
2026-06-09T06:55:43.570000,204
2026-06-09T06:55:43.727000,210
2026-06-09T06:55:43.888000,211
2026-06-09T06:55:44.048000,213
2026-06-09T06:55:44.204000,215
2026-06-09T06:55:44.366000,217
2026-06-09T06:55:44.524000,220
2026-06-09T06:55:44.681000,225
2026-06-09T06:55:44.854000,227
2026-06-09T06:55:45.020000,232
2026-06-09T06:55:45.183000,235
2026-06-09T06:55:45.354000,237
2026-06-09T06:55:45.521000,241
2026-06-09T06:55:45.686000,246
2026-06-09T06:55:45.854000,249
2026-06-09T06:55:46.026000,253
2026-06-09T06:55:46.193000,255
2026-06-09T06:55:46.334000,128
2026-06-09T06:55:46.480000,130
2026-06-09T06:55:46.626000,130
2026-06-09T06:55:46.771000,131
2026-06-09T06:55:46.920000,134
2026-06-09T06:55:47.167000,134
2026-06-09T06:55:47.315000,135
2026-06-09T06:55:47.461000,136
2026-06-09T06:55:47.602000,136
2026-06-09T06:55:47.743000,136
2026-06-09T06:55:47.888000,137
2026-06-09T06:55:48.033000,139
2026-06-09T06:55:48.178000,140
2026-06-09T06:55:48.327000,142
2026-06-09T06:55:48.472000,142
2026-06-09T06:55:48.612000,142
2026-06-09T06:55:48.753000,144
2026-06-09T06:55:48.897000,145
2026-06-09T06:55:49.041000,145
2026-06-09T06:55:49.188000,147
2026-06-09T06:55:49.331000,150
2026-06-09T06:55:49.476000,151
2026-06-09T06:55:49.619000,152
2026-06-09T06:55:49.762000,153
2026-06-09T06:55:49.911000,154
2026-06-09T06:55:50.058000,160
2026-06-09T06:55:50.200000,161
2026-06-09T06:55:50.340000,161
2026-06-09T06:55:50.499000,163
2026-06-09T06:55:50.645000,164
2026-06-09T06:55:50.791000,165
2026-06-09T06:55:50.939000,166
2026-06-09T06:55:51.087000,168
2026-06-09T06:55:51.231000,172
2026-06-09T06:55:51.376000,174
2026-06-09T06:55:51.530000,178
2026-06-09T06:55:51.676000,182
2026-06-09T06:55:51.820000,186
2026-06-09T06:55:51.978000,189
2026-06-09T06:55:52.127000,190
2026-06-09T06:55:52.295000,247
2026-06-09T06:55:52.459000,223
2026-06-09T06:55:52.629000,247
2026-06-09T06:55:52.786000,208
2026-06-09T06:55:52.947000,219
2026-06-09T06:55:53.112000,223
2026-06-09T06:55:53.278000,235
2026-06-09T06:55:53.445000,239
2026-06-09T06:55:53.616000,247
2026-06-09T06:55:53.783000,253
2026-06-09T06:55:53.943000,197
2026-06-09T06:55:54.104000,201
2026-06-09T06:55:54.263000,206
2026-06-09T06:55:54.424000,206
2026-06-09T06:55:54.583000,214
2026-06-09T06:55:54.739000,215
2026-06-09T06:55:54.899000,218
2026-06-09T06:55:55.059000,222
2026-06-09T06:55:55.218000,229
2026-06-09T06:55:55.389000,232
2026-06-09T06:55:55.559000,239
2026-06-09T06:55:55.725000,242
2026-06-09T06:55:55.899000,245
2026-06-09T06:55:56.074000,254
2026-06-09T06:55:56.220000,171
2026-06-09T06:55:56.372000,175
2026-06-09T06:55:56.523000,177
2026-06-09T06:55:56.671000,181
2026-06-09T06:55:56.818000,182
2026-06-09T06:55:56.965000,183
2026-06-09T06:55:57.114000,185
2026-06-09T06:55:57.259000,191
2026-06-09T06:55:57.421000,195
2026-06-09T06:55:57.586000,197
2026-06-09T06:55:57.759000,201
2026-06-09T06:55:57.924000,204
2026-06-09T06:55:58.087000,210
2026-06-09T06:55:58.249000,211
2026-06-09T06:55:58.410000,213
2026-06-09T06:55:58.568000,215
2026-06-09T06:55:58.723000,217
2026-06-09T06:55:58.877000,220
2026-06-09T06:55:59.047000,225
2026-06-09T06:55:59.204000,227
2026-06-09T06:55:59.384000,232
2026-06-09T06:55:59.554000,235
2026-06-09T06:55:59.741000,237
2026-06-09T06:55:59.914000,241
2026-06-09T06:56:00.088000,246
2026-06-09T06:56:00.256000,249
2026-06-09T06:56:00.430000,253
2026-06-09T06:56:00.611000,255
2026-06-09T06:56:00.758000,128
2026-06-09T06:56:00.900000,130
2026-06-09T06:56:01.041000,130
2026-06-09T06:56:01.191000,131
2026-06-09T06:56:01.338000,134
2026-06-09T06:56:01.481000,134
2026-06-09T06:56:01.640000,135
2026-06-09T06:56:01.788000,135
2026-06-09T06:56:01.933000,136
2026-06-09T06:56:02.077000,136
2026-06-09T06:56:02.224000,137
2026-06-09T06:56:02.370000,138
2026-06-09T06:56:02.512000,139
2026-06-09T06:56:02.661000,141
2026-06-09T06:56:02.807000,142
2026-06-09T06:56:02.949000,142
2026-06-09T06:56:03.101000,142
2026-06-09T06:56:03.254000,144
2026-06-09T06:56:03.404000,145
2026-06-09T06:56:03.549000,145
2026-06-09T06:56:03.693000,147
2026-06-09T06:56:03.840000,149
2026-06-09T06:56:03.988000,150
2026-06-09T06:56:04.135000,152
2026-06-09T06:56:04.284000,153
2026-06-09T06:56:04.429000,153
2026-06-09T06:56:04.586000,158
2026-06-09T06:56:04.733000,160
2026-06-09T06:56:04.881000,161
2026-06-09T06:56:05.035000,161
2026-06-09T06:56:05.185000,163
2026-06-09T06:56:05.330000,165
2026-06-09T06:56:05.479000,166
2026-06-09T06:56:05.633000,167
2026-06-09T06:56:05.780000,168
2026-06-09T06:56:05.930000,172
2026-06-09T06:56:06.083000,174
2026-06-09T06:56:06.230000,178
2026-06-09T06:56:06.376000,182
2026-06-09T06:56:06.528000,186
2026-06-09T06:56:06.679000,189
2026-06-09T06:56:06.827000,190
2026-06-09T06:56:06.986000,190
2026-06-09T06:56:07.182000,247
2026-06-09T06:56:07.341000,223
2026-06-09T06:56:07.507000,234
2026-06-09T06:56:07.677000,254
2026-06-09T06:56:07.841000,208
2026-06-09T06:56:08.002000,219
2026-06-09T06:56:08.164000,221
2026-06-09T06:56:08.332000,225
2026-06-09T06:56:08.502000,235
2026-06-09T06:56:08.668000,239
2026-06-09T06:56:08.838000,242
2026-06-09T06:56:09.012000,249
2026-06-09T06:56:09.171000,194
2026-06-09T06:56:09.332000,199
2026-06-09T06:56:09.496000,203
2026-06-09T06:56:09.665000,206
2026-06-09T06:56:09.833000,206
2026-06-09T06:56:09.992000,214
2026-06-09T06:56:10.153000,215
2026-06-09T06:56:10.313000,216
2026-06-09T06:56:10.498000,221
2026-06-09T06:56:10.658000,226
2026-06-09T06:56:10.821000,229
2026-06-09T06:56:10.987000,232
2026-06-09T06:56:11.153000,239
2026-06-09T06:56:11.325000,241
2026-06-09T06:56:11.494000,242
2026-06-09T06:56:11.663000,248
2026-06-09T06:56:11.841000,254
2026-06-09T06:56:11.994000,171
2026-06-09T06:56:12.141000,175
2026-06-09T06:56:12.289000,177
2026-06-09T06:56:12.440000,181
2026-06-09T06:56:12.591000,181
2026-06-09T06:56:12.740000,183
2026-06-09T06:56:12.887000,184
2026-06-09T06:56:13.035000,190
2026-06-09T06:56:13.208000,193
2026-06-09T06:56:13.397000,196
2026-06-09T06:56:13.571000,199
2026-06-09T06:56:13.740000,202
2026-06-09T06:56:13.910000,206
2026-06-09T06:56:14.072000,211
2026-06-09T06:56:14.244000,211
2026-06-09T06:56:14.416000,212
2026-06-09T06:56:14.578000,215
2026-06-09T06:56:14.745000,217
2026-06-09T06:56:14.914000,219
2026-06-09T06:56:15.076000,224
2026-06-09T06:56:15.242000,227
2026-06-09T06:56:15.415000,230
2026-06-09T06:56:15.586000,233
2026-06-09T06:56:15.756000,237
2026-06-09T06:56:15.930000,238
2026-06-09T06:56:16.107000,244
2026-06-09T06:56:16.279000,248
2026-06-09T06:56:16.456000,250
2026-06-09T06:56:16.629000,255
2026-06-09T06:56:16.764000,127
2026-06-09T06:56:16.915000,130
2026-06-09T06:56:17.062000,130
2026-06-09T06:56:17.207000,130
2026-06-09T06:56:17.359000,131
2026-06-09T06:56:17.504000,133
2026-06-09T06:56:17.650000,134
2026-06-09T06:56:17.799000,134
2026-06-09T06:56:17.948000,134
2026-06-09T06:56:18.099000,135
2026-06-09T06:56:18.249000,135
2026-06-09T06:56:18.399000,136
2026-06-09T06:56:18.542000,136
2026-06-09T06:56:18.684000,136
2026-06-09T06:56:18.829000,137
2026-06-09T06:56:18.976000,138
2026-06-09T06:56:19.125000,139
2026-06-09T06:56:19.280000,140
2026-06-09T06:56:19.432000,142
2026-06-09T06:56:19.582000,142
2026-06-09T06:56:19.737000,142
2026-06-09T06:56:19.888000,143
2026-06-09T06:56:20.038000,145
2026-06-09T06:56:20.188000,145
2026-06-09T06:56:20.340000,145
2026-06-09T06:56:20.494000,147
2026-06-09T06:56:20.652000,150
2026-06-09T06:56:20.803000,150
2026-06-09T06:56:20.957000,151
2026-06-09T06:56:21.117000,152
2026-06-09T06:56:21.266000,153
2026-06-09T06:56:21.415000,153
2026-06-09T06:56:21.564000,153
2026-06-09T06:56:21.720000,158
2026-06-09T06:56:21.877000,160
2026-06-09T06:56:22.028000,161
2026-06-09T06:56:22.182000,161
2026-06-09T06:56:22.336000,161
2026-06-09T06:56:22.495000,163
2026-06-09T06:56:22.645000,165
2026-06-09T06:56:22.797000,165
2026-06-09T06:56:22.956000,166
2026-06-09T06:56:23.116000,166
2026-06-09T06:56:23.267000,168
2026-06-09T06:56:23.415000,172
2026-06-09T06:56:23.566000,172
2026-06-09T06:56:23.720000,174
2026-06-09T06:56:23.868000,178
2026-06-09T06:56:24.020000,182
2026-06-09T06:56:24.173000,185
2026-06-09T06:56:24.319000,186
2026-06-09T06:56:24.471000,190
2026-06-09T06:56:24.622000,190
2026-06-09T06:56:24.796000,247
2026-06-09T06:56:24.959000,215
2026-06-09T06:56:25.144000,234
2026-06-09T06:56:25.335000,254
2026-06-09T06:56:25.500000,211
2026-06-09T06:56:25.665000,221
2026-06-09T06:56:25.831000,223
2026-06-09T06:56:25.988000,225
2026-06-09T06:56:26.157000,235
2026-06-09T06:56:26.333000,239
2026-06-09T06:56:26.506000,247
2026-06-09T06:56:26.687000,253
2026-06-09T06:56:26.861000,194
2026-06-09T06:56:27.025000,199
2026-06-09T06:56:27.194000,201
2026-06-09T06:56:27.369000,206
2026-06-09T06:56:27.535000,206
2026-06-09T06:56:27.702000,211
2026-06-09T06:56:27.870000,214
2026-06-09T06:56:28.033000,215
2026-06-09T06:56:28.201000,216
2026-06-09T06:56:28.365000,221
2026-06-09T06:56:28.536000,226
2026-06-09T06:56:28.703000,229
2026-06-09T06:56:28.871000,230
2026-06-09T06:56:29.046000,236
2026-06-09T06:56:29.212000,239
2026-06-09T06:56:29.382000,241
2026-06-09T06:56:29.558000,242
2026-06-09T06:56:29.732000,245
2026-06-09T06:56:29.917000,254
2026-06-09T06:56:30.072000,171
2026-06-09T06:56:30.227000,171
2026-06-09T06:56:30.382000,175
2026-06-09T06:56:30.537000,177
2026-06-09T06:56:30.695000,177
2026-06-09T06:56:30.849000,181
2026-06-09T06:56:31.005000,182
2026-06-09T06:56:31.167000,183
2026-06-09T06:56:31.319000,183
2026-06-09T06:56:31.473000,184
2026-06-09T06:56:31.636000,190
2026-06-09T06:56:31.786000,191
2026-06-09T06:56:31.952000,193
2026-06-09T06:56:32.122000,196
2026-06-09T06:56:32.295000,199
2026-06-09T06:56:32.464000,201
2026-06-09T06:56:32.639000,202
2026-06-09T06:56:32.807000,206
2026-06-09T06:56:32.969000,211
2026-06-09T06:56:33.144000,212
2026-06-09T06:56:33.315000,215
2026-06-09T06:56:33.501000,215
2026-06-09T06:56:33.687000,217
2026-06-09T06:56:33.853000,217
2026-06-09T06:56:34.022000,220
2026-06-09T06:56:34.198000,224
2026-06-09T06:56:34.375000,225
2026-06-09T06:56:34.540000,227
2026-06-09T06:56:34.712000,230
2026-06-09T06:56:34.879000,233
2026-06-09T06:56:35.053000,237
2026-06-09T06:56:35.226000,238
2026-06-09T06:56:35.406000,241
2026-06-09T06:56:35.581000,244
2026-06-09T06:56:35.757000,246
2026-06-09T06:56:35.936000,249
2026-06-09T06:56:36.125000,250
2026-06-09T06:56:36.301000,255
2026-06-09T06:56:36.479000,255
2026-06-09T06:56:36.636000,128
2026-06-09T06:56:36.781000,130
2026-06-09T06:56:36.923000,130
2026-06-09T06:56:37.075000,130
2026-06-09T06:56:37.226000,131
2026-06-09T06:56:37.374000,134
2026-06-09T06:56:37.524000,134
2026-06-09T06:56:37.676000,134
2026-06-09T06:56:37.825000,135
2026-06-09T06:56:37.970000,135
2026-06-09T06:56:38.127000,136
2026-06-09T06:56:38.278000,136
2026-06-09T06:56:38.424000,136
2026-06-09T06:56:38.576000,137
2026-06-09T06:56:38.725000,137
2026-06-09T06:56:38.879000,139
2026-06-09T06:56:39.029000,139
2026-06-09T06:56:39.182000,140
2026-06-09T06:56:39.329000,141
2026-06-09T06:56:39.480000,142
2026-06-09T06:56:39.637000,142
2026-06-09T06:56:39.788000,142
2026-06-09T06:56:39.935000,143
2026-06-09T06:56:40.082000,145
2026-06-09T06:56:40.235000,145
2026-06-09T06:56:40.383000,147
2026-06-09T06:56:40.532000,147
2026-06-09T06:56:40.684000,150
2026-06-09T06:56:40.835000,150
2026-06-09T06:56:40.992000,152
2026-06-09T06:56:41.154000,153
2026-06-09T06:56:41.307000,153
2026-06-09T06:56:41.456000,153
2026-06-09T06:56:41.618000,158
2026-06-09T06:56:41.771000,160
2026-06-09T06:56:41.924000,161
2026-06-09T06:56:42.088000,161
2026-06-09T06:56:42.240000,161
2026-06-09T06:56:42.388000,163
2026-06-09T06:56:42.541000,163
2026-06-09T06:56:42.692000,164
2026-06-09T06:56:42.835000,165
2026-06-09T06:56:42.991000,166
2026-06-09T06:56:43.147000,167
2026-06-09T06:56:43.302000,168
2026-06-09T06:56:43.458000,172
2026-06-09T06:56:43.616000,174
2026-06-09T06:56:43.771000,178
2026-06-09T06:56:43.923000,180
2026-06-09T06:56:44.084000,182
2026-06-09T06:56:44.241000,186
2026-06-09T06:56:44.394000,189
2026-06-09T06:56:44.545000,190
2026-06-09T06:56:44.697000,190
2026-06-09T06:56:44.873000,247
2026-06-09T06:56:45.040000,223
2026-06-09T06:56:45.215000,247
2026-06-09T06:56:45.375000,208
2026-06-09T06:56:45.538000,211
2026-06-09T06:56:45.701000,219
2026-06-09T06:56:45.859000,221
2026-06-09T06:56:46.025000,225
2026-06-09T06:56:46.197000,235
2026-06-09T06:56:46.372000,242
2026-06-09T06:56:46.552000,247
2026-06-09T06:56:46.726000,249
2026-06-09T06:56:46.889000,194
2026-06-09T06:56:47.061000,199
2026-06-09T06:56:47.228000,203
2026-06-09T06:56:47.394000,206
2026-06-09T06:56:47.563000,211
2026-06-09T06:56:47.725000,215
2026-06-09T06:56:47.892000,216
2026-06-09T06:56:48.060000,221
2026-06-09T06:56:48.237000,226
2026-06-09T06:56:48.411000,230
2026-06-09T06:56:48.577000,232
2026-06-09T06:56:48.747000,239
2026-06-09T06:56:48.914000,242
2026-06-09T06:56:49.091000,245
2026-06-09T06:56:49.258000,254
2026-06-09T06:56:49.415000,171
2026-06-09T06:56:49.569000,175
2026-06-09T06:56:49.717000,177
2026-06-09T06:56:49.862000,181
2026-06-09T06:56:50.023000,181
2026-06-09T06:56:50.179000,183
2026-06-09T06:56:50.328000,184
2026-06-09T06:56:50.484000,190
2026-06-09T06:56:50.638000,191
2026-06-09T06:56:50.807000,193
2026-06-09T06:56:50.970000,196
2026-06-09T06:56:51.135000,199
2026-06-09T06:56:51.295000,202
2026-06-09T06:56:51.469000,206
2026-06-09T06:56:51.631000,210
2026-06-09T06:56:51.794000,211
2026-06-09T06:56:51.957000,213
2026-06-09T06:56:52.129000,215
2026-06-09T06:56:52.293000,217
2026-06-09T06:56:52.455000,219
2026-06-09T06:56:52.625000,224
2026-06-09T06:56:52.786000,227
2026-06-09T06:56:52.952000,230
2026-06-09T06:56:53.129000,233
2026-06-09T06:56:53.300000,237
2026-06-09T06:56:53.466000,238
2026-06-09T06:56:53.644000,244
2026-06-09T06:56:53.810000,248
2026-06-09T06:56:53.981000,250
2026-06-09T06:56:54.151000,255
2026-06-09T06:56:54.285000,127
2026-06-09T06:56:54.426000,128
2026-06-09T06:56:54.580000,130
2026-06-09T06:56:54.721000,130
2026-06-09T06:56:54.866000,131
2026-06-09T06:56:55.010000,134
2026-06-09T06:56:55.157000,134
2026-06-09T06:56:55.300000,135
2026-06-09T06:56:55.448000,136
2026-06-09T06:56:55.601000,136
2026-06-09T06:56:55.743000,136
2026-06-09T06:56:55.889000,137
2026-06-09T06:56:56.040000,139
2026-06-09T06:56:56.184000,140
2026-06-09T06:56:56.330000,142
2026-06-09T06:56:56.475000,142
2026-06-09T06:56:56.621000,142
2026-06-09T06:56:56.763000,143
2026-06-09T06:56:56.908000,145
2026-06-09T06:56:57.065000,145
2026-06-09T06:56:57.208000,147
2026-06-09T06:56:57.350000,149
2026-06-09T06:56:57.498000,150
2026-06-09T06:56:57.646000,152
2026-06-09T06:56:57.790000,152
2026-06-09T06:56:57.938000,153
2026-06-09T06:56:58.090000,154
2026-06-09T06:56:58.239000,160
2026-06-09T06:56:58.385000,161
2026-06-09T06:56:58.533000,161
2026-06-09T06:56:58.679000,163
2026-06-09T06:56:58.822000,163
2026-06-09T06:56:58.973000,165
2026-06-09T06:56:59.122000,166
2026-06-09T06:56:59.266000,167
2026-06-09T06:56:59.410000,169
2026-06-09T06:56:59.568000,172
2026-06-09T06:56:59.713000,175
2026-06-09T06:56:59.859000,180
2026-06-09T06:57:00.009000,185
2026-06-09T06:57:00.160000,186
2026-06-09T06:57:00.306000,190
2026-06-09T06:57:00.455000,190
2026-06-09T06:57:00.630000,247
2026-06-09T06:57:00.789000,223
2026-06-09T06:57:00.959000,247
2026-06-09T06:57:01.121000,208
2026-06-09T06:57:01.278000,219
2026-06-09T06:57:01.435000,223
2026-06-09T06:57:01.600000,235
2026-06-09T06:57:01.768000,239
2026-06-09T06:57:01.933000,247
2026-06-09T06:57:02.113000,253
2026-06-09T06:57:02.276000,197
2026-06-09T06:57:02.436000,201
2026-06-09T06:57:02.599000,206
2026-06-09T06:57:02.763000,206
2026-06-09T06:57:02.921000,214
2026-06-09T06:57:03.083000,215
2026-06-09T06:57:03.252000,218
2026-06-09T06:57:03.413000,222
2026-06-09T06:57:03.573000,229
2026-06-09T06:57:03.740000,232
2026-06-09T06:57:03.902000,239
2026-06-09T06:57:04.068000,242
2026-06-09T06:57:04.237000,245
2026-06-09T06:57:04.409000,254
2026-06-09T06:57:04.557000,171
2026-06-09T06:57:04.702000,175
2026-06-09T06:57:04.850000,177
2026-06-09T06:57:05.004000,181
2026-06-09T06:57:05.151000,182
2026-06-09T06:57:05.296000,183
2026-06-09T06:57:05.452000,185
2026-06-09T06:57:05.601000,191
2026-06-09T06:57:05.760000,195
2026-06-09T06:57:05.924000,197
2026-06-09T06:57:06.086000,201
2026-06-09T06:57:06.245000,204
2026-06-09T06:57:06.409000,210
2026-06-09T06:57:06.573000,211
2026-06-09T06:57:06.729000,213
2026-06-09T06:57:06.888000,215
2026-06-09T06:57:07.051000,217
2026-06-09T06:57:07.208000,220
2026-06-09T06:57:07.370000,225
2026-06-09T06:57:07.533000,227
2026-06-09T06:57:07.696000,232
2026-06-09T06:57:07.862000,235
2026-06-09T06:57:08.029000,237
2026-06-09T06:57:08.199000,241
2026-06-09T06:57:08.371000,246
2026-06-09T06:57:08.551000,249
2026-06-09T06:57:08.718000,253
2026-06-09T06:57:08.884000,255
2026-06-09T06:57:09.009000,127
2026-06-09T06:57:09.151000,130
2026-06-09T06:57:09.297000,130
2026-06-09T06:57:09.451000,130
2026-06-09T06:57:09.598000,133
2026-06-09T06:57:09.741000,134
2026-06-09T06:57:09.887000,135
2026-06-09T06:57:10.034000,135
2026-06-09T06:57:10.175000,136
2026-06-09T06:57:10.324000,136
2026-06-09T06:57:10.470000,137
2026-06-09T06:57:10.620000,138
2026-06-09T06:57:10.762000,139
2026-06-09T06:57:10.916000,141
2026-06-09T06:57:11.062000,142
2026-06-09T06:57:11.205000,142
2026-06-09T06:57:11.349000,143
2026-06-09T06:57:11.496000,145
2026-06-09T06:57:11.643000,145
2026-06-09T06:57:11.785000,145
2026-06-09T06:57:11.943000,147
2026-06-09T06:57:12.087000,150
2026-06-09T06:57:12.235000,151
2026-06-09T06:57:12.381000,152
2026-06-09T06:57:12.529000,153
2026-06-09T06:57:12.674000,154
2026-06-09T06:57:12.821000,160
2026-06-09T06:57:12.973000,161
2026-06-09T06:57:13.121000,161
2026-06-09T06:57:13.275000,161
2026-06-09T06:57:13.432000,163
2026-06-09T06:57:13.585000,165
2026-06-09T06:57:13.731000,166
2026-06-09T06:57:13.881000,167
2026-06-09T06:57:14.030000,169
2026-06-09T06:57:14.178000,172
2026-06-09T06:57:14.329000,174
2026-06-09T06:57:14.481000,175
2026-06-09T06:57:14.633000,180
2026-06-09T06:57:14.779000,182
2026-06-09T06:57:14.936000,186
2026-06-09T06:57:15.087000,189
2026-06-09T06:57:15.232000,190
2026-06-09T06:57:15.401000,247
2026-06-09T06:57:15.568000,215
2026-06-09T06:57:15.731000,234
2026-06-09T06:57:15.901000,254
2026-06-09T06:57:16.065000,211
2026-06-09T06:57:16.220000,221
2026-06-09T06:57:16.391000,225
2026-06-09T06:57:16.565000,235
2026-06-09T06:57:16.727000,239
2026-06-09T06:57:16.893000,247
2026-06-09T06:57:17.076000,253
2026-06-09T06:57:17.233000,197
2026-06-09T06:57:17.400000,201
2026-06-09T06:57:17.568000,203
2026-06-09T06:57:17.733000,206
2026-06-09T06:57:17.895000,211
2026-06-09T06:57:18.054000,214
2026-06-09T06:57:18.230000,215
2026-06-09T06:57:18.400000,216
2026-06-09T06:57:18.565000,221
2026-06-09T06:57:18.729000,226
2026-06-09T06:57:18.900000,230
2026-06-09T06:57:19.069000,236
2026-06-09T06:57:19.246000,239
2026-06-09T06:57:19.424000,242
2026-06-09T06:57:19.596000,245
2026-06-09T06:57:19.770000,254
2026-06-09T06:57:19.931000,171
2026-06-09T06:57:20.084000,175
2026-06-09T06:57:20.234000,177
2026-06-09T06:57:20.396000,181
2026-06-09T06:57:20.547000,182
2026-06-09T06:57:20.694000,183
2026-06-09T06:57:20.844000,183
2026-06-09T06:57:20.995000,184
2026-06-09T06:57:21.142000,185
2026-06-09T06:57:21.295000,190
2026-06-09T06:57:21.446000,191
2026-06-09T06:57:21.605000,195
2026-06-09T06:57:21.776000,197
2026-06-09T06:57:21.945000,201
2026-06-09T06:57:22.121000,204
2026-06-09T06:57:22.290000,210
2026-06-09T06:57:22.448000,211
2026-06-09T06:57:22.611000,213
2026-06-09T06:57:22.787000,215
2026-06-09T06:57:22.976000,217
2026-06-09T06:57:23.165000,219
2026-06-09T06:57:23.350000,220
2026-06-09T06:57:23.521000,225
2026-06-09T06:57:23.681000,227
2026-06-09T06:57:23.845000,227
2026-06-09T06:57:24.015000,232
2026-06-09T06:57:24.180000,235
2026-06-09T06:57:24.352000,237
2026-06-09T06:57:24.528000,241
2026-06-09T06:57:24.693000,244
2026-06-09T06:57:24.865000,246
2026-06-09T06:57:25.039000,249
2026-06-09T06:57:25.215000,253
2026-06-09T06:57:25.399000,255
2026-06-09T06:57:25.528000,127
2026-06-09T06:57:25.674000,128
2026-06-09T06:57:25.816000,130
2026-06-09T06:57:25.965000,130
2026-06-09T06:57:26.106000,130
2026-06-09T06:57:26.258000,133
2026-06-09T06:57:26.411000,134
2026-06-09T06:57:26.557000,134
2026-06-09T06:57:26.705000,135
2026-06-09T06:57:26.858000,135
2026-06-09T06:57:27.010000,136
2026-06-09T06:57:27.155000,136
2026-06-09T06:57:27.305000,136
2026-06-09T06:57:27.456000,136
2026-06-09T06:57:27.603000,137
2026-06-09T06:57:27.754000,139
2026-06-09T06:57:27.909000,139
2026-06-09T06:57:28.062000,140
2026-06-09T06:57:28.214000,141
2026-06-09T06:57:28.368000,142
2026-06-09T06:57:28.517000,142
2026-06-09T06:57:28.662000,142
2026-06-09T06:57:28.815000,143
2026-06-09T06:57:28.974000,144
2026-06-09T06:57:29.129000,145
2026-06-09T06:57:29.279000,145
2026-06-09T06:57:29.433000,145
2026-06-09T06:57:29.583000,147
2026-06-09T06:57:29.736000,149
2026-06-09T06:57:29.888000,150
2026-06-09T06:57:30.039000,151
2026-06-09T06:57:30.187000,152
2026-06-09T06:57:30.336000,152
2026-06-09T06:57:30.487000,153
2026-06-09T06:57:30.641000,154
2026-06-09T06:57:30.792000,158
2026-06-09T06:57:30.943000,160
2026-06-09T06:57:31.095000,161
2026-06-09T06:57:31.254000,161
2026-06-09T06:57:31.405000,161
2026-06-09T06:57:31.561000,163
2026-06-09T06:57:31.714000,163
2026-06-09T06:57:31.868000,165
2026-06-09T06:57:32.024000,166
2026-06-09T06:57:32.179000,166
2026-06-09T06:57:32.330000,167
2026-06-09T06:57:32.474000,169
2026-06-09T06:57:32.629000,172
2026-06-09T06:57:32.787000,175
2026-06-09T06:57:32.942000,178
2026-06-09T06:57:33.103000,180
2026-06-09T06:57:33.267000,185
2026-06-09T06:57:33.419000,186
2026-06-09T06:57:33.573000,186
2026-06-09T06:57:33.732000,190
2026-06-09T06:57:33.884000,190
2026-06-09T06:57:34.060000,247
2026-06-09T06:57:34.236000,215
2026-06-09T06:57:34.405000,234
2026-06-09T06:57:34.578000,247
2026-06-09T06:57:34.735000,208
2026-06-09T06:57:34.896000,219
2026-06-09T06:57:35.062000,221
2026-06-09T06:57:35.230000,225
2026-06-09T06:57:35.405000,235
2026-06-09T06:57:35.575000,239
2026-06-09T06:57:35.761000,247
2026-06-09T06:57:35.934000,253
2026-06-09T06:57:36.098000,194
2026-06-09T06:57:36.263000,199
2026-06-09T06:57:36.429000,203
2026-06-09T06:57:36.605000,206
2026-06-09T06:57:36.781000,206
2026-06-09T06:57:36.940000,211
2026-06-09T06:57:37.108000,215
2026-06-09T06:57:37.275000,215
2026-06-09T06:57:37.443000,218
2026-06-09T06:57:37.611000,221
2026-06-09T06:57:37.773000,226
2026-06-09T06:57:37.939000,229
2026-06-09T06:57:38.114000,232
2026-06-09T06:57:38.293000,236
2026-06-09T06:57:38.463000,239
2026-06-09T06:57:38.644000,242
2026-06-09T06:57:38.822000,245
2026-06-09T06:57:39.003000,254
2026-06-09T06:57:39.156000,171
2026-06-09T06:57:39.309000,174
2026-06-09T06:57:39.463000,175
2026-06-09T06:57:39.617000,177
2026-06-09T06:57:39.768000,180
2026-06-09T06:57:39.925000,181
2026-06-09T06:57:40.087000,182
2026-06-09T06:57:40.241000,183
2026-06-09T06:57:40.396000,184
2026-06-09T06:57:40.547000,190
2026-06-09T06:57:40.719000,193
2026-06-09T06:57:40.890000,195
2026-06-09T06:57:41.068000,196
2026-06-09T06:57:41.240000,199
2026-06-09T06:57:41.412000,201
2026-06-09T06:57:41.594000,204
2026-06-09T06:57:41.773000,206
2026-06-09T06:57:41.932000,210
2026-06-09T06:57:42.105000,211
2026-06-09T06:57:42.273000,211
2026-06-09T06:57:42.442000,213
2026-06-09T06:57:42.629000,215
2026-06-09T06:57:42.790000,215
2026-06-09T06:57:42.982000,217
2026-06-09T06:57:43.153000,220
2026-06-09T06:57:43.329000,224
2026-06-09T06:57:43.501000,225
2026-06-09T06:57:43.663000,227
2026-06-09T06:57:43.832000,230
2026-06-09T06:57:44.028000,233
2026-06-09T06:57:44.238000,235
2026-06-09T06:57:44.413000,237
2026-06-09T06:57:44.594000,238
2026-06-09T06:57:44.781000,241
2026-06-09T06:57:44.969000,244
2026-06-09T06:57:45.154000,248
2026-06-09T06:57:45.328000,249
2026-06-09T06:57:45.519000,253
2026-06-09T06:57:45.697000,255
2026-06-09T06:57:45.828000,127
2026-06-09T06:57:45.977000,128
2026-06-09T06:57:46.129000,130
2026-06-09T06:57:46.282000,130
2026-06-09T06:57:46.432000,130
2026-06-09T06:57:46.589000,130
2026-06-09T06:57:46.736000,131
2026-06-09T06:57:46.880000,133
2026-06-09T06:57:47.033000,134
2026-06-09T06:57:47.184000,135
2026-06-09T06:57:47.328000,135
2026-06-09T06:57:47.482000,135
2026-06-09T06:57:47.633000,136
2026-06-09T06:57:47.781000,136
2026-06-09T06:57:47.933000,136
2026-06-09T06:57:48.092000,137
2026-06-09T06:57:48.245000,137
2026-06-09T06:57:48.393000,138
2026-06-09T06:57:48.548000,139
2026-06-09T06:57:48.696000,141
2026-06-09T06:57:48.841000,142
2026-06-09T06:57:48.992000,142
2026-06-09T06:57:49.147000,142
2026-06-09T06:57:49.298000,143
2026-06-09T06:57:49.455000,144
2026-06-09T06:57:49.610000,145
2026-06-09T06:57:49.764000,145
2026-06-09T06:57:49.915000,145
2026-06-09T06:57:50.084000,147
2026-06-09T06:57:50.232000,149
2026-06-09T06:57:50.381000,150
2026-06-09T06:57:50.533000,151
2026-06-09T06:57:50.686000,152
2026-06-09T06:57:50.839000,153
2026-06-09T06:57:50.996000,153
2026-06-09T06:57:51.151000,154
2026-06-09T06:57:51.300000,158
2026-06-09T06:57:51.451000,160
2026-06-09T06:57:51.608000,161
2026-06-09T06:57:51.758000,161
2026-06-09T06:57:51.909000,161
2026-06-09T06:57:52.073000,163
2026-06-09T06:57:52.226000,164
2026-06-09T06:57:52.380000,165
2026-06-09T06:57:52.542000,166
2026-06-09T06:57:52.693000,166
2026-06-09T06:57:52.840000,168
2026-06-09T06:57:52.999000,172
2026-06-09T06:57:53.155000,174
2026-06-09T06:57:53.317000,175
2026-06-09T06:57:53.474000,178
2026-06-09T06:57:53.635000,182
2026-06-09T06:57:53.787000,185
2026-06-09T06:57:53.950000,186
2026-06-09T06:57:54.106000,186
2026-06-09T06:57:54.253000,190
2026-06-09T06:57:54.400000,190
2026-06-09T06:57:54.604000,247
2026-06-09T06:57:54.774000,223
2026-06-09T06:57:54.941000,234
2026-06-09T06:57:55.126000,247
2026-06-09T06:57:55.294000,208
2026-06-09T06:57:55.459000,211
2026-06-09T06:57:55.628000,221
2026-06-09T06:57:55.796000,225
2026-06-09T06:57:55.967000,235
2026-06-09T06:57:56.140000,239
2026-06-09T06:57:56.315000,247
2026-06-09T06:57:56.492000,253
2026-06-09T06:57:56.665000,197
2026-06-09T06:57:56.831000,199
2026-06-09T06:57:57.005000,201
2026-06-09T06:57:57.175000,206
2026-06-09T06:57:57.346000,206
2026-06-09T06:57:57.519000,211
2026-06-09T06:57:57.687000,214
2026-06-09T06:57:57.851000,215
2026-06-09T06:57:58.022000,216
2026-06-09T06:57:58.217000,218
2026-06-09T06:57:58.410000,221
2026-06-09T06:57:58.581000,226
2026-06-09T06:57:58.751000,229
2026-06-09T06:57:58.926000,232
2026-06-09T06:57:59.098000,239
2026-06-09T06:57:59.270000,242
2026-06-09T06:57:59.454000,245
2026-06-09T06:57:59.627000,248
2026-06-09T06:57:59.777000,171
2026-06-09T06:57:59.928000,171
2026-06-09T06:58:00.089000,175
2026-06-09T06:58:00.239000,177
2026-06-09T06:58:00.391000,180
2026-06-09T06:58:00.545000,181
2026-06-09T06:58:00.698000,181
2026-06-09T06:58:00.848000,182
2026-06-09T06:58:00.998000,183
2026-06-09T06:58:01.156000,185
2026-06-09T06:58:01.308000,191
2026-06-09T06:58:01.476000,195
2026-06-09T06:58:01.646000,197
2026-06-09T06:58:01.819000,201
2026-06-09T06:58:01.984000,202
2026-06-09T06:58:02.162000,204
2026-06-09T06:58:02.328000,210
2026-06-09T06:58:02.499000,211
2026-06-09T06:58:02.661000,212
2026-06-09T06:58:02.832000,213
2026-06-09T06:58:03.002000,215
2026-06-09T06:58:03.193000,217
2026-06-09T06:58:03.363000,219
2026-06-09T06:58:03.536000,220
2026-06-09T06:58:03.717000,225
2026-06-09T06:58:03.892000,227
2026-06-09T06:58:04.058000,227
2026-06-09T06:58:04.234000,230
2026-06-09T06:58:04.399000,233
2026-06-09T06:58:04.584000,237
2026-06-09T06:58:04.759000,238
2026-06-09T06:58:04.939000,244
2026-06-09T06:58:05.130000,248
2026-06-09T06:58:05.303000,250
2026-06-09T06:58:05.476000,255
2026-06-09T06:58:05.616000,127
2026-06-09T06:58:05.762000,128
2026-06-09T06:58:05.916000,130
2026-06-09T06:58:06.064000,130
2026-06-09T06:58:06.212000,131
2026-06-09T06:58:06.361000,133
2026-06-09T06:58:06.504000,134
2026-06-09T06:58:06.653000,135
2026-06-09T06:58:06.801000,135
2026-06-09T06:58:06.955000,135
2026-06-09T06:58:07.109000,136
2026-06-09T06:58:07.261000,136
2026-06-09T06:58:07.414000,137
2026-06-09T06:58:07.565000,138
2026-06-09T06:58:07.713000,139
2026-06-09T06:58:07.858000,141
2026-06-09T06:58:08.012000,142
2026-06-09T06:58:08.161000,142
2026-06-09T06:58:08.310000,142
2026-06-09T06:58:08.459000,142
2026-06-09T06:58:08.610000,143
2026-06-09T06:58:08.760000,145
2026-06-09T06:58:08.912000,145
2026-06-09T06:58:09.066000,147
2026-06-09T06:58:09.212000,149
2026-06-09T06:58:09.358000,150
2026-06-09T06:58:09.512000,152
2026-06-09T06:58:09.662000,152
2026-06-09T06:58:09.815000,153
2026-06-09T06:58:09.967000,153
2026-06-09T06:58:10.116000,158
2026-06-09T06:58:10.262000,160
2026-06-09T06:58:10.418000,160
2026-06-09T06:58:10.574000,161
2026-06-09T06:58:10.719000,161
2026-06-09T06:58:10.863000,163
2026-06-09T06:58:11.024000,165
2026-06-09T06:58:11.176000,166
2026-06-09T06:58:11.322000,167
2026-06-09T06:58:11.481000,169
2026-06-09T06:58:11.635000,172
2026-06-09T06:58:11.792000,172
2026-06-09T06:58:11.948000,175
2026-06-09T06:58:12.101000,180
2026-06-09T06:58:12.250000,185
2026-06-09T06:58:12.407000,186
2026-06-09T06:58:12.564000,190
2026-06-09T06:58:12.708000,190
2026-06-09T06:58:12.874000,247
2026-06-09T06:58:13.055000,223
2026-06-09T06:58:13.229000,247
2026-06-09T06:58:13.401000,208
2026-06-09T06:58:13.570000,211
2026-06-09T06:58:13.726000,221
2026-06-09T06:58:13.893000,223
2026-06-09T06:58:14.062000,225
2026-06-09T06:58:14.227000,235
2026-06-09T06:58:14.403000,242
2026-06-09T06:58:14.589000,247
2026-06-09T06:58:14.763000,253
2026-06-09T06:58:14.930000,197
2026-06-09T06:58:15.103000,199
2026-06-09T06:58:15.264000,203
2026-06-09T06:58:15.436000,206
2026-06-09T06:58:15.611000,206
2026-06-09T06:58:15.773000,214
2026-06-09T06:58:15.939000,215
2026-06-09T06:58:16.129000,216
2026-06-09T06:58:16.308000,221
2026-06-09T06:58:16.473000,226
2026-06-09T06:58:16.651000,230
2026-06-09T06:58:16.816000,232
2026-06-09T06:58:16.987000,239
2026-06-09T06:58:17.167000,241
2026-06-09T06:58:17.343000,242
2026-06-09T06:58:17.536000,245
2026-06-09T06:58:17.713000,254
2026-06-09T06:58:17.863000,171
2026-06-09T06:58:18.017000,175
2026-06-09T06:58:18.167000,177
2026-06-09T06:58:18.316000,180
2026-06-09T06:58:18.466000,181
2026-06-09T06:58:18.622000,183
2026-06-09T06:58:18.767000,184
2026-06-09T06:58:18.918000,190
2026-06-09T06:58:19.082000,193
2026-06-09T06:58:19.243000,196
2026-06-09T06:58:19.410000,199
2026-06-09T06:58:19.581000,202
2026-06-09T06:58:19.742000,206
2026-06-09T06:58:19.899000,211
2026-06-09T06:58:20.065000,212
2026-06-09T06:58:20.229000,215
2026-06-09T06:58:20.387000,215
2026-06-09T06:58:20.551000,217
2026-06-09T06:58:20.723000,220
2026-06-09T06:58:20.882000,224
2026-06-09T06:58:21.051000,227
2026-06-09T06:58:21.222000,230
2026-06-09T06:58:21.389000,233
2026-06-09T06:58:21.557000,237
2026-06-09T06:58:21.725000,238
2026-06-09T06:58:21.904000,244
2026-06-09T06:58:22.071000,248
2026-06-09T06:58:22.239000,250
2026-06-09T06:58:22.410000,255
2026-06-09T06:58:22.538000,127
2026-06-09T06:58:22.682000,130
2026-06-09T06:58:22.826000,130
2026-06-09T06:58:22.970000,130
2026-06-09T06:58:23.124000,131
2026-06-09T06:58:23.273000,134
2026-06-09T06:58:23.423000,134
2026-06-09T06:58:23.570000,135
2026-06-09T06:58:23.710000,136
2026-06-09T06:58:23.854000,136
2026-06-09T06:58:23.999000,136
2026-06-09T06:58:24.140000,137
2026-06-09T06:58:24.287000,138
2026-06-09T06:58:24.433000,139
2026-06-09T06:58:24.576000,141
2026-06-09T06:58:24.718000,142
2026-06-09T06:58:24.861000,142
2026-06-09T06:58:25.006000,143
2026-06-09T06:58:25.148000,145
2026-06-09T06:58:25.289000,145
2026-06-09T06:58:25.433000,147
2026-06-09T06:58:25.590000,149
2026-06-09T06:58:25.735000,150
2026-06-09T06:58:25.878000,152
2026-06-09T06:58:26.025000,153
2026-06-09T06:58:26.169000,153
2026-06-09T06:58:26.319000,158
2026-06-09T06:58:26.466000,160
2026-06-09T06:58:26.621000,161
2026-06-09T06:58:26.771000,161
2026-06-09T06:58:26.919000,163
2026-06-09T06:58:27.065000,165
2026-06-09T06:58:27.209000,166
2026-06-09T06:58:27.357000,167
2026-06-09T06:58:27.505000,169
2026-06-09T06:58:27.650000,172
2026-06-09T06:58:27.796000,175
2026-06-09T06:58:27.943000,180
2026-06-09T06:58:28.090000,185
2026-06-09T06:58:28.249000,186
2026-06-09T06:58:28.407000,190
2026-06-09T06:58:28.555000,190
2026-06-09T06:58:28.722000,247
2026-06-09T06:58:28.889000,223
2026-06-09T06:58:29.057000,247
2026-06-09T06:58:29.215000,208
2026-06-09T06:58:29.397000,219
2026-06-09T06:58:29.561000,223
2026-06-09T06:58:29.728000,235
2026-06-09T06:58:29.890000,239
2026-06-09T06:58:30.058000,247
2026-06-09T06:58:30.234000,253
2026-06-09T06:58:30.401000,197
2026-06-09T06:58:30.561000,201
2026-06-09T06:58:30.732000,206
2026-06-09T06:58:30.894000,206
2026-06-09T06:58:31.050000,214
2026-06-09T06:58:31.222000,215
2026-06-09T06:58:31.414000,218
2026-06-09T06:58:31.582000,222
2026-06-09T06:58:31.752000,229
2026-06-09T06:58:31.916000,232
2026-06-09T06:58:32.087000,239
2026-06-09T06:58:32.261000,242
2026-06-09T06:58:32.437000,245
2026-06-09T06:58:32.607000,254
2026-06-09T06:58:32.759000,171
2026-06-09T06:58:32.905000,175
2026-06-09T06:58:33.050000,177
2026-06-09T06:58:33.200000,181
2026-06-09T06:58:33.359000,182
2026-06-09T06:58:33.507000,183
2026-06-09T06:58:33.652000,185
2026-06-09T06:58:33.804000,191
2026-06-09T06:58:33.966000,195
2026-06-09T06:58:34.128000,197
2026-06-09T06:58:34.295000,201
2026-06-09T06:58:34.462000,204
2026-06-09T06:58:34.620000,210
2026-06-09T06:58:34.779000,211
2026-06-09T06:58:34.945000,213
2026-06-09T06:58:35.121000,215
2026-06-09T06:58:35.300000,217
2026-06-09T06:58:35.465000,220
2026-06-09T06:58:35.624000,225
2026-06-09T06:58:35.791000,227
2026-06-09T06:58:35.958000,232
2026-06-09T06:58:36.125000,235
2026-06-09T06:58:36.290000,237
2026-06-09T06:58:36.470000,241
2026-06-09T06:58:36.644000,246
2026-06-09T06:58:36.830000,249
2026-06-09T06:58:37.007000,253
2026-06-09T06:58:37.183000,255
2026-06-09T06:58:37.329000,128
2026-06-09T06:58:37.473000,130
2026-06-09T06:58:37.618000,130
2026-06-09T06:58:37.764000,131
2026-06-09T06:58:37.910000,134
2026-06-09T06:58:38.053000,134
2026-06-09T06:58:38.203000,135
2026-06-09T06:58:38.357000,136
2026-06-09T06:58:38.501000,136
2026-06-09T06:58:38.643000,136
2026-06-09T06:58:38.788000,137
2026-06-09T06:58:38.935000,139
2026-06-09T06:58:39.076000,140
2026-06-09T06:58:39.331000,142
2026-06-09T06:58:39.478000,142
2026-06-09T06:58:39.622000,142
2026-06-09T06:58:39.769000,144
2026-06-09T06:58:39.917000,145
2026-06-09T06:58:40.060000,145
2026-06-09T06:58:40.204000,147
2026-06-09T06:58:40.358000,150
2026-06-09T06:58:40.503000,151
2026-06-09T06:58:40.647000,152
2026-06-09T06:58:40.794000,153
2026-06-09T06:58:40.942000,154
2026-06-09T06:58:41.088000,160
2026-06-09T06:58:41.237000,161
2026-06-09T06:58:41.385000,161
2026-06-09T06:58:41.530000,163
2026-06-09T06:58:41.674000,164
2026-06-09T06:58:41.826000,165
2026-06-09T06:58:41.973000,166
2026-06-09T06:58:42.118000,168
2026-06-09T06:58:42.266000,172
2026-06-09T06:58:42.415000,174
2026-06-09T06:58:42.561000,178
2026-06-09T06:58:42.711000,182
2026-06-09T06:58:42.862000,186
2026-06-09T06:58:43.008000,189
2026-06-09T06:58:43.163000,190
2026-06-09T06:58:43.342000,247
2026-06-09T06:58:43.502000,223
2026-06-09T06:58:43.704000,247
2026-06-09T06:58:43.878000,254
2026-06-09T06:58:44.035000,211
2026-06-09T06:58:44.202000,221
2026-06-09T06:58:44.366000,225
2026-06-09T06:58:44.536000,235
2026-06-09T06:58:44.708000,242
2026-06-09T06:58:44.907000,249
2026-06-09T06:58:45.067000,194
2026-06-09T06:58:45.229000,199
2026-06-09T06:58:45.394000,203
2026-06-09T06:58:45.557000,206
2026-06-09T06:58:45.723000,211
2026-06-09T06:58:45.908000,215
2026-06-09T06:58:46.087000,216
2026-06-09T06:58:46.268000,221
2026-06-09T06:58:46.461000,226
2026-06-09T06:58:46.631000,230
2026-06-09T06:58:46.799000,236
2026-06-09T06:58:46.976000,241
2026-06-09T06:58:47.140000,242
2026-06-09T06:58:47.309000,248
2026-06-09T06:58:47.460000,171
2026-06-09T06:58:47.612000,174
2026-06-09T06:58:47.761000,177
2026-06-09T06:58:47.910000,180
2026-06-09T06:58:48.057000,181
2026-06-09T06:58:48.214000,183
2026-06-09T06:58:48.364000,184
2026-06-09T06:58:48.510000,190
2026-06-09T06:58:48.668000,193
2026-06-09T06:58:48.839000,196
2026-06-09T06:58:49.001000,199
2026-06-09T06:58:49.165000,202
2026-06-09T06:58:49.336000,206
2026-06-09T06:58:49.492000,211
2026-06-09T06:58:49.652000,212
2026-06-09T06:58:49.813000,213
2026-06-09T06:58:49.979000,215
2026-06-09T06:58:50.158000,217
2026-06-09T06:58:50.356000,220
2026-06-09T06:58:50.520000,225
2026-06-09T06:58:50.680000,227
2026-06-09T06:58:50.855000,232
2026-06-09T06:58:51.024000,235
2026-06-09T06:58:51.188000,237
2026-06-09T06:58:51.373000,241
2026-06-09T06:58:51.557000,246
2026-06-09T06:58:51.738000,249
2026-06-09T06:58:51.918000,253
2026-06-09T06:58:52.086000,255
2026-06-09T06:58:52.229000,128
2026-06-09T06:58:52.376000,130
2026-06-09T06:58:52.519000,130
2026-06-09T06:58:52.663000,131
2026-06-09T06:58:52.814000,133
2026-06-09T06:58:52.961000,134
2026-06-09T06:58:53.110000,135
2026-06-09T06:58:53.259000,135
2026-06-09T06:58:53.405000,136
2026-06-09T06:58:53.552000,136
2026-06-09T06:58:53.697000,137
2026-06-09T06:58:53.848000,137
2026-06-09T06:58:53.991000,139
2026-06-09T06:58:54.135000,140
2026-06-09T06:58:54.280000,142
2026-06-09T06:58:54.427000,142
2026-06-09T06:58:54.576000,142
2026-06-09T06:58:54.722000,144
2026-06-09T06:58:54.868000,145
2026-06-09T06:58:55.010000,145
2026-06-09T06:58:55.152000,147
2026-06-09T06:58:55.305000,150
2026-06-09T06:58:55.449000,151
2026-06-09T06:58:55.604000,152
2026-06-09T06:58:55.752000,153
2026-06-09T06:58:55.900000,154
2026-06-09T06:58:56.044000,160
2026-06-09T06:58:56.191000,161
2026-06-09T06:58:56.341000,161
2026-06-09T06:58:56.487000,163
2026-06-09T06:58:56.637000,164
2026-06-09T06:58:56.793000,165
2026-06-09T06:58:56.942000,166
2026-06-09T06:58:57.090000,167
2026-06-09T06:58:57.236000,169
2026-06-09T06:58:57.387000,172
2026-06-09T06:58:57.536000,175
2026-06-09T06:58:57.683000,180
2026-06-09T06:58:57.832000,182
2026-06-09T06:58:57.984000,186
2026-06-09T06:58:58.135000,189
2026-06-09T06:58:58.303000,190
2026-06-09T06:58:58.502000,247
2026-06-09T06:58:58.663000,223
2026-06-09T06:58:58.841000,247
2026-06-09T06:58:59.005000,208
2026-06-09T06:58:59.181000,219
2026-06-09T06:58:59.359000,223
2026-06-09T06:58:59.535000,235
2026-06-09T06:58:59.699000,239
2026-06-09T06:58:59.870000,242
2026-06-09T06:59:00.042000,249
2026-06-09T06:59:00.206000,194
2026-06-09T06:59:00.376000,199
2026-06-09T06:59:00.548000,203
2026-06-09T06:59:00.713000,206
2026-06-09T06:59:00.872000,211
2026-06-09T06:59:01.033000,215
2026-06-09T06:59:01.196000,216
2026-06-09T06:59:01.356000,221
2026-06-09T06:59:01.522000,226
2026-06-09T06:59:01.691000,230
2026-06-09T06:59:01.857000,236
2026-06-09T06:59:02.027000,241
2026-06-09T06:59:02.199000,242
2026-06-09T06:59:02.367000,248
2026-06-09T06:59:02.519000,171
2026-06-09T06:59:02.671000,174
2026-06-09T06:59:02.819000,175
2026-06-09T06:59:02.966000,177
2026-06-09T06:59:03.117000,181
2026-06-09T06:59:03.271000,182
2026-06-09T06:59:03.417000,183
2026-06-09T06:59:03.567000,185
2026-06-09T06:59:03.720000,191
2026-06-09T06:59:03.879000,195
2026-06-09T06:59:04.040000,197
2026-06-09T06:59:04.216000,201
2026-06-09T06:59:04.381000,204
2026-06-09T06:59:04.539000,210
2026-06-09T06:59:04.707000,211
2026-06-09T06:59:04.867000,213
2026-06-09T06:59:05.052000,215
2026-06-09T06:59:05.234000,217
2026-06-09T06:59:05.395000,220
2026-06-09T06:59:05.553000,225
2026-06-09T06:59:05.715000,227
2026-06-09T06:59:05.884000,232
2026-06-09T06:59:06.054000,235
2026-06-09T06:59:06.216000,237
2026-06-09T06:59:06.397000,241
2026-06-09T06:59:06.575000,246
2026-06-09T06:59:06.751000,249
2026-06-09T06:59:06.933000,253
2026-06-09T06:59:07.115000,255
2026-06-09T06:59:07.250000,128
2026-06-09T06:59:07.395000,130
2026-06-09T06:59:07.549000,130
2026-06-09T06:59:07.694000,131
2026-06-09T06:59:07.836000,134
2026-06-09T06:59:07.984000,134
2026-06-09T06:59:08.130000,135
2026-06-09T06:59:08.284000,136
2026-06-09T06:59:08.427000,136
2026-06-09T06:59:08.580000,136
2026-06-09T06:59:08.723000,137
2026-06-09T06:59:08.864000,139
2026-06-09T06:59:09.010000,140
2026-06-09T06:59:09.156000,142
2026-06-09T06:59:09.297000,142
2026-06-09T06:59:09.440000,142
2026-06-09T06:59:09.592000,144
2026-06-09T06:59:09.735000,145
2026-06-09T06:59:09.878000,145
2026-06-09T06:59:10.027000,147
2026-06-09T06:59:10.175000,150
2026-06-09T06:59:10.323000,151
2026-06-09T06:59:10.471000,152
2026-06-09T06:59:10.620000,153
2026-06-09T06:59:10.764000,154
2026-06-09T06:59:10.908000,160
2026-06-09T06:59:11.064000,161
2026-06-09T06:59:11.210000,161
2026-06-09T06:59:11.356000,163
2026-06-09T06:59:11.504000,164
2026-06-09T06:59:11.652000,165
2026-06-09T06:59:11.798000,166
2026-06-09T06:59:11.949000,168
2026-06-09T06:59:12.101000,172
2026-06-09T06:59:12.247000,174
2026-06-09T06:59:12.394000,178
2026-06-09T06:59:12.548000,182
2026-06-09T06:59:12.699000,186
2026-06-09T06:59:12.846000,189
2026-06-09T06:59:13.011000,190
2026-06-09T06:59:13.220000,247
2026-06-09T06:59:13.385000,223
2026-06-09T06:59:13.570000,247
2026-06-09T06:59:13.727000,208
2026-06-09T06:59:13.886000,219
2026-06-09T06:59:14.047000,223
2026-06-09T06:59:14.222000,235
2026-06-09T06:59:14.386000,239
2026-06-09T06:59:14.568000,247
2026-06-09T06:59:14.744000,253
2026-06-09T06:59:14.909000,197
2026-06-09T06:59:15.077000,201
2026-06-09T06:59:15.254000,206
2026-06-09T06:59:15.441000,206
2026-06-09T06:59:15.605000,214
2026-06-09T06:59:15.762000,215
2026-06-09T06:59:15.926000,218
2026-06-09T06:59:16.093000,222
2026-06-09T06:59:16.252000,229
2026-06-09T06:59:16.830000,232
2026-06-09T06:59:17.004000,239
2026-06-09T06:59:17.175000,242
2026-06-09T06:59:17.342000,245
2026-06-09T06:59:17.520000,254
2026-06-09T06:59:17.674000,171
2026-06-09T06:59:17.826000,175
2026-06-09T06:59:17.979000,177
2026-06-09T06:59:18.134000,181
2026-06-09T06:59:18.285000,182
2026-06-09T06:59:18.435000,183
2026-06-09T06:59:18.586000,185
2026-06-09T06:59:18.734000,191
2026-06-09T06:59:18.897000,195
2026-06-09T06:59:19.063000,197
2026-06-09T06:59:19.230000,201
2026-06-09T06:59:19.401000,204
2026-06-09T06:59:19.565000,210
2026-06-09T06:59:19.722000,211
2026-06-09T06:59:19.881000,213
2026-06-09T06:59:20.040000,215
2026-06-09T06:59:20.201000,217
2026-06-09T06:59:20.361000,220
2026-06-09T06:59:20.521000,225
2026-06-09T06:59:20.682000,227
2026-06-09T06:59:20.850000,232
2026-06-09T06:59:21.013000,235
2026-06-09T06:59:21.181000,237
2026-06-09T06:59:21.349000,241
2026-06-09T06:59:21.515000,246
2026-06-09T06:59:21.685000,249
2026-06-09T06:59:21.873000,253
2026-06-09T06:59:22.043000,255
2026-06-09T06:59:22.192000,128
2026-06-09T06:59:22.336000,130
2026-06-09T06:59:22.480000,130
2026-06-09T06:59:22.623000,131
2026-06-09T06:59:22.765000,134
2026-06-09T06:59:22.910000,134
2026-06-09T06:59:23.056000,135
2026-06-09T06:59:23.203000,136
2026-06-09T06:59:23.352000,136
2026-06-09T06:59:23.499000,136
2026-06-09T06:59:23.642000,137
2026-06-09T06:59:23.785000,139
2026-06-09T06:59:23.934000,140
2026-06-09T06:59:24.083000,142
2026-06-09T06:59:24.233000,142
2026-06-09T06:59:24.384000,142
2026-06-09T06:59:24.531000,144
2026-06-09T06:59:24.673000,145
2026-06-09T06:59:24.817000,145
2026-06-09T06:59:24.972000,147
2026-06-09T06:59:25.119000,150
2026-06-09T06:59:25.270000,151
2026-06-09T06:59:25.415000,152
2026-06-09T06:59:25.562000,153
2026-06-09T06:59:25.712000,154
2026-06-09T06:59:25.857000,160
2026-06-09T06:59:26.003000,161
2026-06-09T06:59:26.151000,161
2026-06-09T06:59:26.301000,163
2026-06-09T06:59:26.448000,164
2026-06-09T06:59:26.594000,165
2026-06-09T06:59:26.740000,166
2026-06-09T06:59:26.890000,168
2026-06-09T06:59:27.039000,172
2026-06-09T06:59:27.186000,174
2026-06-09T06:59:27.332000,178
2026-06-09T06:59:27.482000,182
2026-06-09T06:59:27.634000,186
2026-06-09T06:59:27.782000,189
2026-06-09T06:59:27.934000,190
2026-06-09T06:59:28.109000,247
2026-06-09T06:59:28.267000,223
2026-06-09T06:59:28.447000,247
2026-06-09T06:59:28.610000,208
2026-06-09T06:59:28.768000,219
2026-06-09T06:59:28.934000,223
2026-06-09T06:59:29.101000,235
2026-06-09T06:59:29.263000,239
2026-06-09T06:59:29.436000,247
2026-06-09T06:59:29.623000,253
2026-06-09T06:59:29.799000,197
2026-06-09T06:59:29.968000,201
2026-06-09T06:59:30.136000,206
2026-06-09T06:59:30.300000,206
2026-06-09T06:59:30.458000,214
2026-06-09T06:59:30.615000,215
2026-06-09T06:59:30.777000,218
2026-06-09T06:59:30.940000,222
2026-06-09T06:59:31.099000,229
2026-06-09T06:59:31.268000,232
2026-06-09T06:59:31.438000,239
2026-06-09T06:59:31.602000,242
2026-06-09T06:59:31.772000,245
2026-06-09T06:59:31.943000,254
2026-06-09T06:59:32.091000,171
2026-06-09T06:59:32.241000,175
2026-06-09T06:59:32.394000,177
2026-06-09T06:59:32.541000,181
2026-06-09T06:59:32.690000,182
2026-06-09T06:59:32.845000,183
2026-06-09T06:59:32.992000,185
2026-06-09T06:59:33.144000,191
2026-06-09T06:59:33.309000,195
2026-06-09T06:59:33.470000,197
2026-06-09T06:59:33.631000,201
2026-06-09T06:59:33.796000,204
2026-06-09T06:59:33.956000,210
2026-06-09T06:59:34.116000,211
2026-06-09T06:59:34.284000,213
2026-06-09T06:59:34.446000,215
2026-06-09T06:59:34.605000,217
2026-06-09T06:59:34.767000,220
2026-06-09T06:59:34.932000,225
2026-06-09T06:59:35.090000,227
2026-06-09T06:59:35.256000,232
2026-06-09T06:59:35.422000,235
2026-06-09T06:59:35.586000,237
2026-06-09T06:59:35.757000,241
2026-06-09T06:59:35.926000,246
2026-06-09T06:59:36.091000,249
2026-06-09T06:59:36.261000,253
2026-06-09T06:59:36.430000,255
2026-06-09T06:59:36.567000,128
2026-06-09T06:59:36.710000,130
2026-06-09T06:59:36.854000,130
2026-06-09T06:59:36.996000,131
2026-06-09T06:59:37.137000,134
2026-06-09T06:59:37.279000,134
2026-06-09T06:59:37.425000,135
2026-06-09T06:59:37.572000,136
2026-06-09T06:59:37.719000,136
2026-06-09T06:59:37.866000,136
2026-06-09T06:59:38.010000,137
2026-06-09T06:59:38.157000,139
2026-06-09T06:59:38.307000,140
2026-06-09T06:59:38.453000,142
2026-06-09T06:59:38.605000,142
2026-06-09T06:59:38.752000,142
2026-06-09T06:59:38.901000,144
2026-06-09T06:59:39.050000,145
2026-06-09T06:59:39.196000,145
2026-06-09T06:59:39.345000,147
2026-06-09T06:59:39.494000,149
2026-06-09T06:59:39.643000,150
2026-06-09T06:59:39.791000,151
2026-06-09T06:59:39.948000,152
2026-06-09T06:59:40.094000,153
2026-06-09T06:59:40.242000,154
2026-06-09T06:59:40.394000,160
2026-06-09T06:59:40.542000,161
2026-06-09T06:59:40.688000,161
2026-06-09T06:59:40.836000,161
2026-06-09T06:59:40.985000,163
2026-06-09T06:59:41.131000,164
2026-06-09T06:59:41.286000,165
2026-06-09T06:59:41.436000,166
2026-06-09T06:59:41.591000,168
2026-06-09T06:59:41.740000,172
2026-06-09T06:59:41.896000,174
2026-06-09T06:59:42.050000,178
2026-06-09T06:59:42.199000,182
2026-06-09T06:59:42.358000,186
2026-06-09T06:59:42.510000,189
2026-06-09T06:59:42.659000,190
2026-06-09T06:59:42.817000,190
2026-06-09T06:59:42.994000,247
2026-06-09T06:59:43.161000,223
2026-06-09T06:59:43.339000,247
2026-06-09T06:59:43.514000,254
2026-06-09T06:59:43.673000,208
2026-06-09T06:59:43.838000,211
2026-06-09T06:59:44.003000,219
2026-06-09T06:59:44.165000,221
2026-06-09T06:59:44.332000,223
2026-06-09T06:59:44.499000,225
2026-06-09T06:59:44.671000,235
2026-06-09T06:59:44.844000,235
2026-06-09T06:59:45.016000,239
2026-06-09T06:59:45.181000,247
2026-06-09T06:59:45.359000,253
2026-06-09T06:59:45.527000,197
2026-06-09T06:59:45.693000,199
2026-06-09T06:59:45.865000,201
2026-06-09T06:59:46.032000,206
2026-06-09T06:59:46.200000,206
2026-06-09T06:59:46.374000,211
2026-06-09T06:59:46.539000,215
2026-06-09T06:59:46.704000,215
2026-06-09T06:59:46.874000,216
2026-06-09T06:59:47.045000,221
2026-06-09T06:59:47.212000,222
2026-06-09T06:59:47.385000,229
2026-06-09T06:59:47.561000,232
2026-06-09T06:59:47.731000,236
2026-06-09T06:59:47.904000,239
2026-06-09T06:59:48.088000,242
2026-06-09T06:59:48.259000,245
2026-06-09T06:59:48.446000,248
2026-06-09T06:59:48.632000,254
2026-06-09T06:59:48.791000,171
2026-06-09T06:59:48.944000,174
2026-06-09T06:59:49.102000,175
2026-06-09T06:59:49.256000,177
2026-06-09T06:59:49.417000,181
2026-06-09T06:59:49.570000,182
2026-06-09T06:59:49.725000,183
2026-06-09T06:59:49.878000,183
2026-06-09T06:59:50.034000,185
2026-06-09T06:59:50.192000,190
2026-06-09T06:59:50.351000,191
2026-06-09T06:59:50.526000,195
2026-06-09T06:59:50.696000,196
2026-06-09T06:59:50.859000,197
2026-06-09T06:59:51.032000,201
2026-06-09T06:59:51.203000,202
2026-06-09T06:59:51.376000,204
2026-06-09T06:59:51.559000,206
2026-06-09T07:00:21.488000,211
2026-06-09T07:00:21.654000,212
2026-06-09T07:00:21.814000,213
2026-06-09T07:00:21.976000,215
2026-06-09T07:00:22.142000,217
2026-06-09T07:00:22.312000,217
2026-06-09T07:00:22.473000,219
2026-06-09T07:00:22.637000,220
2026-06-09T07:00:22.809000,224
2026-06-09T07:00:22.978000,225
2026-06-09T07:00:23.145000,227
2026-06-09T07:00:23.315000,227
2026-06-09T07:00:23.483000,230
2026-06-09T07:00:23.643000,232
2026-06-09T07:00:23.814000,235
2026-06-09T07:00:23.990000,237
2026-06-09T07:00:24.163000,237
2026-06-09T07:00:24.332000,238
2026-06-09T07:00:24.502000,241
2026-06-09T07:00:24.673000,244
2026-06-09T07:00:24.854000,248
2026-06-09T07:00:25.022000,249
2026-06-09T07:00:25.194000,250
2026-06-09T07:00:25.374000,255
2026-06-09T07:00:25.496000,127
2026-06-09T07:00:25.634000,128
2026-06-09T07:00:25.788000,130
2026-06-09T07:00:25.936000,130
2026-06-09T07:00:26.082000,130
2026-06-09T07:00:26.228000,133
2026-06-09T07:00:26.373000,134
2026-06-09T07:00:26.513000,134
2026-06-09T07:00:26.652000,135
2026-06-09T07:00:26.791000,135
2026-06-09T07:00:26.943000,136
2026-06-09T07:00:27.101000,136
2026-06-09T07:00:27.248000,137
2026-06-09T07:00:27.394000,138
2026-06-09T07:00:27.539000,139
2026-06-09T07:00:27.685000,141
2026-06-09T07:00:27.836000,142
2026-06-09T07:00:27.987000,142
2026-06-09T07:00:28.142000,142
2026-06-09T07:00:28.297000,142
2026-06-09T07:00:28.446000,143
2026-06-09T07:00:28.602000,145
2026-06-09T07:00:28.751000,145
2026-06-09T07:00:28.901000,147
2026-06-09T07:00:29.059000,149
2026-06-09T07:00:29.209000,150
2026-06-09T07:00:29.355000,152
2026-06-09T07:00:29.504000,152
2026-06-09T07:00:29.654000,153
2026-06-09T07:00:29.798000,153
2026-06-09T07:00:29.952000,153
2026-06-09T07:00:30.107000,158
2026-06-09T07:00:30.250000,160
2026-06-09T07:00:30.393000,161
2026-06-09T07:00:30.549000,161
2026-06-09T07:00:30.697000,163
2026-06-09T07:00:30.844000,165
2026-06-09T07:00:30.993000,165
2026-06-09T07:00:31.146000,166
2026-06-09T07:00:31.294000,166
2026-06-09T07:00:31.448000,167
2026-06-09T07:00:31.604000,169
2026-06-09T07:00:31.759000,172
2026-06-09T07:00:31.915000,175
2026-06-09T07:00:32.074000,180
2026-06-09T07:00:32.222000,185
2026-06-09T07:00:32.373000,186
2026-06-09T07:00:32.523000,190
2026-06-09T07:00:32.672000,190
2026-06-09T07:00:32.852000,247
2026-06-09T07:00:33.017000,215
2026-06-09T07:00:33.184000,223
2026-06-09T07:00:33.355000,234
2026-06-09T07:00:33.532000,254
2026-06-09T07:00:33.698000,208
2026-06-09T07:00:33.858000,211
2026-06-09T07:00:34.021000,221
2026-06-09T07:00:34.191000,223
2026-06-09T07:00:34.356000,225
2026-06-09T07:00:34.529000,235
2026-06-09T07:00:34.692000,239
2026-06-09T07:00:34.855000,247
2026-06-09T07:00:35.030000,253
2026-06-09T07:00:35.198000,197
2026-06-09T07:00:35.362000,199
2026-06-09T07:00:35.526000,201
2026-06-09T07:00:35.691000,203
2026-06-09T07:00:35.858000,206
2026-06-09T07:00:36.019000,206
2026-06-09T07:00:36.185000,206
2026-06-09T07:00:36.346000,214
2026-06-09T07:00:36.507000,215
2026-06-09T07:00:36.671000,215
2026-06-09T07:00:36.829000,216
2026-06-09T07:00:36.993000,221
2026-06-09T07:00:37.160000,222
2026-06-09T07:00:37.326000,226
2026-06-09T07:00:37.489000,229
2026-06-09T07:00:37.655000,230
2026-06-09T07:00:37.819000,232
2026-06-09T07:00:37.987000,236
2026-06-09T07:00:38.158000,239
2026-06-09T07:00:38.328000,241
2026-06-09T07:00:38.499000,242
2026-06-09T07:00:38.668000,242
2026-06-09T07:00:38.835000,245
2026-06-09T07:00:39.005000,248
2026-06-09T07:00:39.183000,254
2026-06-09T07:00:39.328000,171
2026-06-09T07:00:39.482000,171
2026-06-09T07:00:39.630000,174
2026-06-09T07:00:39.775000,177
2026-06-09T07:00:39.928000,180
2026-06-09T07:00:40.090000,181
2026-06-09T07:00:40.241000,183
2026-06-09T07:00:40.391000,184
2026-06-09T07:00:40.548000,190
2026-06-09T07:00:40.710000,193
2026-06-09T07:00:40.874000,196
2026-06-09T07:00:41.042000,199
2026-06-09T07:00:41.210000,201
2026-06-09T07:00:41.375000,202
2026-06-09T07:00:41.538000,204
2026-06-09T07:00:41.701000,210
2026-06-09T07:00:41.863000,211
2026-06-09T07:00:42.031000,212
2026-06-09T07:00:42.192000,213
2026-06-09T07:00:42.353000,215
2026-06-09T07:00:42.514000,217
2026-06-09T07:00:42.678000,217
2026-06-09T07:00:42.838000,220
2026-06-09T07:00:42.997000,224
2026-06-09T07:00:43.158000,225
2026-06-09T07:00:43.323000,227
2026-06-09T07:00:43.486000,227
2026-06-09T07:00:43.655000,230
2026-06-09T07:00:43.815000,232
2026-06-09T07:00:43.991000,235
2026-06-09T07:00:44.160000,237
2026-06-09T07:00:44.322000,237
2026-06-09T07:00:44.486000,241
2026-06-09T07:00:44.660000,246
2026-06-09T07:00:44.833000,248
2026-06-09T07:00:45.005000,249
2026-06-09T07:00:45.183000,250
2026-06-09T07:00:45.361000,253
2026-06-09T07:00:45.535000,255
2026-06-09T07:00:45.716000,255
2026-06-09T07:00:45.857000,128
2026-06-09T07:00:46.002000,130
2026-06-09T07:00:46.149000,130
2026-06-09T07:00:46.296000,130
2026-06-09T07:00:46.455000,130
2026-06-09T07:00:46.605000,131
2026-06-09T07:00:46.755000,134
2026-06-09T07:00:46.902000,134
2026-06-09T07:00:47.057000,135
2026-06-09T07:00:47.201000,136
2026-06-09T07:00:47.342000,136
2026-06-09T07:00:47.489000,136
2026-06-09T07:00:47.640000,136
2026-06-09T07:00:47.790000,136
2026-06-09T07:00:47.946000,137
2026-06-09T07:00:48.103000,138
2026-06-09T07:00:48.247000,139
2026-06-09T07:00:48.395000,141
2026-06-09T07:00:48.551000,142
2026-06-09T07:00:48.699000,142
2026-06-09T07:00:48.844000,142
2026-06-09T07:00:48.990000,144
2026-06-09T07:00:49.140000,145
2026-06-09T07:00:49.297000,145
2026-06-09T07:00:49.449000,145
2026-06-09T07:00:49.604000,147
2026-06-09T07:00:49.754000,150
2026-06-09T07:00:49.903000,151
2026-06-09T07:00:50.057000,152
2026-06-09T07:00:50.204000,153
2026-06-09T07:00:50.347000,153
2026-06-09T07:00:50.497000,158
2026-06-09T07:00:50.647000,160
2026-06-09T07:00:50.797000,160
2026-06-09T07:00:50.952000,161
2026-06-09T07:00:51.107000,161
2026-06-09T07:00:51.249000,163
2026-06-09T07:00:51.398000,164
2026-06-09T07:00:51.556000,165
2026-06-09T07:00:51.706000,166
2026-06-09T07:00:51.853000,168
2026-06-09T07:00:52.004000,169
2026-06-09T07:00:52.153000,172
2026-06-09T07:00:52.304000,172
2026-06-09T07:00:52.453000,174
2026-06-09T07:00:52.611000,178
2026-06-09T07:00:52.765000,182
2026-06-09T07:00:52.919000,186
2026-06-09T07:00:53.082000,189
2026-06-09T07:00:53.247000,190
2026-06-09T07:00:53.424000,247
2026-06-09T07:00:53.597000,223
2026-06-09T07:00:53.765000,247
2026-06-09T07:00:53.928000,208
2026-06-09T07:00:54.101000,219
2026-06-09T07:00:54.266000,223
2026-06-09T07:00:54.437000,235
2026-06-09T07:00:54.617000,239
2026-06-09T07:00:54.785000,247
2026-06-09T07:00:54.960000,253
2026-06-09T07:00:55.122000,197
2026-06-09T07:00:55.290000,201
2026-06-09T07:00:55.464000,206
2026-06-09T07:00:55.638000,206
2026-06-09T07:00:55.802000,214
2026-06-09T07:00:55.969000,215
2026-06-09T07:00:56.137000,216
2026-06-09T07:00:56.310000,221
2026-06-09T07:00:56.491000,226
2026-06-09T07:00:56.664000,229
2026-06-09T07:00:56.832000,230
2026-06-09T07:00:57.005000,232
2026-06-09T07:00:57.182000,236
2026-06-09T07:00:57.355000,239
2026-06-09T07:00:57.530000,241
2026-06-09T07:00:57.708000,242
2026-06-09T07:00:57.883000,242
2026-06-09T07:00:58.053000,245
2026-06-09T07:00:58.236000,254
2026-06-09T07:00:58.386000,171
2026-06-09T07:00:58.532000,175
2026-06-09T07:00:58.683000,177
2026-06-09T07:00:58.831000,181
2026-06-09T07:00:58.993000,181
2026-06-09T07:00:59.143000,182
2026-06-09T07:00:59.292000,183
2026-06-09T07:00:59.440000,183
2026-06-09T07:00:59.596000,185
2026-06-09T07:00:59.754000,191
2026-06-09T07:00:59.922000,195
2026-06-09T07:01:00.088000,197
2026-06-09T07:01:00.257000,201
2026-06-09T07:01:00.415000,204
2026-06-09T07:01:00.576000,210
2026-06-09T07:01:00.737000,211
2026-06-09T07:01:00.904000,213
2026-06-09T07:01:01.059000,215
2026-06-09T07:01:01.220000,217
2026-06-09T07:01:01.384000,220
2026-06-09T07:01:01.541000,225
2026-06-09T07:01:01.707000,227
2026-06-09T07:01:01.878000,232
2026-06-09T07:01:02.054000,235
2026-06-09T07:01:02.225000,237
2026-06-09T07:01:02.404000,237
2026-06-09T07:01:02.568000,241
2026-06-09T07:01:02.741000,246
2026-06-09T07:01:02.909000,249
2026-06-09T07:01:03.081000,253
2026-06-09T07:01:03.255000,255
2026-06-09T07:01:03.398000,128
2026-06-09T07:01:03.543000,130
2026-06-09T07:01:03.682000,130
2026-06-09T07:01:03.830000,131
2026-06-09T07:01:03.980000,133
2026-06-09T07:01:04.124000,134
2026-06-09T07:01:04.265000,135
2026-06-09T07:01:04.418000,135
2026-06-09T07:01:04.567000,136
2026-06-09T07:01:04.712000,136
2026-06-09T07:01:04.856000,136
2026-06-09T07:01:05.010000,137
2026-06-09T07:01:05.157000,138
2026-06-09T07:01:05.302000,139
2026-06-09T07:01:05.447000,141
2026-06-09T07:01:05.601000,142
2026-06-09T07:01:05.752000,142
2026-06-09T07:01:05.894000,142
2026-06-09T07:01:06.040000,143
2026-06-09T07:01:06.192000,144
2026-06-09T07:01:06.336000,145
2026-06-09T07:01:06.477000,145
2026-06-09T07:01:06.626000,147
2026-06-09T07:01:06.778000,149
2026-06-09T07:01:06.922000,150
2026-06-09T07:01:07.067000,152
2026-06-09T07:01:07.221000,152
2026-06-09T07:01:07.373000,153
2026-06-09T07:01:07.517000,154
2026-06-09T07:01:07.663000,160
2026-06-09T07:01:07.821000,160
2026-06-09T07:01:07.965000,161
2026-06-09T07:01:08.121000,161
2026-06-09T07:01:08.273000,163
2026-06-09T07:01:08.423000,165
2026-06-09T07:01:08.572000,165
2026-06-09T07:01:08.716000,166
2026-06-09T07:01:08.873000,168
2026-06-09T07:01:09.020000,172
2026-06-09T07:01:09.166000,174
2026-06-09T07:01:09.318000,178
2026-06-09T07:01:09.465000,182
2026-06-09T07:01:09.617000,186
2026-06-09T07:01:09.768000,189
2026-06-09T07:01:09.920000,190
2026-06-09T07:01:10.071000,190
2026-06-09T07:01:10.234000,247
2026-06-09T07:01:10.402000,223
2026-06-09T07:01:10.573000,234
2026-06-09T07:01:10.738000,254
2026-06-09T07:01:10.908000,211
2026-06-09T07:01:11.065000,221
2026-06-09T07:01:11.229000,225
2026-06-09T07:01:11.401000,235
2026-06-09T07:01:11.565000,242
2026-06-09T07:01:11.729000,249
2026-06-09T07:01:11.893000,194
2026-06-09T07:01:12.055000,199
2026-06-09T07:01:12.221000,203
2026-06-09T07:01:12.383000,206
2026-06-09T07:01:12.553000,206
2026-06-09T07:01:12.709000,214
2026-06-09T07:01:12.869000,215
2026-06-09T07:01:13.026000,216
2026-06-09T07:01:13.188000,221
2026-06-09T07:01:13.350000,226
2026-06-09T07:01:13.516000,229
2026-06-09T07:01:13.683000,232
2026-06-09T07:01:13.855000,236
2026-06-09T07:01:14.020000,241
2026-06-09T07:01:14.192000,242
2026-06-09T07:01:14.358000,245
2026-06-09T07:01:14.539000,254
2026-06-09T07:01:14.683000,171
2026-06-09T07:01:14.831000,174
2026-06-09T07:01:14.980000,177
2026-06-09T07:01:15.132000,180
2026-06-09T07:01:15.277000,181
2026-06-09T07:01:15.432000,182
2026-06-09T07:01:15.582000,183
2026-06-09T07:01:15.729000,185
2026-06-09T07:01:15.877000,191
2026-06-09T07:01:16.044000,195
2026-06-09T07:01:16.203000,197
2026-06-09T07:01:16.362000,199
2026-06-09T07:01:16.530000,202
2026-06-09T07:01:16.689000,206
2026-06-09T07:01:16.849000,210
2026-06-09T07:01:17.010000,211
2026-06-09T07:01:17.169000,213
2026-06-09T07:01:17.326000,215
2026-06-09T07:01:17.485000,217
2026-06-09T07:01:17.642000,219
2026-06-09T07:01:17.800000,220
2026-06-09T07:01:17.963000,225
2026-06-09T07:01:18.125000,227
2026-06-09T07:01:18.293000,232
2026-06-09T07:01:18.459000,235
2026-06-09T07:01:18.627000,237
2026-06-09T07:01:18.792000,241
2026-06-09T07:01:18.959000,246
2026-06-09T07:01:19.123000,249
2026-06-09T07:01:19.293000,253
2026-06-09T07:01:19.461000,255
2026-06-09T07:01:19.604000,128
2026-06-09T07:01:19.748000,130
2026-06-09T07:01:19.891000,130
2026-06-09T07:01:20.034000,131
2026-06-09T07:01:20.175000,134
2026-06-09T07:01:20.317000,134
2026-06-09T07:01:20.461000,135
2026-06-09T07:01:20.609000,136
2026-06-09T07:01:20.749000,136
2026-06-09T07:01:20.898000,136
2026-06-09T07:01:21.040000,137
2026-06-09T07:01:21.180000,139
2026-06-09T07:01:21.324000,140
2026-06-09T07:01:21.470000,142
2026-06-09T07:01:21.613000,142
2026-06-09T07:01:21.758000,142
2026-06-09T07:01:21.905000,144
2026-06-09T07:01:22.048000,145
2026-06-09T07:01:22.191000,145
2026-06-09T07:01:22.336000,147
2026-06-09T07:01:22.484000,150
2026-06-09T07:01:22.625000,151
2026-06-09T07:01:22.768000,152
2026-06-09T07:01:22.912000,153
2026-06-09T07:01:23.060000,154
2026-06-09T07:01:23.212000,160
2026-06-09T07:01:23.361000,161
2026-06-09T07:01:23.508000,161
2026-06-09T07:01:23.652000,163
2026-06-09T07:01:23.795000,164
2026-06-09T07:01:23.942000,165
2026-06-09T07:01:24.089000,166
2026-06-09T07:01:24.234000,168
2026-06-09T07:01:24.382000,172
2026-06-09T07:01:24.536000,174
2026-06-09T07:01:24.690000,178
2026-06-09T07:01:24.844000,182
2026-06-09T07:01:25.004000,186
2026-06-09T07:01:25.155000,189
2026-06-09T07:01:25.310000,190
2026-06-09T07:01:25.481000,247
2026-06-09T07:01:25.645000,223
2026-06-09T07:01:25.810000,247
2026-06-09T07:01:25.967000,208
2026-06-09T07:01:26.125000,219
2026-06-09T07:01:26.290000,223
2026-06-09T07:01:26.453000,235
2026-06-09T07:01:26.614000,239
2026-06-09T07:01:26.787000,247
2026-06-09T07:01:26.952000,253
2026-06-09T07:01:27.113000,197
2026-06-09T07:01:27.281000,201
2026-06-09T07:01:27.442000,206
2026-06-09T07:01:27.601000,206
2026-06-09T07:01:27.756000,214
2026-06-09T07:01:27.915000,215
2026-06-09T07:01:28.077000,218
2026-06-09T07:01:28.240000,222
2026-06-09T07:01:28.398000,229
2026-06-09T07:01:28.561000,232
2026-06-09T07:01:28.727000,239
2026-06-09T07:01:28.891000,242
2026-06-09T07:01:29.062000,245
2026-06-09T07:01:29.229000,254
2026-06-09T07:01:29.375000,171
2026-06-09T07:01:29.523000,175
2026-06-09T07:01:29.672000,177
2026-06-09T07:01:29.819000,181
2026-06-09T07:01:29.969000,182
2026-06-09T07:01:30.118000,183
2026-06-09T07:01:30.263000,185
2026-06-09T07:01:30.410000,191
2026-06-09T07:01:30.576000,195
2026-06-09T07:01:30.738000,197
2026-06-09T07:01:30.900000,201
2026-06-09T07:01:31.067000,204
2026-06-09T07:01:31.226000,210
2026-06-09T07:01:31.382000,211
2026-06-09T07:01:31.540000,213
2026-06-09T07:01:31.698000,215
2026-06-09T07:01:31.855000,217
2026-06-09T07:01:32.013000,220
2026-06-09T07:01:32.172000,225
2026-06-09T07:01:32.328000,227
2026-06-09T07:01:32.491000,232
2026-06-09T07:01:32.659000,235
2026-06-09T07:01:32.822000,237
2026-06-09T07:01:32.986000,238
2026-06-09T07:01:33.156000,244
2026-06-09T07:01:33.321000,248
2026-06-09T07:01:33.487000,250
2026-06-09T07:01:33.656000,255
2026-06-09T07:01:33.820000,255
2026-06-09T07:01:33.959000,128
2026-06-09T07:01:34.105000,130
2026-06-09T07:01:34.248000,130
2026-06-09T07:01:34.388000,131
2026-06-09T07:01:34.536000,134
2026-06-09T07:01:34.677000,134
2026-06-09T07:01:34.815000,135
2026-06-09T07:01:34.963000,136
2026-06-09T07:01:35.107000,136
2026-06-09T07:01:35.249000,136
2026-06-09T07:01:35.390000,137
2026-06-09T07:01:35.542000,139
2026-06-09T07:01:35.685000,140
2026-06-09T07:01:35.828000,141
2026-06-09T07:01:35.975000,142
2026-06-09T07:01:36.121000,142
2026-06-09T07:01:36.263000,143
2026-06-09T07:01:36.405000,145
2026-06-09T07:01:36.553000,145
2026-06-09T07:01:36.698000,147
2026-06-09T07:01:36.840000,149
2026-06-09T07:01:36.986000,150
2026-06-09T07:01:37.132000,152
2026-06-09T07:01:37.275000,153
2026-06-09T07:01:37.416000,153
2026-06-09T07:01:37.569000,158
2026-06-09T07:01:37.712000,160
2026-06-09T07:01:37.856000,161
2026-06-09T07:01:38.002000,161
2026-06-09T07:01:38.155000,163
2026-06-09T07:01:38.302000,165
2026-06-09T07:01:38.451000,166
2026-06-09T07:01:38.607000,167
2026-06-09T07:01:38.752000,169
2026-06-09T07:01:38.899000,172
2026-06-09T07:01:39.054000,175
2026-06-09T07:01:39.200000,180
2026-06-09T07:01:39.345000,185
2026-06-09T07:01:39.494000,186
2026-06-09T07:01:39.647000,190
2026-06-09T07:01:39.794000,190
2026-06-09T07:01:39.963000,247
2026-06-09T07:01:40.132000,223
2026-06-09T07:01:40.298000,247
2026-06-09T07:01:40.456000,208
2026-06-09T07:01:40.626000,219
2026-06-09T07:01:40.784000,223
2026-06-09T07:01:40.951000,235
2026-06-09T07:01:41.125000,239
2026-06-09T07:01:41.289000,247
2026-06-09T07:01:41.458000,253
2026-06-09T07:01:41.633000,197
2026-06-09T07:01:41.793000,201
2026-06-09T07:01:41.958000,206
2026-06-09T07:01:42.123000,206
2026-06-09T07:01:42.280000,214
2026-06-09T07:01:42.441000,215
2026-06-09T07:01:42.608000,218
2026-06-09T07:01:42.765000,222
2026-06-09T07:01:42.925000,229
2026-06-09T07:01:43.102000,232
2026-06-09T07:01:43.269000,239
2026-06-09T07:01:43.436000,242
2026-06-09T07:01:43.611000,245
2026-06-09T07:01:43.776000,254
2026-06-09T07:01:43.929000,171
2026-06-09T07:01:44.080000,175
2026-06-09T07:01:44.224000,177
2026-06-09T07:01:44.370000,181
2026-06-09T07:01:44.526000,182
2026-06-09T07:01:44.673000,183
2026-06-09T07:01:44.821000,184
2026-06-09T07:01:44.971000,190
2026-06-09T07:01:45.144000,193
2026-06-09T07:01:45.303000,195
2026-06-09T07:01:45.464000,197
2026-06-09T07:01:45.626000,201
2026-06-09T07:01:45.786000,204
2026-06-09T07:01:45.945000,210
2026-06-09T07:01:46.111000,211
2026-06-09T07:01:46.268000,213
2026-06-09T07:01:46.427000,215
2026-06-09T07:01:46.591000,217
2026-06-09T07:01:46.748000,220
2026-06-09T07:01:46.913000,225
2026-06-09T07:01:47.081000,227
