idx,t_rel_s,latency_s,status,ttft_s
0,45.0455,0.1132,ok,0.0134
1,46.0019,0.0568,ok,0.0114
2,47.0020,0.1017,ok,0.0326
3,47.5014,0.0670,ok,0.0244
4,48.0011,0.0959,ok,0.0123
5,48.3345,0.1026,ok,0.0122
6,48.6675,0.0639,ok,0.0114
7,49.2513,0.0876,ok,0.0145
8,49.5003,0.0876,ok,0.0109
9,49.7504,0.0878,ok,0.0138
10,50.2009,0.0754,ok,0.0142
11,50.4007,0.0930,ok,0.0111
12,50.6011,0.1277,ok,0.0142
13,51.0004,0.0850,ok,0.0111
14,51.1676,0.0614,ok,0.0109
15,51.3343,0.1119,ok,0.0114
16,51.5004,0.0499,ok,0.0108
17,51.6677,0.0892,ok,0.0311
18,51.8332,0.0911,ok,0.0179
19,52.0006,0.0805,ok,0.0109
20,52.1675,0.1318,ok,0.0109
21,52.3335,0.1009,ok,0.0114
22,52.5007,0.1018,ok,0.0109
23,52.8341,0.0947,ok,0.0127
24,53.0021,0.0863,ok,0.0250
25,53.1438,0.0890,ok,0.0328
26,53.4302,0.0843,ok,0.0272
27,53.5717,0.0872,ok,0.0103
28,53.8582,0.0910,ok,0.0116
29,54.0005,0.0874,ok,0.0107
30,54.1261,0.1004,ok,0.0103
31,54.2508,0.0637,ok,0.0122
32,54.3759,0.0757,ok,0.0107
33,54.5009,0.0788,ok,0.0099
34,54.6260,0.1076,ok,0.0236
35,54.7509,0.1427,ok,0.0125
36,54.8755,0.0945,ok,0.0124
37,55.0002,0.0653,ok,0.0100
38,55.2229,0.1470,ok,0.0357
39,55.3332,0.0851,ok,0.0114
40,55.4454,0.1048,ok,0.0111
41,55.5564,0.1009,ok,0.0102
42,55.6675,0.0769,ok,0.0114
43,55.7787,0.1311,ok,0.0118
44,55.8896,0.0855,ok,0.0108
45,56.0003,0.1031,ok,0.0184
46,56.1009,0.1109,ok,0.0108
47,56.2002,0.0522,ok,0.0130
48,56.3005,0.0989,ok,0.0204
49,56.4006,0.1357,ok,0.0101
50,56.5001,0.1333,ok,0.0108
51,56.6019,0.0816,ok,0.0164
52,56.7007,0.0800,ok,0.0132
53,56.8009,0.1386,ok,0.0107
54,56.9005,0.0956,ok,0.0198
55,57.0003,0.1038,ok,0.0102
56,57.0914,0.1105,ok,0.0108
57,57.1829,0.1029,ok,0.0132
58,57.3651,0.0834,ok,0.0272
59,57.5458,0.0873,ok,0.0108
60,57.6363,0.1327,ok,0.0108
61,57.7274,0.1334,ok,0.0123
62,57.8191,0.1132,ok,0.0288
63,57.9099,0.1034,ok,0.0108
64,58.0010,0.0569,ok,0.0105
65,58.0912,0.1234,ok,0.0104
66,58.1823,0.0721,ok,0.0190
67,58.3647,0.0557,ok,0.0109
68,58.4555,0.1208,ok,0.0096
69,58.5455,0.0819,ok,0.0118
70,58.6375,0.0704,ok,0.0104
71,58.7271,0.0872,ok,0.0119
72,58.8185,0.1265,ok,0.0106
73,58.9100,0.1004,ok,0.0116
74,59.0002,0.0963,ok,0.0116
75,59.0833,0.0749,ok,0.0112
76,59.1684,0.1018,ok,0.0098
77,59.2506,0.0799,ok,0.0119
78,59.4187,0.0473,ok,0.0102
79,59.5002,0.0768,ok,0.0107
80,59.6672,0.0645,ok,0.0113
81,59.8341,0.0645,ok,0.0126
82,59.9179,0.0921,ok,0.0105
83,60.0783,0.0664,ok,0.0115
84,60.2330,0.0473,ok,0.0138
85,60.3086,0.0661,ok,0.0112
86,60.3859,0.0680,ok,0.0101
87,60.4641,0.1334,ok,0.0102
88,60.5384,0.0684,ok,0.0105
89,60.6169,0.0465,ok,0.0119
90,60.6926,0.0879,ok,0.0105
91,60.7696,0.1028,ok,0.0122
92,60.8464,0.0696,ok,0.0101
93,60.9231,0.0606,ok,0.0103
94,61.0010,0.0637,ok,0.0103
95,61.1440,0.0735,ok,0.0105
96,61.2142,0.1061,ok,0.0187
97,61.2870,0.0859,ok,0.0123
98,61.4301,0.0612,ok,0.0108
99,61.5015,0.0896,ok,0.0097
100,61.6443,0.0481,ok,0.0111
101,61.7146,0.0619,ok,0.0149
102,61.7867,0.0699,ok,0.0116
103,61.8578,0.0574,ok,0.0100
104,61.9294,0.0643,ok,0.0106
105,62.0009,0.0577,ok,0.0104
106,62.0687,0.0857,ok,0.0105
107,62.1338,0.0763,ok,0.0118
108,62.4676,0.0566,ok,0.0142
109,62.6006,0.0485,ok,0.0108
110,62.6683,0.0945,ok,0.0172
111,62.8009,0.0650,ok,0.0103
112,62.8671,0.0816,ok,0.0114
113,62.9333,0.0451,ok,0.0103
114,63.0005,0.0875,ok,0.0099
115,63.0626,0.0565,ok,0.0097
116,63.1252,0.0996,ok,0.0090
117,63.1884,0.1096,ok,0.0135
118,63.2507,0.1229,ok,0.0103
119,63.3121,0.0651,ok,0.0097
120,63.3753,0.0983,ok,0.0116
121,63.4385,0.0601,ok,0.0102
122,63.5008,0.0833,ok,0.0093
123,63.5621,0.1205,ok,0.0097
124,63.6255,0.0942,ok,0.0099
125,63.6885,0.0967,ok,0.0101
126,63.7503,0.0706,ok,0.0103
127,63.8761,0.0546,ok,0.0140
128,63.9389,0.0589,ok,0.0102
129,64.0010,0.1089,ok,0.0090
130,64.1251,0.1010,ok,0.0101
131,64.1889,0.1115,ok,0.0108
132,64.2506,0.0825,ok,0.0107
133,64.3125,0.0949,ok,0.0100
134,64.4386,0.0977,ok,0.0117
135,64.5005,0.0592,ok,0.0111
136,64.5628,0.0647,ok,0.0100
137,64.6259,0.0455,ok,0.0102
138,64.6885,0.1126,ok,0.0176
139,64.7508,0.0766,ok,0.0116
140,64.8122,0.0672,ok,0.0110
141,64.8758,0.0853,ok,0.0127
142,64.9387,0.0772,ok,0.0102
143,65.0010,0.0460,ok,0.0097
144,65.0591,0.0897,ok,0.0101
145,65.1181,0.0506,ok,0.0093
146,65.1769,0.0773,ok,0.0104
147,65.2357,0.1000,ok,0.0097
148,65.2945,0.0791,ok,0.0109
149,65.3538,0.0827,ok,0.0126
150,65.4716,0.0616,ok,0.0112
151,65.5296,0.0629,ok,0.0118
152,65.5889,0.1144,ok,0.0142
153,65.6471,0.0529,ok,0.0200
154,65.7655,0.0780,ok,0.0106
155,65.8243,0.0387,ok,0.0101
156,65.8822,0.0550,ok,0.0127
157,65.9413,0.0330,ok,0.0103
158,66.0014,0.0896,ok,0.0102
159,66.0601,0.0895,ok,0.0098
160,66.1185,0.0607,ok,0.0100
161,66.1761,0.1168,ok,0.0118
162,66.2351,0.0915,ok,0.0151
163,66.2947,0.0478,ok,0.0107
164,66.3536,0.0866,ok,0.0115
165,66.4121,0.0531,ok,0.0102
166,66.4713,0.0523,ok,0.0096
167,66.5298,0.0820,ok,0.0098
168,66.5884,0.1135,ok,0.0110
169,66.6471,0.0566,ok,0.0100
170,66.7069,0.0935,ok,0.0093
171,66.7660,0.0856,ok,0.0098
172,66.8240,0.0786,ok,0.0135
173,66.9419,0.0890,ok,0.0113
174,67.0005,0.0893,ok,0.0109
175,67.1191,0.1036,ok,0.0103
176,67.1765,0.1200,ok,0.0110
177,67.2353,0.1032,ok,0.0112
178,67.2945,0.0764,ok,0.0103
179,67.3536,0.0637,ok,0.0120
180,67.4716,0.0505,ok,0.0110
181,67.5293,0.0993,ok,0.0096
182,67.5887,0.0891,ok,0.0099
183,67.6473,0.0461,ok,0.0111
184,67.7076,0.0625,ok,0.0107
185,67.8244,0.0950,ok,0.0139
186,67.8826,0.0478,ok,0.0122
187,67.9416,0.0575,ok,0.0104
188,68.0002,0.0493,ok,0.0096
189,68.0638,0.0961,ok,0.0100
190,68.1253,0.0641,ok,0.0099
191,68.2506,0.0953,ok,0.0103
192,68.3125,0.0940,ok,0.0121
193,68.3756,0.1159,ok,0.0114
194,68.4388,0.0736,ok,0.0103
195,68.5005,0.0630,ok,0.0105
196,68.6258,0.0907,ok,0.0103
197,68.6889,0.0880,ok,0.0117
198,68.8143,0.0645,ok,0.0145
199,68.8752,0.0843,ok,0.0120
200,68.9390,0.0912,ok,0.0099
201,69.0004,0.0966,ok,0.0102
202,69.0625,0.0897,ok,0.0098
203,69.1250,0.1112,ok,0.0094
204,69.1889,0.0522,ok,0.0101
205,69.2512,0.0469,ok,0.0107
206,69.3123,0.0811,ok,0.0141
207,69.3750,0.1076,ok,0.0114
208,69.4384,0.0615,ok,0.0107
209,69.5010,0.0570,ok,0.0099
210,69.5621,0.0730,ok,0.0094
211,69.6252,0.0623,ok,0.0114
212,69.6886,0.0770,ok,0.0099
213,69.7504,0.0462,ok,0.0117
214,69.8128,0.0845,ok,0.0131
215,69.8758,0.0920,ok,0.0128
216,69.9383,0.0590,ok,0.0119
217,70.0005,0.0619,ok,0.0099
218,70.0675,0.0675,ok,0.0102
219,70.1334,0.0936,ok,0.0097
220,70.2003,0.0859,ok,0.0106
221,70.2674,0.0626,ok,0.0101
222,70.3332,0.1013,ok,0.0113
223,70.4020,0.0652,ok,0.0115
224,70.4673,0.0545,ok,0.0098
225,70.5339,0.0989,ok,0.0110
226,70.6010,0.0833,ok,0.0124
227,70.6681,0.0789,ok,0.0111
228,70.7334,0.0700,ok,0.0115
229,70.8008,0.0482,ok,0.0116
230,70.8682,0.1204,ok,0.0111
231,70.9338,0.0406,ok,0.0104
232,71.0008,0.0921,ok,0.0103
233,71.0672,0.1181,ok,0.0098
234,71.1333,0.0930,ok,0.0093
235,71.2006,0.0645,ok,0.0100
236,71.2672,0.0634,ok,0.0093
237,71.3337,0.0602,ok,0.0116
238,71.4001,0.0810,ok,0.0107
239,71.4674,0.0772,ok,0.0121
240,71.6008,0.0794,ok,0.0107
241,71.6673,0.0640,ok,0.0113
242,71.7334,0.0569,ok,0.0096
243,71.8004,0.0654,ok,0.0106
244,71.8680,0.0575,ok,0.0100
245,72.0008,0.0728,ok,0.0134
246,72.1438,0.0608,ok,0.0105
247,72.2147,0.0470,ok,0.0106
248,72.2869,0.1060,ok,0.0107
249,72.3573,0.1117,ok,0.0110
250,72.4299,0.1007,ok,0.0144
251,72.5001,0.0694,ok,0.0113
252,72.5717,0.0667,ok,0.0098
253,72.6435,0.0698,ok,0.0103
254,72.7145,0.0652,ok,0.0098
255,72.7869,0.0828,ok,0.0102
256,72.8580,0.0738,ok,0.0101
257,72.9297,0.0596,ok,0.0104
258,73.0004,0.0435,ok,0.0101
259,73.0712,0.0583,ok,0.0103
260,73.1438,0.1254,ok,0.0465
261,73.2151,0.1100,ok,0.0118
262,73.2865,0.0997,ok,0.0118
263,73.3573,0.0662,ok,0.0113
264,73.4296,0.0989,ok,0.0102
265,73.5007,0.0296,ok,0.0102
266,73.5715,0.0649,ok,0.0107
267,73.6436,0.0546,ok,0.0120
268,73.8576,0.1001,ok,0.0118
269,73.9300,0.0666,ok,0.0102
270,74.0008,0.1079,ok,0.0098
271,74.0714,0.0663,ok,0.0103
272,74.1439,0.0648,ok,0.0118
273,74.2148,0.0578,ok,0.0102
274,74.2868,0.0674,ok,0.0109
275,74.3574,0.0815,ok,0.0104
276,74.4299,0.0459,ok,0.0105
277,74.5010,0.0733,ok,0.0110
278,74.5712,0.1017,ok,0.0116
279,74.6433,0.0622,ok,0.0121
280,74.7867,0.0522,ok,0.0113
281,74.8581,0.1089,ok,0.0108
282,74.9298,0.0451,ok,0.0103
283,75.0021,0.0720,ok,0.0125
284,75.0773,0.0662,ok,0.0109
285,75.1547,0.0722,ok,0.0126
286,75.2321,0.0715,ok,0.0118
287,75.3087,0.0560,ok,0.0102
288,75.3859,0.0722,ok,0.0110
289,75.4623,0.0512,ok,0.0102
290,75.5386,0.1140,ok,0.0108
291,75.6151,0.0699,ok,0.0128
292,75.6923,0.0705,ok,0.0111
293,75.7700,0.0860,ok,0.0115
294,75.8468,0.0855,ok,0.0107
295,75.9232,0.0969,ok,0.0106
296,76.0000,0.0635,ok,0.0114
297,76.1549,0.0722,ok,0.0146
298,76.2314,0.0932,ok,0.0100
299,76.3081,0.1039,ok,0.0113
300,76.3860,0.0632,ok,0.0119
301,76.4633,0.0439,ok,0.0106
302,76.5384,0.0578,ok,0.0107
303,76.6156,0.0789,ok,0.0168
304,76.6923,0.0624,ok,0.0136
305,76.7699,0.0626,ok,0.0104
306,77.0839,0.0783,ok,0.0112
307,77.1674,0.0996,ok,0.0103
308,77.2509,0.0867,ok,0.0102
309,77.5843,0.0805,ok,0.0149
310,77.7507,0.0954,ok,0.0112
311,78.0004,0.1089,ok,0.0144
312,78.1676,0.0482,ok,0.0116
313,78.3351,0.0739,ok,0.0114
314,78.5005,0.0394,ok,0.0139
315,78.5832,0.0626,ok,0.0108
316,78.6680,0.0924,ok,0.0102
317,78.7503,0.0654,ok,0.0115
318,78.8349,0.0642,ok,0.0107
319,78.9183,0.0578,ok,0.0123
320,79.0003,0.1130,ok,0.0110
321,79.0920,0.0709,ok,0.0108
322,79.2742,0.0735,ok,0.0109
323,79.3649,0.0621,ok,0.0105
324,79.4553,0.0666,ok,0.0104
325,79.5462,0.0887,ok,0.0140
326,79.6361,0.0633,ok,0.0114
327,79.7277,0.0409,ok,0.0106
328,79.8188,0.0875,ok,0.0109
329,79.9095,0.0541,ok,0.0097
330,80.0009,0.0751,ok,0.0180
331,80.0913,0.0588,ok,0.0118
332,80.1823,0.0394,ok,0.0109
333,80.2750,0.0842,ok,0.0108
334,80.3644,0.0590,ok,0.0101
335,80.4556,0.0723,ok,0.0108
336,80.5452,0.0733,ok,0.0118
337,80.7278,0.0713,ok,0.0118
338,80.8182,0.0543,ok,0.0102
339,80.9098,0.0743,ok,0.0100
340,81.0003,0.0641,ok,0.0169
341,81.1017,0.0848,ok,0.0110
342,81.2007,0.0581,ok,0.0110
343,81.4021,0.0502,ok,0.0107
344,81.5007,0.0889,ok,0.0195
345,81.6008,0.0817,ok,0.0111
346,81.8018,0.0785,ok,0.0111
347,81.9006,0.0654,ok,0.0104
348,82.0003,0.0753,ok,0.0240
349,82.1009,0.0688,ok,0.0124
350,82.2010,0.0910,ok,0.0111
351,82.3003,0.0847,ok,0.0112
352,82.4011,0.0577,ok,0.0105
353,82.5012,0.0891,ok,0.0158
354,82.6005,0.1021,ok,0.0114
355,82.7006,0.0958,ok,0.0112
356,82.8006,0.0669,ok,0.0106
357,82.9007,0.0703,ok,0.0109
358,83.0004,0.0579,ok,0.0139
359,83.1116,0.0514,ok,0.0104
360,83.2233,0.0671,ok,0.0109
361,83.3336,0.0484,ok,0.0106
362,83.4442,0.0886,ok,0.0107
363,83.5570,0.0660,ok,0.0125
364,83.6672,0.0825,ok,0.0120
365,83.7790,0.0561,ok,0.0100
366,83.8893,0.0532,ok,0.0107
367,84.0034,0.0649,ok,0.0164
368,84.1115,0.0504,ok,0.0112
369,84.2221,0.0778,ok,0.0106
370,84.4452,0.0393,ok,0.0108
371,84.5579,0.0469,ok,0.0140
372,84.6681,0.0823,ok,0.0137
373,84.7787,0.0859,ok,0.0108
374,84.8898,0.0751,ok,0.0112
375,85.0021,0.0464,ok,0.0135
376,85.1117,0.0858,ok,0.0109
377,85.2227,0.0836,ok,0.0101
378,85.3336,0.0634,ok,0.0100
379,85.4442,0.0732,ok,0.0110
380,85.5567,0.0857,ok,0.0122
381,85.6676,0.0534,ok,0.0123
382,85.7782,0.1061,ok,0.0111
383,85.8895,0.0558,ok,0.0102
384,86.0006,0.0543,ok,0.0136
385,86.1252,0.0969,ok,0.0111
386,86.2503,0.0654,ok,0.0106
387,86.3759,0.0579,ok,0.0108
388,86.6263,0.0664,ok,0.0133
389,86.7509,0.0751,ok,0.0111
390,86.8752,0.0814,ok,0.0111
391,87.0009,0.0524,ok,0.0132
392,87.1266,0.0849,ok,0.0117
393,87.2507,0.0668,ok,0.0105
394,87.3758,0.0600,ok,0.0112
395,87.5011,0.0943,ok,0.0150
396,87.6258,0.0713,ok,0.0120
397,87.8755,0.0415,ok,0.0115
398,88.0003,0.0574,ok,0.0138
399,88.1439,0.0689,ok,0.0111
400,88.2870,0.0874,ok,0.0110
401,88.7150,0.0783,ok,0.0146
402,89.0018,0.1563,ok,0.0123
403,89.1437,0.0815,ok,0.0107
404,89.4295,0.1170,ok,0.0373
405,89.5718,0.1571,ok,0.0112
406,89.7147,0.0953,ok,0.0104
407,89.8572,0.1277,ok,0.0102
408,90.1441,0.0702,ok,0.0111
409,90.2875,0.0938,ok,0.0206
410,90.4295,0.1183,ok,0.0155
411,90.5721,0.0944,ok,0.0113
412,90.7148,0.0688,ok,0.0116
413,90.8579,0.0862,ok,0.0100
414,91.0003,0.0868,ok,0.0125
415,91.1433,0.1007,ok,0.0106
416,91.2863,0.1375,ok,0.0114
417,91.5722,0.1056,ok,0.0117
418,91.7151,0.0717,ok,0.0109
419,92.0013,0.0833,ok,0.0137
420,92.1449,0.1225,ok,0.0111
421,92.2866,0.1314,ok,0.0110
422,92.5714,0.0884,ok,0.0143
423,92.7151,0.0648,ok,0.0109
424,93.0004,0.1015,ok,0.0365
425,93.1441,0.0789,ok,0.0118
426,93.4305,0.0515,ok,0.0110
427,93.5712,0.0933,ok,0.0110
428,93.7147,0.1024,ok,0.0121
429,93.8574,0.0712,ok,0.0289
430,94.0019,0.0846,ok,0.0106
431,94.1439,0.0572,ok,0.0153
432,94.2865,0.1277,ok,0.0109
433,94.5716,0.0912,ok,0.0113
434,94.7161,0.0357,ok,0.0118
435,94.8581,0.0805,ok,0.0106
436,95.1450,0.1122,ok,0.0108
437,95.2864,0.0823,ok,0.0113
438,95.4299,0.1001,ok,0.0111
439,95.5713,0.1367,ok,0.0110
440,95.7141,0.0952,ok,0.0115
441,96.0008,0.1112,ok,0.0139
442,96.1433,0.0975,ok,0.0111
443,96.2870,0.1124,ok,0.0110
444,96.5718,0.0448,ok,0.0114
445,96.7150,0.0704,ok,0.0115
446,96.8587,0.1040,ok,0.0138
447,97.0010,0.0853,ok,0.0256
448,97.1436,0.1037,ok,0.0106
449,97.2866,0.0928,ok,0.0107
450,97.4297,0.1291,ok,0.0145
451,97.5731,0.1057,ok,0.0111
452,98.0013,0.1115,ok,0.0110
453,98.1440,0.0918,ok,0.0321
454,98.2870,0.0932,ok,0.0105
455,98.5714,0.0553,ok,0.0109
456,98.7150,0.0746,ok,0.0104
457,98.8579,0.0885,ok,0.0113
458,99.0007,0.0558,ok,0.0184
459,99.1448,0.0976,ok,0.0106
460,99.2868,0.0986,ok,0.0138
461,99.4298,0.0864,ok,0.0109
462,99.7146,0.0948,ok,0.0131
463,100.0008,0.0850,ok,0.0186
464,100.1440,0.1030,ok,0.0244
465,100.2864,0.1140,ok,0.0356
466,100.4296,0.0938,ok,0.0112
467,100.5716,0.0829,ok,0.0128
468,100.7147,0.0931,ok,0.0127
469,100.8572,0.0881,ok,0.0110
470,101.0006,0.0703,ok,0.0113
471,101.1441,0.0965,ok,0.0121
472,101.4300,0.1084,ok,0.0122
473,101.5716,0.0766,ok,0.0138
474,102.0008,0.1117,ok,0.0111
475,102.1437,0.0890,ok,0.0116
476,102.2869,0.0541,ok,0.0108
477,102.5714,0.0534,ok,0.0142
478,102.7150,0.0810,ok,0.0109
479,103.0004,0.0445,ok,0.0112
480,103.1432,0.0991,ok,0.0107
481,103.2864,0.1046,ok,0.0108
482,103.4292,0.0747,ok,0.0107
483,103.7153,0.0549,ok,0.0116
484,103.8585,0.1053,ok,0.0110
485,104.2874,0.0955,ok,0.0110
486,104.5713,0.0856,ok,0.0120
487,104.7151,0.0777,ok,0.0114
488,104.8580,0.0615,ok,0.0109
489,105.0007,0.0777,ok,0.0155
490,105.1437,0.0892,ok,0.0112
491,105.4303,0.0803,ok,0.0120
492,105.5720,0.0879,ok,0.0247
493,105.7151,0.1143,ok,0.0317
494,105.8576,0.1112,ok,0.0113
495,106.0024,0.0969,ok,0.0145
496,106.1435,0.0611,ok,0.0111
497,106.2868,0.0835,ok,0.0111
498,106.8580,0.1043,ok,0.0117
499,107.0008,0.1121,ok,0.0156
500,107.1433,0.1004,ok,0.0113
501,107.5722,0.0960,ok,0.0120
502,107.7145,0.0995,ok,0.0130
503,107.8572,0.1091,ok,0.0374
504,108.0007,0.1083,ok,0.0176
505,108.1433,0.0934,ok,0.0113
506,108.2869,0.0794,ok,0.0114
507,108.5729,0.0656,ok,0.0128
508,109.0011,0.1294,ok,0.0112
509,109.1447,0.1212,ok,0.0144
510,109.2862,0.0669,ok,0.0119
511,109.4294,0.0714,ok,0.0168
512,109.5731,0.1030,ok,0.0147
513,109.7144,0.0843,ok,0.0122
514,109.8589,0.1106,ok,0.0115
515,110.0009,0.0978,ok,0.0133
516,110.1439,0.0783,ok,0.0108
517,110.2865,0.0611,ok,0.0288
518,110.4299,0.1069,ok,0.0117
519,110.5720,0.1041,ok,0.0118
520,110.8574,0.0709,ok,0.0116
521,111.0018,0.1021,ok,0.0176
522,111.1433,0.1026,ok,0.0119
523,111.2862,0.0855,ok,0.0326
524,111.4300,0.0973,ok,0.0113
525,111.5715,0.0826,ok,0.0126
526,112.0007,0.0720,ok,0.0204
527,112.1451,0.0564,ok,0.0107
528,112.2868,0.0858,ok,0.0450
529,112.4299,0.1066,ok,0.0110
530,112.5717,0.0687,ok,0.0121
531,112.7147,0.0687,ok,0.0112
532,112.8577,0.0865,ok,0.0101
533,113.1436,0.0695,ok,0.0270
534,113.2864,0.1420,ok,0.0339
535,113.4296,0.1412,ok,0.0102
536,113.5720,0.0956,ok,0.0111
537,113.7149,0.1088,ok,0.0110
538,113.8579,0.1091,ok,0.0112
539,114.0003,0.0998,ok,0.0140
540,114.2865,0.0821,ok,0.0116
541,114.4299,0.1303,ok,0.0117
542,114.5714,0.0863,ok,0.0115
543,114.7148,0.0551,ok,0.0114
544,114.8581,0.0685,ok,0.0156
545,115.0009,0.1211,ok,0.0141
546,115.1433,0.0752,ok,0.0109
547,115.2868,0.1027,ok,0.0107
548,115.4298,0.1087,ok,0.0107
549,115.5716,0.0965,ok,0.0133
550,115.7144,0.0821,ok,0.0106
551,115.8577,0.0727,ok,0.0216
552,116.0008,0.1065,ok,0.0138
553,116.1446,0.1027,ok,0.0109
554,116.4297,0.1033,ok,0.0116
555,116.5713,0.0514,ok,0.0114
556,116.7149,0.0786,ok,0.0110
557,116.8578,0.0490,ok,0.0102
558,117.1452,0.0941,ok,0.0117
559,117.2866,0.1039,ok,0.0113
560,117.4298,0.1469,ok,0.0116
561,117.7150,0.0668,ok,0.0112
562,117.8581,0.0776,ok,0.0128
563,118.0011,0.1010,ok,0.0374
564,118.2866,0.0611,ok,0.0114
565,118.5722,0.0759,ok,0.0114
566,118.7144,0.0934,ok,0.0214
567,119.0012,0.0664,ok,0.0112
568,119.1439,0.0775,ok,0.0231
569,119.5731,0.1079,ok,0.0314
570,119.7142,0.0965,ok,0.0105
571,119.8579,0.0863,ok,0.0107
572,120.1437,0.0991,ok,0.0128
573,120.2871,0.1144,ok,0.0114
574,120.4298,0.0909,ok,0.0110
575,120.5719,0.0846,ok,0.0118
576,120.8579,0.0864,ok,0.0115
577,121.0006,0.0844,ok,0.0141
578,121.1433,0.1053,ok,0.0109
579,121.2869,0.1178,ok,0.0107
580,121.5722,0.0956,ok,0.0119
581,121.7142,0.0484,ok,0.0112
582,121.8579,0.1061,ok,0.0112
583,122.0013,0.0949,ok,0.0119
584,122.1434,0.1214,ok,0.0110
585,122.2871,0.1135,ok,0.0108
586,122.4298,0.0844,ok,0.0251
587,122.5714,0.0845,ok,0.0124
588,122.7142,0.0823,ok,0.0106
589,122.8578,0.0826,ok,0.0109
590,123.0006,0.0421,ok,0.0123
591,123.1440,0.0692,ok,0.0103
592,123.2864,0.0332,ok,0.0095
593,123.4298,0.0791,ok,0.0127
594,123.5712,0.1019,ok,0.0238
595,123.7144,0.1098,ok,0.0314
596,123.8573,0.0887,ok,0.0107
597,124.0003,0.0570,ok,0.0138
598,124.1437,0.0486,ok,0.0110
599,124.2865,0.0847,ok,0.0108
600,124.4295,0.1129,ok,0.0110
601,124.5717,0.1014,ok,0.0115
602,125.1438,0.0986,ok,0.0115
603,125.2866,0.0861,ok,0.0107
604,125.4299,0.1083,ok,0.0116
605,125.7146,0.0833,ok,0.0114
606,125.8581,0.1403,ok,0.0115
607,126.0006,0.0720,ok,0.0109
608,126.1449,0.0931,ok,0.0107
609,126.2863,0.0835,ok,0.0103
610,126.4300,0.0981,ok,0.0127
611,126.5714,0.0853,ok,0.0209
612,126.7149,0.1132,ok,0.0453
613,126.8573,0.1025,ok,0.0112
614,127.0010,0.1108,ok,0.0132
615,127.1441,0.0638,ok,0.0117
616,127.2871,0.0526,ok,0.0103
617,127.4300,0.1106,ok,0.0280
618,127.5718,0.0950,ok,0.0114
619,127.7150,0.0576,ok,0.0112
620,127.8579,0.0817,ok,0.0112
621,128.0008,0.1364,ok,0.0123
622,128.1434,0.0731,ok,0.0105
623,128.4313,0.1050,ok,0.0408
624,128.5716,0.1211,ok,0.0118
625,128.7149,0.1125,ok,0.0106
626,128.8577,0.0853,ok,0.0107
627,129.0004,0.0802,ok,0.0124
628,129.1439,0.0947,ok,0.0314
629,129.2868,0.0782,ok,0.0114
630,129.4292,0.1213,ok,0.0110
631,129.7148,0.0810,ok,0.0113
632,129.8580,0.0848,ok,0.0106
633,130.0011,0.0807,ok,0.0161
634,130.1441,0.0978,ok,0.0349
635,130.2862,0.0928,ok,0.0109
636,130.4293,0.1264,ok,0.0140
637,130.5719,0.0646,ok,0.0132
638,130.7149,0.1180,ok,0.0122
639,130.8572,0.0841,ok,0.0114
640,131.0015,0.0728,ok,0.0114
641,131.1435,0.1100,ok,0.0368
642,131.2867,0.1094,ok,0.0108
643,131.4294,0.1301,ok,0.0144
644,131.5717,0.0604,ok,0.0113
645,131.7144,0.1013,ok,0.0112
646,131.8580,0.0838,ok,0.0276
647,132.0021,0.0561,ok,0.0128
648,132.1435,0.0827,ok,0.0117
649,132.2865,0.1028,ok,0.0113
650,132.4295,0.1414,ok,0.0116
651,132.5710,0.1243,ok,0.0114
652,132.7146,0.0920,ok,0.0112
653,132.8578,0.0976,ok,0.0110
654,133.0006,0.0113,ok,0.0113
655,133.1443,0.0529,ok,0.0199
656,133.2866,0.0426,ok,0.0113
657,133.4295,0.0565,ok,0.0112
658,133.5713,0.0753,ok,0.0109
659,133.7149,0.0927,ok,0.0111
660,133.8580,0.0882,ok,0.0107
661,134.0005,0.1041,ok,0.0311
662,134.1439,0.0977,ok,0.0140
663,134.2870,0.1024,ok,0.0112
664,134.4296,0.1354,ok,0.0108
665,134.5712,0.0471,ok,0.0106
666,134.7146,0.0751,ok,0.0130
667,134.8581,0.0539,ok,0.0267
668,135.1434,0.0829,ok,0.0110
669,135.2866,0.1026,ok,0.0115
670,135.4294,0.1153,ok,0.0109
671,135.5720,0.0728,ok,0.0116
672,135.7150,0.0519,ok,0.0118
673,135.8582,0.0661,ok,0.0131
674,136.0033,0.1115,ok,0.0419
675,136.1441,0.0990,ok,0.0108
676,136.2863,0.1399,ok,0.0111
677,136.4294,0.0632,ok,0.0099
678,136.5719,0.0842,ok,0.0119
679,136.7145,0.0898,ok,0.0165
680,137.1438,0.1103,ok,0.0111
681,137.2864,0.1206,ok,0.0125
682,137.4292,0.0968,ok,0.0116
683,137.5713,0.1306,ok,0.0186
684,137.7160,0.1241,ok,0.0111
685,137.8574,0.0984,ok,0.0120
686,138.0010,0.0735,ok,0.0109
687,138.1438,0.0836,ok,0.0108
688,138.4298,0.1064,ok,0.0120
689,138.5715,0.0815,ok,0.0168
690,138.7141,0.0950,ok,0.0324
691,138.8573,0.0952,ok,0.0272
692,139.0007,0.0996,ok,0.0315
693,139.1434,0.0710,ok,0.0107
694,139.4299,0.0734,ok,0.0137
695,139.5716,0.0666,ok,0.0108
696,139.7145,0.0682,ok,0.0109
697,139.8581,0.0991,ok,0.0140
698,140.0005,0.1141,ok,0.0106
699,140.1439,0.1062,ok,0.0108
700,140.4296,0.0699,ok,0.0119
701,140.5728,0.0960,ok,0.0113
702,140.7150,0.0474,ok,0.0113
703,140.8577,0.0963,ok,0.0140
704,141.0003,0.0533,ok,0.0104
705,141.1440,0.1051,ok,0.0106
706,141.4295,0.0893,ok,0.0120
707,141.5721,0.0432,ok,0.0113
708,141.7145,0.0969,ok,0.0107
709,141.8577,0.0751,ok,0.0132
710,142.0011,0.0601,ok,0.0107
711,142.1676,0.0966,ok,0.0105
712,142.5017,0.0755,ok,0.0118
713,142.6675,0.0609,ok,0.0215
714,142.8338,0.0859,ok,0.0117
715,143.1682,0.0779,ok,0.0115
716,143.3343,0.0530,ok,0.0142
717,143.5006,0.0985,ok,0.0111
718,143.6674,0.0997,ok,0.0107
719,143.8334,0.0965,ok,0.0142
720,144.0002,0.1149,ok,0.0329
721,144.1684,0.0757,ok,0.0195
722,144.3334,0.0654,ok,0.0142
723,144.5013,0.0546,ok,0.0111
724,144.6673,0.0772,ok,0.0112
725,144.8338,0.1140,ok,0.0140
726,145.0011,0.1106,ok,0.0115
727,145.1678,0.0402,ok,0.0114
728,145.3334,0.1122,ok,0.0139
729,145.6681,0.0975,ok,0.0146
730,145.8339,0.0923,ok,0.0399
731,146.0004,0.0963,ok,0.0115
732,146.1689,0.0971,ok,0.0113
733,146.5005,0.1047,ok,0.0120
734,146.6676,0.0826,ok,0.0108
735,146.8335,0.1028,ok,0.0135
736,147.0006,0.1055,ok,0.0108
737,147.1673,0.1152,ok,0.0109
738,147.5009,0.1035,ok,0.0113
739,147.6677,0.1014,ok,0.0109
740,148.0005,0.0955,ok,0.0112
741,148.1682,0.1444,ok,0.0107
742,148.3339,0.1221,ok,0.0123
743,148.5002,0.0471,ok,0.0119
744,148.6677,0.0624,ok,0.0110
745,148.8345,0.1284,ok,0.0137
746,149.1674,0.1154,ok,0.0111
747,149.3341,0.1251,ok,0.0142
748,149.6688,0.0904,ok,0.0117
749,149.8337,0.1201,ok,0.0160
750,150.0011,0.0587,ok,0.0113
751,150.1680,0.0452,ok,0.0108
752,150.3337,0.0879,ok,0.0156
753,150.5011,0.1046,ok,0.0110
754,150.6680,0.0937,ok,0.0123
755,150.8351,0.1098,ok,0.0148
756,151.0003,0.1092,ok,0.0113
757,151.1677,0.0581,ok,0.0108
758,151.3342,0.1333,ok,0.0143
759,151.5008,0.0541,ok,0.0108
760,151.8343,0.1223,ok,0.0141
761,152.0009,0.1194,ok,0.0111
762,152.1674,0.0892,ok,0.0108
763,152.3338,0.1153,ok,0.0106
764,152.5002,0.0948,ok,0.0108
765,152.6684,0.0934,ok,0.0298
766,152.8351,0.1312,ok,0.0317
767,153.0005,0.0782,ok,0.0196
768,153.4012,0.1092,ok,0.0113
769,153.6008,0.0826,ok,0.0318
770,153.8007,0.0843,ok,0.0195
771,154.0003,0.0833,ok,0.0104
772,154.2010,0.0622,ok,0.0138
773,154.4005,0.1168,ok,0.0111
774,154.8009,0.0933,ok,0.0220
775,155.0006,0.0835,ok,0.0114
776,155.2004,0.0641,ok,0.0110
777,155.4009,0.0824,ok,0.0140
778,155.6005,0.1266,ok,0.0256
779,155.8004,0.0837,ok,0.0154
780,156.0005,0.0950,ok,0.0109
781,156.2009,0.0640,ok,0.0108
782,156.4004,0.0978,ok,0.0138
783,156.6005,0.1002,ok,0.0108
784,156.8011,0.0946,ok,0.0179
785,157.0010,0.0741,ok,0.0118
786,157.5007,0.1162,ok,0.0117
787,157.7503,0.0924,ok,0.0177
788,158.0011,0.1040,ok,0.0113
789,158.2504,0.1136,ok,0.0122
790,158.5003,0.0709,ok,0.0102
791,158.7504,0.0924,ok,0.0171
792,159.0012,0.0748,ok,0.0114
793,159.5006,0.0702,ok,0.0110
794,159.7513,0.1153,ok,0.0284
795,160.0020,0.1114,ok,0.0121
796,160.6682,0.0866,ok,0.0120
797,161.0014,0.1042,ok,0.0115
798,161.3340,0.1099,ok,0.0112
799,162.0007,0.0696,ok,0.0136
800,162.3338,0.1082,ok,0.0118
801,162.6676,0.0655,ok,0.0118
802,163.0016,0.0828,ok,0.0231
803,163.3338,0.0965,ok,0.0116
804,163.6688,0.1066,ok,0.0115
805,164.0009,0.1127,ok,0.0255
806,164.5015,0.1077,ok,0.0399
807,165.0011,0.1008,ok,0.0512
808,165.5006,0.0908,ok,0.0147
809,166.0022,0.0806,ok,0.0144
810,167.0020,0.0746,ok,0.0140
811,167.5013,0.1082,ok,0.0142
812,168.0012,0.1081,ok,0.0358
813,170.0025,0.1221,ok,0.0350
814,180.0057,0.0348,ok,0.0128
815,181.0018,0.1093,ok,0.0115
816,182.0012,0.0784,ok,0.0114
817,182.5014,0.1047,ok,0.0140
818,183.0008,0.1033,ok,0.0140
819,183.5008,0.1041,ok,0.0136
820,184.0006,0.0906,ok,0.0120
821,184.5019,0.1165,ok,0.0120
822,185.0011,0.0961,ok,0.0133
823,185.5009,0.1160,ok,0.0137
824,186.0007,0.1095,ok,0.0136
825,186.3336,0.5274,ok,0.0113
826,186.6685,0.1648,ok,0.0897
827,187.0003,0.0676,ok,0.0127
828,187.3334,0.0630,ok,0.0111
829,187.6680,0.0786,ok,0.0118
830,188.3345,0.0945,ok,0.0111
831,188.6685,0.0777,ok,0.0121
832,189.0008,0.1280,ok,0.0122
833,189.2512,0.1179,ok,0.0112
834,189.5006,0.0899,ok,0.0305
835,190.0022,0.0939,ok,0.0116
836,190.2504,0.0945,ok,0.0110
837,190.5013,0.0858,ok,0.0143
838,190.7505,0.1081,ok,0.0116
839,191.0020,0.0721,ok,0.0113
840,191.2505,0.0889,ok,0.0293
841,191.7521,0.0694,ok,0.0109
842,192.2512,0.0697,ok,0.0114
843,192.7506,0.0603,ok,0.0117
844,193.0003,0.0984,ok,0.0303
845,193.2011,0.0739,ok,0.0111
846,193.4004,0.0766,ok,0.0107
847,193.8005,0.0973,ok,0.0112
848,194.2014,0.1171,ok,0.0308
849,194.4008,0.1270,ok,0.0112
850,194.6011,0.0787,ok,0.0157
851,194.8011,0.0807,ok,0.0363
852,195.0021,0.0883,ok,0.0115
853,195.2008,0.1183,ok,0.0146
854,195.4004,0.0930,ok,0.0305
855,195.6008,0.0688,ok,0.0133
856,195.8011,0.0589,ok,0.0120
857,196.0003,0.0535,ok,0.0112
858,196.2010,0.0842,ok,0.0114
859,196.4005,0.1002,ok,0.0123
860,196.6011,0.0836,ok,0.0156
861,196.8011,0.0923,ok,0.0120
862,197.0008,0.1293,ok,0.0227
863,197.2004,0.0496,ok,0.0123
864,197.4003,0.0873,ok,0.0115
865,197.8012,0.0938,ok,0.0108
866,198.2005,0.0884,ok,0.0117
867,198.4003,0.1188,ok,0.0113
868,198.6004,0.0481,ok,0.0243
869,198.8009,0.0516,ok,0.0112
870,199.0008,0.0644,ok,0.0110
871,199.2005,0.1123,ok,0.0111
872,199.4010,0.0851,ok,0.0356
873,199.6005,0.0730,ok,0.0184
874,199.8009,0.0310,ok,0.0112
875,200.0003,0.0902,ok,0.0112
876,200.2510,0.0795,ok,0.0352
877,200.5009,0.1080,ok,0.0117
878,200.7503,0.0863,ok,0.0112
879,201.0009,0.1275,ok,0.0352
880,201.2507,0.1090,ok,0.0114
881,201.5011,0.0966,ok,0.0148
882,202.0014,0.0899,ok,0.0194
883,202.2507,0.1019,ok,0.0114
884,202.5012,0.0832,ok,0.0190
885,202.7508,0.1175,ok,0.0338
886,203.2510,0.0733,ok,0.0153
887,203.5008,0.0501,ok,0.0146
888,203.7504,0.0863,ok,0.0098
889,204.0012,0.1387,ok,0.0147
890,204.3334,0.0644,ok,0.0112
891,204.6684,0.0713,ok,0.0116
892,205.0012,0.0610,ok,0.0138
893,205.3337,0.0961,ok,0.0109
894,205.6693,0.0939,ok,0.0137
895,206.0018,0.0719,ok,0.0143
896,206.3342,0.0740,ok,0.0114
897,206.6677,0.1052,ok,0.0268
898,207.0005,0.0854,ok,0.0123
899,207.3344,0.0442,ok,0.0113
900,207.6681,0.1198,ok,0.0119
901,208.0004,0.0730,ok,0.0118
902,208.5011,0.0504,ok,0.0146
903,209.0013,0.0983,ok,0.0252
904,209.5014,0.0990,ok,0.0144
905,210.0011,0.0581,ok,0.0142
906,210.5010,0.0569,ok,0.0136
907,211.0006,0.0936,ok,0.0142
908,214.0029,0.0873,ok,0.0120
909,308.0886,0.0710,ok,0.0119
910,309.0018,0.0799,ok,0.0139
911,310.0019,0.0956,ok,0.0141
912,311.0017,0.0658,ok,0.0113
913,311.5013,0.0464,ok,0.0144
914,312.0006,0.1214,ok,0.0131
915,312.5007,0.0623,ok,0.0128
916,313.0008,0.1136,ok,0.0114
917,313.5012,0.1548,ok,0.0159
918,314.3340,0.1056,ok,0.0118
919,314.6682,0.0912,ok,0.0114
920,315.0010,0.0608,ok,0.0148
921,315.3335,0.0711,ok,0.0127
922,316.0016,0.0619,ok,0.0162
923,316.3341,0.0839,ok,0.0121
924,316.6676,0.1023,ok,0.0497
925,317.2507,0.0897,ok,0.0146
926,317.5008,0.0562,ok,0.0120
927,317.7505,0.1084,ok,0.0158
928,318.0003,0.0634,ok,0.0111
929,318.2511,0.0972,ok,0.0118
930,318.5007,0.0848,ok,0.0156
931,319.0023,0.0559,ok,0.0118
932,319.2016,0.1170,ok,0.0112
933,319.4008,0.0911,ok,0.0366
934,319.6012,0.0737,ok,0.0112
935,319.8003,0.0641,ok,0.0118
936,320.2010,0.1079,ok,0.0117
937,320.4003,0.1133,ok,0.0118
938,320.6019,0.1017,ok,0.0423
939,320.8010,0.1052,ok,0.0122
940,321.0007,0.0544,ok,0.0153
941,321.2005,0.0477,ok,0.0308
942,321.8010,0.1121,ok,0.0105
943,322.0015,0.0952,ok,0.0139
944,322.1691,0.0865,ok,0.0110
945,322.3339,0.0863,ok,0.0113
946,322.5006,0.0759,ok,0.0328
947,322.6679,0.0924,ok,0.0208
948,323.0008,0.0833,ok,0.0117
949,323.1675,0.0556,ok,0.0115
950,323.3334,0.1142,ok,0.0108
951,323.6681,0.0829,ok,0.0168
952,323.8333,0.1235,ok,0.0122
953,324.0011,0.1028,ok,0.0384
954,324.3343,0.1090,ok,0.0109
955,324.5006,0.0796,ok,0.0116
956,324.6686,0.0574,ok,0.0117
957,325.0006,0.0797,ok,0.0123
958,325.1437,0.0560,ok,0.0109
959,325.2880,0.0556,ok,0.0105
960,325.7154,0.0749,ok,0.0117
961,325.8586,0.0566,ok,0.0111
962,326.0005,0.0630,ok,0.0107
963,326.1439,0.1050,ok,0.0111
964,326.2863,0.0525,ok,0.0117
965,326.5723,0.0592,ok,0.0286
966,326.7148,0.0713,ok,0.0356
967,326.8584,0.1213,ok,0.0112
968,327.1261,0.1195,ok,0.0112
969,327.2508,0.1145,ok,0.0101
970,327.5008,0.0592,ok,0.0153
971,327.6252,0.0461,ok,0.0113
972,327.7507,0.1014,ok,0.0264
973,327.8755,0.0927,ok,0.0184
974,328.1256,0.0719,ok,0.0104
975,328.2509,0.0738,ok,0.0110
976,328.5011,0.1678,ok,0.0118
977,328.6262,0.0940,ok,0.0113
978,328.7505,0.1028,ok,0.0108
979,328.8755,0.0973,ok,0.0176
980,329.0011,0.0799,ok,0.0116
981,329.1253,0.0982,ok,0.0164
982,329.2507,0.0812,ok,0.0115
983,329.3752,0.1018,ok,0.0110
984,329.5003,0.0799,ok,0.0117
985,329.6256,0.0782,ok,0.0304
986,329.7511,0.0920,ok,0.0107
987,329.8753,0.0936,ok,0.0105
988,330.0002,0.0689,ok,0.0128
989,330.2506,0.1139,ok,0.0120
990,330.3757,0.0999,ok,0.0108
991,330.6261,0.1001,ok,0.0145
992,330.7505,0.0452,ok,0.0110
993,330.8760,0.0635,ok,0.0111
994,331.0008,0.1091,ok,0.0224
995,331.1252,0.0956,ok,0.0109
996,331.2509,0.0911,ok,0.0112
997,331.3753,0.0603,ok,0.0115
998,331.5009,0.0909,ok,0.0174
999,331.6261,0.0577,ok,0.0121
1000,331.7521,0.1048,ok,0.0120
1001,331.8761,0.0472,ok,0.0119
1002,332.0008,0.0938,ok,0.0187
1003,332.1259,0.0926,ok,0.0114
1004,332.3758,0.1098,ok,0.0118
1005,332.5009,0.0950,ok,0.0320
1006,332.6253,0.0878,ok,0.0162
1007,332.7504,0.0899,ok,0.0112
1008,332.8756,0.0451,ok,0.0129
1009,333.0010,0.0985,ok,0.0106
1010,333.2509,0.0783,ok,0.0118
1011,333.5007,0.1016,ok,0.0338
1012,333.6256,0.0854,ok,0.0118
1013,333.7502,0.0998,ok,0.0126
1014,333.8753,0.0581,ok,0.0108
1015,334.0017,0.0608,ok,0.0100
1016,334.1258,0.1178,ok,0.0287
1017,334.2509,0.0977,ok,0.0133
1018,334.3758,0.0915,ok,0.0118
1019,334.5006,0.0758,ok,0.0107
1020,334.6257,0.0840,ok,0.0106
1021,334.7511,0.0914,ok,0.0336
1022,334.8758,0.1007,ok,0.0108
1023,335.0007,0.0805,ok,0.0103
1024,335.1255,0.1001,ok,0.0096
1025,335.2509,0.1125,ok,0.0108
1026,335.3756,0.1285,ok,0.0133
1027,335.5007,0.0645,ok,0.0117
1028,335.6256,0.0934,ok,0.0237
1029,335.7504,0.0565,ok,0.0115
1030,336.0004,0.0988,ok,0.0112
1031,336.1264,0.0698,ok,0.0187
1032,336.3756,0.0913,ok,0.0115
1033,336.6253,0.0632,ok,0.0105
1034,336.8760,0.1215,ok,0.0166
1035,337.0007,0.0752,ok,0.0109
1036,337.1252,0.0827,ok,0.0268
1037,337.3754,0.0365,ok,0.0113
1038,337.7506,0.1062,ok,0.0171
1039,337.8762,0.0892,ok,0.0106
1040,338.1259,0.0962,ok,0.0182
1041,338.2504,0.0993,ok,0.0117
1042,338.3771,0.0532,ok,0.0113
1043,338.5005,0.1088,ok,0.0321
1044,338.6256,0.1073,ok,0.0126
1045,338.7521,0.0483,ok,0.0117
1046,338.8758,0.0818,ok,0.0120
1047,339.0008,0.0963,ok,0.0107
1048,339.1254,0.0693,ok,0.0116
1049,339.2510,0.0850,ok,0.0117
1050,339.3755,0.0835,ok,0.0162
1051,339.5003,0.1016,ok,0.0115
1052,339.6252,0.0508,ok,0.0106
1053,339.7503,0.0644,ok,0.0103
1054,339.8759,0.0901,ok,0.0269
1055,340.2514,0.1185,ok,0.0113
1056,340.3761,0.0596,ok,0.0101
1057,340.5010,0.0587,ok,0.0112
1058,340.6260,0.0807,ok,0.0265
1059,340.7509,0.0723,ok,0.0109
1060,340.8765,0.1158,ok,0.0140
1061,341.0006,0.0950,ok,0.0120
1062,341.1257,0.1120,ok,0.0112
1063,341.2519,0.0805,ok,0.0106
1064,341.3755,0.0696,ok,0.0134
1065,341.5005,0.1081,ok,0.0151
1066,341.6261,0.0853,ok,0.0117
1067,341.7506,0.1027,ok,0.0108
1068,341.8756,0.1168,ok,0.0105
1069,342.0006,0.0762,ok,0.0101
1070,342.1261,0.0883,ok,0.0171
1071,342.2518,0.1056,ok,0.0150
1072,342.5019,0.0998,ok,0.0113
1073,342.7510,0.0510,ok,0.0112
1074,342.8755,0.0924,ok,0.0331
1075,343.0002,0.0902,ok,0.0107
1076,343.1256,0.1395,ok,0.0108
1077,343.2504,0.0638,ok,0.0110
1078,343.3755,0.1199,ok,0.0115
1079,343.5006,0.0779,ok,0.0100
1080,343.6258,0.1126,ok,0.0345
1081,343.8758,0.0841,ok,0.0151
1082,344.1254,0.0637,ok,0.0109
1083,344.2504,0.0542,ok,0.0103
1084,344.3768,0.1183,ok,0.0347
1085,344.5003,0.1061,ok,0.0101
1086,344.6256,0.0963,ok,0.0113
1087,344.7510,0.0742,ok,0.0107
1088,344.8755,0.0770,ok,0.0111
1089,345.0007,0.0705,ok,0.0264
1090,345.1255,0.1220,ok,0.0105
1091,345.2507,0.1490,ok,0.0097
1092,345.3752,0.0854,ok,0.0112
1093,345.5008,0.0799,ok,0.0106
1094,345.6259,0.1477,ok,0.0321
1095,345.7503,0.0835,ok,0.0117
1096,345.8760,0.1153,ok,0.0121
1097,346.1267,0.0771,ok,0.0108
1098,346.2510,0.0775,ok,0.0159
1099,346.3757,0.1378,ok,0.0130
1100,346.5006,0.1166,ok,0.0111
1101,346.6254,0.0716,ok,0.0114
1102,346.8753,0.0909,ok,0.0208
1103,347.0005,0.0701,ok,0.0109
1104,347.1258,0.1198,ok,0.0114
1105,347.2508,0.0944,ok,0.0106
1106,347.3754,0.0675,ok,0.0118
1107,347.5001,0.1179,ok,0.0194
1108,347.6252,0.0807,ok,0.0115
1109,347.7511,0.1389,ok,0.0108
1110,347.8752,0.0748,ok,0.0111
1111,348.0002,0.1064,ok,0.0108
1112,348.1259,0.1174,ok,0.0115
1113,348.2505,0.0969,ok,0.0114
1114,348.3755,0.1011,ok,0.0123
1115,348.5008,0.0906,ok,0.0114
1116,348.6255,0.0742,ok,0.0112
1117,348.7509,0.0748,ok,0.0101
1118,348.8759,0.1096,ok,0.0138
1119,349.2510,0.0915,ok,0.0108
1120,349.3758,0.1408,ok,0.0132
1121,349.5003,0.0970,ok,0.0107
1122,350.0010,0.1192,ok,0.0119
1123,350.1254,0.0985,ok,0.0099
1124,350.2511,0.0814,ok,0.0108
1125,350.3757,0.1148,ok,0.0131
1126,350.5008,0.0728,ok,0.0112
1127,350.6269,0.1120,ok,0.0254
1128,350.7501,0.1062,ok,0.0107
1129,350.8756,0.1202,ok,0.0123
1130,351.0010,0.0764,ok,0.0103
1131,351.1256,0.1056,ok,0.0377
1132,351.2505,0.1032,ok,0.0111
1133,351.3759,0.1148,ok,0.0128
1134,351.5009,0.0692,ok,0.0105
1135,351.6254,0.1268,ok,0.0442
1136,351.7508,0.1202,ok,0.0103
1137,351.8752,0.0867,ok,0.0113
1138,352.0001,0.0349,ok,0.0113
1139,352.1254,0.0892,ok,0.0110
1140,352.2517,0.0825,ok,0.0111
1141,352.5007,0.0772,ok,0.0143
1142,352.6252,0.0952,ok,0.0112
1143,352.7506,0.0622,ok,0.0109
1144,352.8760,0.0613,ok,0.0106
1145,353.0007,0.1071,ok,0.0408
1146,353.1271,0.1097,ok,0.0114
1147,353.2511,0.0460,ok,0.0110
1148,353.3754,0.0923,ok,0.0209
1149,353.5009,0.1147,ok,0.0120
1150,353.6258,0.0764,ok,0.0105
1151,354.0007,0.0593,ok,0.0100
1152,354.1253,0.0881,ok,0.0372
1153,354.2507,0.0895,ok,0.0110
1154,354.5006,0.1034,ok,0.0119
1155,354.6253,0.0510,ok,0.0106
1156,354.8756,0.0785,ok,0.0108
1157,355.1255,0.0916,ok,0.0113
1158,355.2504,0.0843,ok,0.0098
1159,355.3761,0.0655,ok,0.0111
1160,355.5020,0.0871,ok,0.0137
1161,355.6265,0.0507,ok,0.0145
1162,355.8757,0.0853,ok,0.0117
1163,356.0003,0.0807,ok,0.0121
1164,356.2505,0.0535,ok,0.0112
1165,356.3763,0.0903,ok,0.0305
1166,356.5009,0.0925,ok,0.0124
1167,356.6255,0.0637,ok,0.0109
1168,356.7504,0.0860,ok,0.0111
1169,356.8756,0.1159,ok,0.0270
1170,357.0017,0.1157,ok,0.0116
1171,357.1447,0.1029,ok,0.0111
1172,357.2868,0.0517,ok,0.0110
1173,357.4299,0.0744,ok,0.0150
1174,357.5727,0.0498,ok,0.0110
1175,357.7147,0.1203,ok,0.0176
1176,357.8574,0.1004,ok,0.0113
1177,358.0010,0.0800,ok,0.0124
1178,358.1433,0.0964,ok,0.0115
1179,358.5724,0.0908,ok,0.0186
1180,358.7145,0.0875,ok,0.0110
1181,359.0004,0.1109,ok,0.0115
1182,359.1436,0.0913,ok,0.0111
1183,359.2880,0.0385,ok,0.0096
1184,359.4309,0.0609,ok,0.0321
1185,359.5722,0.0916,ok,0.0349
1186,359.7151,0.0931,ok,0.0110
1187,359.8574,0.1015,ok,0.0117
1188,360.0002,0.0827,ok,0.0130
1189,360.1433,0.0910,ok,0.0109
1190,360.2875,0.1261,ok,0.0126
1191,360.4300,0.1013,ok,0.0140
1192,360.7147,0.1005,ok,0.0113
1193,360.8576,0.0810,ok,0.0109
1194,361.0008,0.0990,ok,0.0110
1195,361.1441,0.1196,ok,0.0106
1196,361.2870,0.0834,ok,0.0104
1197,361.5719,0.0946,ok,0.0133
1198,361.7148,0.1074,ok,0.0112
1199,362.0007,0.0910,ok,0.0118
1200,362.1449,0.0489,ok,0.0112
1201,362.2871,0.0437,ok,0.0114
1202,362.4301,0.1176,ok,0.0110
1203,362.5720,0.0674,ok,0.0112
1204,362.7147,0.1190,ok,0.0108
1205,362.8579,0.1153,ok,0.0106
1206,363.0004,0.0921,ok,0.0115
1207,363.2869,0.0684,ok,0.0106
1208,363.5718,0.0688,ok,0.0115
1209,363.7149,0.0708,ok,0.0097
1210,363.8590,0.0641,ok,0.0100
1211,364.0006,0.0832,ok,0.0188
1212,364.1681,0.0794,ok,0.0096
1213,364.5010,0.0712,ok,0.0114
1214,364.6675,0.1289,ok,0.0110
1215,365.1681,0.0793,ok,0.0117
1216,365.3337,0.0881,ok,0.0354
1217,365.5012,0.0957,ok,0.0242
1218,365.6672,0.0952,ok,0.0133
1219,365.8348,0.0747,ok,0.0103
1220,366.0009,0.0738,ok,0.0113
1221,366.3342,0.0470,ok,0.0113
1222,366.5017,0.1029,ok,0.0122
1223,366.6678,0.0965,ok,0.0106
1224,366.8336,0.0637,ok,0.0109
1225,367.0017,0.1013,ok,0.0379
1226,367.1672,0.0933,ok,0.0110
1227,367.3337,0.0926,ok,0.0105
1228,367.5007,0.0930,ok,0.0135
1229,367.6681,0.1140,ok,0.0113
1230,367.8333,0.0945,ok,0.0117
1231,368.0012,0.0855,ok,0.0142
1232,368.1680,0.1098,ok,0.0112
1233,368.3341,0.1033,ok,0.0109
1234,368.5008,0.1036,ok,0.0142
1235,368.6677,0.1049,ok,0.0108
1236,368.8339,0.0592,ok,0.0111
1237,369.0004,0.0797,ok,0.0141
1238,369.1685,0.0604,ok,0.0109
1239,369.3343,0.0808,ok,0.0108
1240,369.5006,0.0660,ok,0.0144
1241,369.6679,0.0770,ok,0.0108
1242,369.8333,0.0529,ok,0.0111
1243,370.0006,0.0341,ok,0.0129
1244,370.1680,0.0497,ok,0.0112
1245,370.3340,0.1180,ok,0.0110
1246,370.5003,0.0751,ok,0.0143
1247,370.6678,0.0947,ok,0.0117
1248,370.8348,0.0917,ok,0.0111
1249,371.0009,0.1006,ok,0.0132
1250,371.2009,0.0739,ok,0.0106
1251,371.4012,0.0541,ok,0.0109
1252,371.6006,0.0978,ok,0.0114
1253,371.8007,0.1245,ok,0.0306
1254,372.0003,0.0788,ok,0.0172
1255,372.4006,0.0827,ok,0.0117
1256,372.6008,0.0944,ok,0.0143
1257,372.8006,0.0864,ok,0.0098
1258,373.0002,0.1089,ok,0.0110
1259,373.2005,0.0994,ok,0.0144
1260,373.4012,0.0856,ok,0.0103
1261,373.8014,0.0844,ok,0.0119
1262,374.0012,0.0943,ok,0.0211
1263,374.4012,0.0625,ok,0.0114
1264,374.8013,0.0983,ok,0.0117
1265,375.0009,0.0853,ok,0.0119
1266,375.2006,0.0322,ok,0.0119
1267,375.4013,0.0749,ok,0.0111
1268,375.6005,0.1166,ok,0.0186
1269,375.8005,0.0912,ok,0.0120
1270,376.2013,0.0883,ok,0.0114
1271,376.4010,0.1138,ok,0.0105
1272,376.6012,0.1374,ok,0.0130
1273,376.8009,0.1139,ok,0.0129
1274,377.2514,0.0703,ok,0.0146
1275,377.5011,0.0832,ok,0.0120
1276,377.7509,0.0823,ok,0.0147
1277,378.0007,0.1079,ok,0.0108
1278,378.2521,0.0657,ok,0.0143
1279,378.5012,0.0779,ok,0.0100
1280,378.7507,0.0856,ok,0.0138
1281,379.0007,0.0838,ok,0.0112
1282,379.2510,0.0715,ok,0.0142
1283,379.7513,0.0889,ok,0.0141
1284,380.0006,0.0864,ok,0.0114
1285,380.2505,0.0756,ok,0.0113
1286,380.5015,0.1072,ok,0.0110
1287,380.7521,0.0975,ok,0.0143
1288,381.0010,0.0598,ok,0.0108
1289,381.2513,0.1133,ok,0.0348
1290,381.5009,0.1059,ok,0.0110
1291,381.7523,0.0859,ok,0.0141
1292,382.0007,0.0836,ok,0.0207
1293,382.3337,0.0499,ok,0.0113
1294,382.6691,0.0956,ok,0.0110
1295,383.0022,0.0780,ok,0.0116
1296,383.3337,0.1199,ok,0.0328
1297,383.6681,0.0944,ok,0.0111
1298,384.0020,0.0991,ok,0.0113
1299,384.3336,0.1095,ok,0.0123
1300,384.6676,0.0858,ok,0.0118
1301,385.3343,0.0874,ok,0.0177
1302,385.6683,0.0838,ok,0.0129
1303,386.0007,0.1073,ok,0.0117
1304,386.3336,0.0928,ok,0.0367
1305,386.6679,0.1014,ok,0.0116
1306,387.0007,0.1140,ok,0.0115
1307,388.0011,0.0517,ok,0.0161
1308,388.5015,0.1059,ok,0.0107
1309,389.0011,0.1102,ok,0.0219
1310,390.0015,0.0991,ok,0.0116
1311,391.0019,0.0942,ok,0.0228
1312,391.5008,0.0953,ok,0.0101
1313,392.5013,0.0717,ok,0.0122
1314,395.0027,0.0942,ok,0.0117
1315,396.0012,0.1004,ok,0.0111
1316,397.0018,0.0925,ok,0.0102
1317,398.0016,0.0897,ok,0.0109
1318,399.0015,0.0542,ok,0.0124
1319,400.0030,0.1049,ok,0.0332
1320,403.0040,0.0928,ok,0.0109
1321,405.0023,0.0845,ok,0.0118
1322,406.0020,0.0986,ok,0.0114
1323,407.0018,0.1293,ok,0.0318
1324,408.0012,0.0797,ok,0.0120
1325,409.0011,0.1091,ok,0.0121
1326,410.0014,0.1096,ok,0.0116
1327,411.0012,0.0707,ok,0.0114
1328,412.0011,0.0986,ok,0.0149
1329,413.0019,0.0811,ok,0.0110
1330,415.0023,0.0981,ok,0.0251
1331,416.0016,0.0832,ok,0.0204
1332,417.0020,0.0716,ok,0.0169
1333,417.5013,0.0698,ok,0.0103
1334,418.5013,0.0858,ok,0.0111
1335,419.0019,0.0642,ok,0.0112
1336,420.0015,0.0743,ok,0.0143
1337,420.6687,0.0873,ok,0.0106
1338,421.0005,0.0762,ok,0.0100
1339,421.3342,0.1019,ok,0.0114
1340,421.6676,0.1453,ok,0.0120
1341,422.0004,0.0572,ok,0.0116
1342,422.2511,0.1063,ok,0.0139
1343,422.5018,0.1087,ok,0.0124
1344,422.7510,0.1053,ok,0.0136
1345,423.0017,0.0965,ok,0.0226
1346,423.5008,0.0464,ok,0.0113
1347,423.7507,0.1105,ok,0.0322
1348,424.0005,0.1083,ok,0.0102
1349,424.4014,0.0989,ok,0.0115
1350,424.6007,0.1334,ok,0.0113
1351,424.8004,0.0453,ok,0.0130
1352,425.0011,0.0553,ok,0.0110
1353,425.2018,0.1071,ok,0.0116
1354,425.4011,0.0961,ok,0.0196
1355,425.8009,0.1099,ok,0.0139
1356,426.0011,0.0640,ok,0.0165
1357,426.2005,0.0687,ok,0.0161
1358,426.8010,0.0887,ok,0.0121
1359,427.0009,0.0639,ok,0.0116
1360,427.1691,0.0897,ok,0.0291
1361,427.3341,0.0588,ok,0.0181
1362,427.5002,0.0934,ok,0.0098
1363,427.6679,0.0796,ok,0.0121
1364,427.8338,0.1189,ok,0.0119
1365,428.0009,0.1097,ok,0.0109
1366,428.1679,0.0925,ok,0.0110
1367,428.3338,0.0853,ok,0.0116
1368,428.6676,0.0583,ok,0.0330
1369,428.8333,0.0673,ok,0.0215
1370,429.0009,0.0728,ok,0.0103
1371,429.1441,0.0604,ok,0.0155
1372,429.2868,0.1032,ok,0.0334
1373,429.4293,0.1049,ok,0.0116
1374,429.5716,0.0913,ok,0.0115
1375,429.8574,0.0752,ok,0.0125
1376,430.0009,0.1094,ok,0.0113
1377,430.1435,0.1028,ok,0.0115
1378,430.2867,0.1130,ok,0.0154
1379,430.5722,0.0869,ok,0.0115
1380,430.7144,0.0795,ok,0.0115
1381,430.8582,0.1199,ok,0.0312
1382,431.0003,0.0869,ok,0.0113
1383,431.1435,0.0834,ok,0.0115
1384,431.2873,0.1140,ok,0.0146
1385,431.4295,0.0960,ok,0.0122
1386,431.5717,0.0707,ok,0.0101
1387,431.7156,0.1136,ok,0.0233
1388,432.2509,0.0460,ok,0.0121
1389,432.3761,0.1031,ok,0.0116
1390,432.5005,0.0667,ok,0.0139
1391,432.6255,0.0397,ok,0.0113
1392,432.7505,0.0877,ok,0.0114
1393,432.8754,0.0434,ok,0.0110
1394,433.0011,0.0670,ok,0.0114
1395,433.1254,0.0793,ok,0.0128
1396,433.3761,0.0936,ok,0.0114
1397,433.6262,0.0722,ok,0.0142
1398,433.7516,0.0806,ok,0.0106
1399,433.8755,0.1039,ok,0.0107
1400,434.0007,0.0693,ok,0.0099
1401,434.1114,0.0887,ok,0.0293
1402,434.2224,0.0801,ok,0.0118
1403,434.3338,0.0930,ok,0.0110
1404,434.4461,0.0839,ok,0.0526
1405,434.5573,0.0965,ok,0.0117
1406,434.6681,0.0687,ok,0.0117
1407,434.7789,0.1059,ok,0.0121
1408,434.8900,0.0917,ok,0.0102
1409,435.0008,0.0829,ok,0.0118
1410,435.1120,0.0769,ok,0.0156
1411,435.2222,0.0380,ok,0.0112
1412,435.3335,0.1043,ok,0.0293
1413,435.4450,0.1096,ok,0.0105
1414,435.5569,0.0973,ok,0.0102
1415,435.6684,0.0677,ok,0.0120
1416,435.7783,0.1403,ok,0.0108
1417,435.8893,0.0876,ok,0.0101
1418,436.0001,0.0830,ok,0.0124
1419,436.1002,0.0788,ok,0.0110
1420,436.2002,0.1146,ok,0.0110
1421,436.3005,0.1225,ok,0.0103
1422,436.4010,0.0887,ok,0.0106
1423,436.5009,0.0707,ok,0.0105
1424,436.6008,0.0761,ok,0.0112
1425,436.7002,0.0662,ok,0.0255
1426,436.8007,0.0750,ok,0.0104
1427,436.9011,0.0726,ok,0.0171
1428,437.0011,0.0949,ok,0.0303
1429,437.1112,0.1088,ok,0.0107
1430,437.2221,0.1057,ok,0.0098
1431,437.3340,0.0834,ok,0.0101
1432,437.4447,0.1029,ok,0.0132
1433,437.5578,0.1092,ok,0.0110
1434,437.6671,0.0694,ok,0.0100
1435,437.7788,0.0829,ok,0.0252
1436,437.8899,0.0736,ok,0.0106
1437,438.0008,0.1074,ok,0.0123
1438,438.1114,0.0779,ok,0.0102
1439,438.4448,0.0681,ok,0.0126
1440,438.5562,0.0997,ok,0.0111
1441,438.6671,0.1217,ok,0.0109
1442,438.7790,0.0793,ok,0.0113
1443,438.8895,0.0848,ok,0.0106
1444,439.0016,0.0899,ok,0.0129
1445,439.1258,0.0556,ok,0.0098
1446,439.2506,0.0774,ok,0.0108
1447,439.5004,0.0729,ok,0.0112
1448,439.6266,0.0879,ok,0.0114
1449,439.7517,0.1015,ok,0.0354
1450,439.8755,0.0829,ok,0.0111
1451,440.0007,0.0673,ok,0.0109
1452,440.2504,0.0702,ok,0.0259
1453,440.3759,0.0258,ok,0.0106
1454,440.5010,0.0966,ok,0.0106
1455,440.6259,0.0635,ok,0.0187
1456,440.7508,0.0619,ok,0.0229
1457,440.8760,0.0919,ok,0.0112
1458,441.0003,0.1038,ok,0.0132
1459,441.1435,0.0601,ok,0.0114
1460,441.2869,0.0852,ok,0.0108
1461,441.5716,0.1384,ok,0.0142
1462,441.7142,0.0746,ok,0.0102
1463,442.0013,0.0942,ok,0.0164
1464,442.1438,0.1029,ok,0.0104
1465,442.2871,0.1322,ok,0.0370
1466,442.4295,0.0822,ok,0.0104
1467,442.5721,0.0634,ok,0.0124
1468,442.7148,0.1072,ok,0.0112
1469,443.0006,0.1212,ok,0.0158
1470,443.3342,0.1083,ok,0.0280
1471,443.6681,0.0741,ok,0.0116
1472,443.8335,0.0815,ok,0.0110
1473,444.1675,0.0767,ok,0.0121
1474,444.3335,0.0809,ok,0.0117
1475,444.5008,0.0875,ok,0.0353
1476,444.6676,0.0510,ok,0.0257
1477,445.0012,0.1120,ok,0.0145
1478,445.4018,0.0670,ok,0.0125
1479,446.0015,0.0854,ok,0.0105
1480,446.2003,0.0631,ok,0.0113
1481,446.4008,0.0851,ok,0.0115
1482,446.6013,0.0463,ok,0.0110
1483,446.8010,0.0589,ok,0.0104
1484,447.5017,0.1384,ok,0.0116
1485,447.7505,0.1024,ok,0.0123
1486,448.0012,0.0994,ok,0.0114
1487,448.2509,0.0823,ok,0.0109
1488,448.5006,0.1020,ok,0.0108
1489,449.0013,0.0509,ok,0.0104
1490,449.2506,0.0913,ok,0.0110
1491,449.5003,0.1285,ok,0.0109
1492,449.7502,0.1011,ok,0.0121
1493,450.0008,0.1041,ok,0.0118
1494,450.6687,0.0866,ok,0.0115
1495,451.0009,0.0670,ok,0.0109
1496,451.3334,0.0641,ok,0.0100
1497,451.6681,0.0546,ok,0.0107
1498,452.0013,0.0897,ok,0.0189
1499,452.5017,0.0787,ok,0.0156
1500,453.5016,0.1303,ok,0.0121
1501,455.0016,0.0471,ok,0.0119
1502,462.0023,0.0998,ok,0.0243
1503,464.0034,0.0754,ok,0.0119
1504,465.0020,0.1202,ok,0.0151
1505,466.0014,0.1242,ok,0.0132
1506,467.0018,0.0934,ok,0.0128
1507,467.5011,0.1319,ok,0.0146
1508,468.0007,0.0736,ok,0.0137
1509,468.5010,0.0694,ok,0.0125
1510,469.0011,0.0918,ok,0.0145
1511,469.3334,0.1089,ok,0.0322
1512,469.6678,0.0787,ok,0.0113
1513,470.0010,0.0540,ok,0.0123
1514,470.3337,0.0748,ok,0.0123
1515,470.6681,0.0608,ok,0.0122
1516,471.0004,0.1456,ok,0.0114
1517,471.3334,0.0377,ok,0.0111
1518,472.0010,0.0907,ok,0.0122
1519,472.3343,0.0632,ok,0.0109
1520,472.6681,0.0676,ok,0.0123
1521,473.0012,0.0872,ok,0.0439
1522,473.2509,0.0402,ok,0.0116
1523,473.5006,0.0682,ok,0.0311
1524,473.7512,0.1291,ok,0.0118
1525,474.0007,0.0606,ok,0.0121
1526,474.2507,0.1223,ok,0.0298
1527,474.5004,0.1038,ok,0.0146
1528,474.7507,0.0832,ok,0.0118
1529,475.0004,0.0908,ok,0.0196
1530,475.2505,0.0914,ok,0.0114
1531,475.5004,0.0757,ok,0.0117
1532,475.7516,0.0883,ok,0.0132
1533,476.0013,0.1263,ok,0.0139
1534,476.2009,0.0731,ok,0.0136
1535,476.4004,0.0750,ok,0.0118
1536,476.6007,0.0994,ok,0.0115
1537,476.8004,0.0809,ok,0.0113
1538,477.0017,0.1010,ok,0.0120
1539,477.2011,0.0730,ok,0.0111
1540,477.4005,0.0611,ok,0.0105
1541,477.6010,0.1052,ok,0.0110
1542,477.8005,0.0915,ok,0.0112
1543,478.0005,0.0841,ok,0.0111
1544,478.2010,0.0308,ok,0.0112
1545,478.4012,0.1117,ok,0.0115
1546,478.6012,0.0880,ok,0.0218
1547,478.8005,0.0796,ok,0.0116
1548,479.0005,0.1221,ok,0.0128
1549,479.2009,0.1224,ok,0.0119
1550,479.4007,0.1037,ok,0.0105
1551,479.6007,0.0989,ok,0.0112
1552,479.8009,0.1039,ok,0.0112
1553,480.0012,0.0974,ok,0.0224
1554,480.2011,0.0787,ok,0.0122
1555,480.4012,0.0975,ok,0.0121
1556,480.8013,0.0960,ok,0.0332
1557,481.0017,0.0556,ok,0.0148
1558,481.2017,0.0733,ok,0.0117
1559,481.4004,0.0557,ok,0.0111
1560,481.6016,0.0815,ok,0.0125
1561,481.8006,0.0906,ok,0.0359
1562,482.0006,0.1015,ok,0.0183
1563,482.2004,0.0759,ok,0.0098
1564,482.4007,0.1011,ok,0.0113
1565,483.0017,0.0921,ok,0.0326
1566,483.2011,0.0413,ok,0.0109
1567,483.4010,0.0656,ok,0.0110
1568,483.6019,0.1002,ok,0.0113
1569,483.8006,0.1202,ok,0.0117
1570,484.0012,0.0951,ok,0.0528
1571,484.2507,0.0449,ok,0.0113
1572,484.5020,0.0869,ok,0.0137
1573,485.0016,0.1087,ok,0.0142
1574,485.2508,0.0800,ok,0.0120
1575,485.5012,0.0556,ok,0.0139
1576,485.7504,0.0770,ok,0.0118
1577,486.0009,0.1204,ok,0.0175
1578,486.2508,0.0884,ok,0.0112
1579,486.5006,0.0932,ok,0.0117
1580,487.3349,0.1206,ok,0.0114
1581,488.3347,0.0617,ok,0.0122
1582,488.6681,0.1144,ok,0.0120
1583,489.3343,0.1195,ok,0.0107
1584,489.6676,0.1122,ok,0.0458
1585,490.0013,0.0881,ok,0.0146
1586,490.3340,0.0470,ok,0.0122
1587,491.0009,0.0676,ok,0.0121
1588,491.5012,0.0655,ok,0.0127
1589,492.0015,0.0490,ok,0.0129
1590,492.5012,0.1041,ok,0.0314
1591,493.0010,0.0610,ok,0.0120
1592,493.5007,0.0891,ok,0.0119
1593,494.0017,0.0648,ok,0.0105
1594,494.5013,0.0665,ok,0.0113
1595,495.0015,0.0966,ok,0.0113
1596,496.0013,0.0969,ok,0.0121
1597,505.0047,0.1663,ok,0.0199
1598,506.0023,0.1046,ok,0.0139
1599,507.0012,0.1057,ok,0.0144
1600,508.5036,0.0602,ok,0.0263
1601,509.0015,0.1148,ok,0.0121
1602,509.5010,0.0673,ok,0.0143
1603,510.0012,0.0588,ok,0.0117
1604,510.5008,0.0674,ok,0.0125
1605,511.0010,0.1158,ok,0.0150
1606,511.6687,0.1274,ok,0.0386
1607,512.0007,0.1043,ok,0.0142
1608,513.0012,0.0969,ok,0.0135
1609,513.6691,0.0961,ok,0.0147
1610,514.5012,0.0972,ok,0.0119
1611,514.7509,0.0746,ok,0.0122
1612,515.2513,0.0868,ok,0.0119
1613,515.5005,0.1107,ok,0.0114
1614,515.7508,0.1121,ok,0.0436
1615,516.0003,0.0662,ok,0.0114
1616,516.2510,0.0767,ok,0.0102
1617,516.5011,0.0639,ok,0.0112
1618,517.0007,0.0843,ok,0.0163
1619,517.2004,0.0972,ok,0.0110
1620,517.4020,0.0832,ok,0.0140
1621,517.6006,0.1115,ok,0.0340
1622,518.0016,0.0776,ok,0.0110
1623,518.6011,0.0816,ok,0.0116
1624,518.8022,0.0825,ok,0.0146
1625,519.2013,0.1072,ok,0.0111
1626,519.4009,0.1667,ok,0.0123
1627,519.6008,0.1041,ok,0.0112
1628,519.8003,0.1187,ok,0.0523
1629,520.0004,0.1050,ok,0.0301
1630,520.2006,0.0848,ok,0.0252
1631,520.4006,0.0895,ok,0.0231
1632,520.6005,0.0884,ok,0.0166
1633,520.8012,0.0726,ok,0.0121
1634,521.0012,0.0850,ok,0.0117
1635,521.1676,0.0554,ok,0.0108
1636,521.3335,0.0665,ok,0.0114
1637,521.5003,0.0854,ok,0.0121
1638,521.6681,0.1142,ok,0.0282
1639,521.8336,0.0551,ok,0.0109
1640,522.1683,0.0747,ok,0.0116
1641,522.3335,0.1178,ok,0.0111
1642,522.5005,0.1138,ok,0.0112
1643,522.6677,0.0968,ok,0.0129
1644,522.8338,0.1156,ok,0.0121
1645,523.1679,0.0528,ok,0.0120
1646,523.3340,0.0532,ok,0.0114
1647,523.5005,0.0559,ok,0.0108
1648,523.6677,0.0997,ok,0.0115
1649,523.8338,0.1024,ok,0.0114
1650,524.0005,0.0879,ok,0.0108
1651,524.4300,0.0878,ok,0.0114
1652,524.5721,0.0886,ok,0.0130
1653,524.7149,0.0647,ok,0.0119
1654,524.8578,0.0985,ok,0.0109
1655,525.2869,0.1113,ok,0.0117
1656,525.4295,0.0958,ok,0.0118
1657,525.5715,0.0950,ok,0.0113
1658,525.7149,0.0972,ok,0.0143
1659,526.0006,0.1166,ok,0.0108
1660,526.1445,0.0860,ok,0.0122
1661,526.2868,0.0912,ok,0.0108
1662,526.4292,0.0738,ok,0.0110
1663,526.5713,0.0822,ok,0.0108
1664,526.7148,0.0862,ok,0.0116
1665,526.8573,0.0694,ok,0.0103
1666,527.0010,0.0578,ok,0.0119
1667,527.1441,0.0742,ok,0.0198
1668,527.2866,0.0842,ok,0.0265
1669,527.5723,0.1030,ok,0.0117
1670,527.7146,0.0728,ok,0.0126
1671,527.8577,0.0687,ok,0.0115
1672,528.0007,0.1190,ok,0.0111
1673,528.1439,0.0707,ok,0.0128
1674,528.2879,0.1015,ok,0.0107
1675,528.4297,0.0830,ok,0.0108
1676,528.5731,0.0558,ok,0.0170
1677,528.8574,0.1116,ok,0.0116
1678,529.0003,0.1450,ok,0.0113
1679,529.1431,0.0440,ok,0.0121
1680,529.4295,0.0773,ok,0.0142
1681,529.5719,0.1280,ok,0.0433
1682,529.7142,0.1041,ok,0.0109
1683,529.8576,0.0433,ok,0.0112
1684,530.0012,0.0771,ok,0.0108
1685,530.1436,0.0789,ok,0.0125
1686,530.2868,0.0881,ok,0.0321
1687,530.4301,0.1365,ok,0.0141
1688,530.5719,0.0708,ok,0.0105
1689,530.7160,0.1033,ok,0.0133
1690,530.8575,0.0996,ok,0.0348
1691,531.0003,0.1255,ok,0.0102
1692,531.1258,0.0758,ok,0.0110
1693,531.2508,0.1088,ok,0.0409
1694,531.3759,0.0995,ok,0.0109
1695,531.6258,0.1235,ok,0.0115
1696,531.7505,0.0556,ok,0.0098
1697,531.8753,0.1216,ok,0.0106
1698,532.0002,0.0864,ok,0.0095
1699,532.1258,0.0875,ok,0.0178
1700,532.2505,0.1021,ok,0.0109
1701,532.3759,0.1123,ok,0.0111
1702,532.6256,0.1396,ok,0.0243
1703,532.7504,0.0936,ok,0.0111
1704,532.8752,0.1034,ok,0.0109
1705,533.1260,0.0594,ok,0.0187
1706,533.2507,0.1085,ok,0.0114
1707,533.3754,0.0557,ok,0.0107
1708,533.5004,0.0942,ok,0.0105
1709,533.6259,0.0843,ok,0.0195
1710,533.8755,0.1127,ok,0.0113
1711,534.0004,0.0824,ok,0.0104
1712,534.1261,0.0848,ok,0.0338
1713,534.2512,0.0921,ok,0.0108
1714,534.3755,0.0685,ok,0.0108
1715,534.6254,0.0874,ok,0.0141
1716,534.7512,0.0982,ok,0.0110
1717,534.8766,0.0615,ok,0.0106
1718,535.1256,0.0952,ok,0.0458
1719,535.2510,0.0811,ok,0.0111
1720,535.5004,0.0532,ok,0.0112
1721,535.6269,0.0573,ok,0.0117
1722,535.7505,0.1212,ok,0.0339
1723,535.8759,0.1193,ok,0.0103
1724,536.0005,0.0984,ok,0.0100
1725,536.1261,0.1470,ok,0.0115
1726,536.2505,0.0827,ok,0.0111
1727,536.3754,0.0897,ok,0.0302
1728,536.5003,0.0700,ok,0.0117
1729,536.7507,0.1004,ok,0.0121
1730,536.8753,0.0662,ok,0.0315
1731,537.0017,0.1117,ok,0.0111
1732,537.1256,0.0742,ok,0.0131
1733,537.2510,0.0867,ok,0.0101
1734,537.3760,0.0472,ok,0.0111
1735,537.6256,0.0653,ok,0.0126
1736,537.7511,0.0955,ok,0.0104
1737,537.8757,0.1142,ok,0.0313
1738,538.1113,0.1443,ok,0.0116
1739,538.2222,0.1114,ok,0.0203
1740,538.3337,0.1059,ok,0.0100
1741,538.4448,0.1013,ok,0.0101
1742,538.5563,0.1234,ok,0.0537
1743,538.6673,0.0802,ok,0.0105
1744,538.8908,0.0923,ok,0.0112
1745,539.0004,0.0706,ok,0.0105
1746,539.1112,0.0501,ok,0.0127
1747,539.2226,0.0787,ok,0.0108
1748,539.3335,0.0565,ok,0.0105
1749,539.4443,0.0686,ok,0.0140
1750,539.6673,0.0972,ok,0.0121
1751,539.7788,0.0954,ok,0.0304
1752,539.8894,0.0778,ok,0.0107
1753,540.0004,0.0609,ok,0.0101
1754,540.1115,0.0980,ok,0.0122
1755,540.2237,0.0856,ok,0.0108
1756,540.3337,0.1061,ok,0.0481
1757,540.4450,0.0461,ok,0.0106
1758,540.5564,0.0934,ok,0.0188
1759,540.6692,0.0673,ok,0.0163
1760,540.7788,0.0594,ok,0.0113
1761,541.0007,0.0730,ok,0.0100
1762,541.1119,0.0957,ok,0.0125
1763,541.2227,0.1249,ok,0.0106
1764,541.3332,0.0768,ok,0.0107
1765,541.4441,0.1143,ok,0.0129
1766,541.6678,0.1200,ok,0.0114
1767,541.7783,0.0602,ok,0.0109
1768,541.8898,0.1079,ok,0.0208
1769,542.0008,0.1002,ok,0.0104
1770,542.1112,0.1074,ok,0.0125
1771,542.2228,0.0883,ok,0.0103
1772,542.3334,0.0639,ok,0.0106
1773,542.4445,0.1052,ok,0.0118
1774,542.5570,0.0751,ok,0.0116
1775,542.8894,0.0713,ok,0.0109
1776,543.0009,0.0667,ok,0.0111
1777,543.1119,0.0582,ok,0.0116
1778,543.2236,0.0672,ok,0.0233
1779,543.3340,0.1052,ok,0.0109
1780,543.4444,0.0904,ok,0.0095
1781,543.6681,0.1010,ok,0.0261
1782,543.8895,0.1055,ok,0.0111
1783,544.0002,0.0607,ok,0.0145
1784,544.1112,0.1051,ok,0.0251
1785,544.2225,0.0869,ok,0.0097
1786,544.4447,0.0560,ok,0.0107
1787,544.5570,0.0922,ok,0.0260
1788,544.6685,0.0762,ok,0.0111
1789,544.7790,0.0988,ok,0.0108
1790,544.8899,0.1490,ok,0.0107
1791,545.0008,0.0980,ok,0.0314
1792,545.1009,0.1176,ok,0.0105
1793,545.2005,0.0872,ok,0.0106
1794,545.5012,0.0912,ok,0.0169
1795,545.6008,0.0943,ok,0.0402
1796,545.8006,0.0984,ok,0.0107
1797,545.9001,0.0934,ok,0.0100
1798,546.0008,0.0957,ok,0.0165
1799,546.1117,0.0909,ok,0.0122
1800,546.2229,0.0512,ok,0.0224
1801,546.3344,0.0837,ok,0.0119
1802,546.4453,0.0869,ok,0.0109
1803,546.5564,0.0606,ok,0.0118
1804,546.6672,0.1105,ok,0.0286
1805,546.7788,0.0925,ok,0.0111
1806,546.8905,0.1120,ok,0.0107
1807,547.2228,0.1018,ok,0.0116
1808,547.4451,0.0910,ok,0.0107
1809,547.8897,0.0581,ok,0.0105
1810,548.0011,0.0701,ok,0.0138
1811,548.1255,0.0899,ok,0.0108
1812,548.2506,0.1053,ok,0.0113
1813,548.3752,0.0375,ok,0.0113
1814,548.5010,0.0479,ok,0.0109
1815,548.6253,0.0913,ok,0.0302
1816,548.7508,0.0643,ok,0.0107
1817,548.8755,0.1245,ok,0.0107
1818,549.0001,0.1034,ok,0.0110
1819,549.1257,0.0982,ok,0.0304
1820,549.2512,0.1257,ok,0.0111
1821,549.3754,0.0868,ok,0.0133
1822,549.6256,0.1377,ok,0.0122
1823,549.7507,0.1562,ok,0.0107
1824,550.0004,0.1277,ok,0.0139
1825,550.1434,0.0873,ok,0.0108
1826,550.2870,0.0574,ok,0.0107
1827,550.4297,0.0675,ok,0.0148
1828,550.5715,0.0618,ok,0.0113
1829,550.7147,0.0654,ok,0.0108
1830,550.8574,0.1185,ok,0.0451
1831,551.4305,0.0698,ok,0.0128
1832,551.7148,0.1104,ok,0.0116
1833,551.8576,0.0871,ok,0.0114
1834,552.0009,0.0637,ok,0.0103
1835,552.1690,0.1016,ok,0.0155
1836,552.8345,0.0822,ok,0.0121
1837,553.0011,0.0868,ok,0.0104
1838,553.3344,0.0909,ok,0.0161
1839,553.5007,0.0943,ok,0.0112
1840,553.6683,0.1321,ok,0.0110
1841,553.8338,0.0821,ok,0.0161
1842,554.0003,0.0984,ok,0.0111
1843,554.4013,0.0876,ok,0.0115
1844,554.6012,0.0822,ok,0.0173
1845,554.8009,0.1022,ok,0.0116
1846,555.0005,0.0903,ok,0.0143
1847,555.2012,0.0891,ok,0.0141
1848,555.4007,0.0733,ok,0.0121
1849,555.6004,0.1084,ok,0.0136
1850,555.8011,0.0900,ok,0.0356
1851,556.0006,0.1184,ok,0.0121
1852,556.2504,0.0496,ok,0.0122
1853,556.5006,0.0737,ok,0.0110
1854,556.7508,0.1298,ok,0.0124
1855,557.0010,0.0842,ok,0.0112
1856,557.2507,0.0809,ok,0.0125
1857,557.5011,0.1136,ok,0.0121
1858,557.7512,0.1236,ok,0.0144
1859,558.0011,0.0689,ok,0.0114
1860,558.2505,0.1088,ok,0.0152
1861,558.5008,0.0691,ok,0.0121
1862,558.7504,0.1243,ok,0.0144
1863,559.0010,0.0872,ok,0.0220
1864,559.3338,0.1150,ok,0.0418
1865,559.6683,0.0736,ok,0.0112
1866,560.0004,0.0542,ok,0.0117
1867,560.3343,0.0997,ok,0.0148
1868,561.0009,0.0613,ok,0.0161
1869,561.5011,0.1141,ok,0.0158
1870,562.0009,0.0722,ok,0.0152
1871,562.5009,0.0925,ok,0.0147
1872,563.0012,0.0787,ok,0.0176
1873,564.0013,0.1042,ok,0.0138
1874,615.0364,0.0997,ok,0.0148
1875,616.0014,0.0756,ok,0.0228
1876,616.5007,0.1065,ok,0.0352
1877,617.0008,0.1202,ok,0.0122
1878,617.5008,0.0916,ok,0.0174
1879,618.0010,0.0655,ok,0.0184
1880,618.5012,0.0989,ok,0.0121
1881,619.0008,0.1452,ok,0.0116
1882,619.6678,0.1044,ok,0.0116
1883,620.3340,0.1093,ok,0.0174
1884,621.0012,0.0977,ok,0.0332
1885,621.3335,0.0723,ok,0.0135
1886,621.6683,0.0970,ok,0.0115
1887,622.0008,0.0850,ok,0.0121
1888,622.2513,0.0947,ok,0.0111
1889,622.5003,0.0736,ok,0.0103
1890,622.7504,0.0870,ok,0.0115
1891,623.0009,0.0928,ok,0.0115
1892,623.2511,0.0715,ok,0.0106
1893,623.7513,0.1400,ok,0.0146
1894,624.0007,0.0959,ok,0.0105
1895,624.2510,0.0984,ok,0.0473
1896,624.5009,0.0959,ok,0.0113
1897,624.7513,0.1496,ok,0.0110
1898,625.0011,0.0876,ok,0.0110
1899,625.2010,0.0500,ok,0.0112
1900,625.4004,0.1000,ok,0.0135
1901,625.6008,0.1269,ok,0.0368
1902,625.8010,0.0845,ok,0.0148
1903,626.2012,0.0621,ok,0.0114
1904,626.4007,0.1238,ok,0.0137
1905,626.6009,0.1130,ok,0.0120
1906,626.8022,0.0802,ok,0.0224
1907,627.0017,0.0585,ok,0.0111
1908,627.1675,0.0767,ok,0.0110
1909,627.3336,0.1144,ok,0.0159
1910,627.5014,0.0725,ok,0.0116
1911,627.6682,0.0872,ok,0.0106
1912,627.8338,0.0860,ok,0.0150
1913,628.0012,0.0961,ok,0.0110
1914,628.1676,0.0850,ok,0.0109
1915,628.3340,0.0766,ok,0.0189
1916,628.5010,0.0910,ok,0.0280
1917,628.6672,0.0757,ok,0.0314
1918,628.8334,0.0992,ok,0.0264
1919,629.0009,0.0677,ok,0.0131
1920,629.1679,0.0629,ok,0.0106
1921,629.3352,0.0886,ok,0.0190
1922,629.5010,0.0766,ok,0.0115
1923,629.6677,0.1244,ok,0.0110
1924,629.8332,0.0912,ok,0.0113
1925,630.1438,0.0698,ok,0.0119
1926,630.2870,0.0901,ok,0.0108
1927,630.4304,0.0718,ok,0.0111
1928,630.7147,0.1166,ok,0.0341
1929,631.1440,0.0579,ok,0.0116
1930,631.2862,0.0572,ok,0.0114
1931,631.4298,0.0833,ok,0.0117
1932,631.5714,0.0645,ok,0.0104
1933,631.7152,0.0900,ok,0.0239
1934,631.8585,0.0945,ok,0.0141
1935,632.0003,0.0899,ok,0.0110
1936,632.1434,0.0367,ok,0.0114
1937,632.4296,0.0432,ok,0.0115
1938,632.5723,0.0508,ok,0.0134
1939,632.7144,0.1308,ok,0.0403
1940,632.8574,0.1167,ok,0.0109
1941,633.0014,0.0449,ok,0.0104
1942,633.1435,0.0932,ok,0.0115
1943,633.2868,0.0844,ok,0.0298
1944,633.4294,0.1152,ok,0.0116
1945,633.5718,0.1395,ok,0.0202
1946,633.7145,0.0860,ok,0.0113
1947,634.0008,0.1018,ok,0.0253
1948,634.1440,0.1010,ok,0.0178
1949,634.4295,0.1050,ok,0.0118
1950,634.5718,0.1061,ok,0.0112
1951,634.7152,0.1049,ok,0.0128
1952,634.8573,0.0997,ok,0.0111
1953,635.0004,0.0918,ok,0.0111
1954,635.1434,0.0893,ok,0.0112
1955,635.2870,0.1186,ok,0.0106
1956,635.4298,0.1057,ok,0.0118
1957,635.5726,0.0459,ok,0.0112
1958,635.7148,0.1212,ok,0.0112
1959,635.8573,0.0631,ok,0.0117
1960,636.0008,0.0894,ok,0.0118
1961,636.1434,0.0631,ok,0.0116
1962,636.2868,0.0598,ok,0.0178
1963,636.4300,0.0559,ok,0.0117
1964,636.5713,0.0749,ok,0.0113
1965,636.7145,0.0778,ok,0.0108
1966,636.8577,0.0832,ok,0.0129
1967,637.1443,0.1091,ok,0.0113
1968,637.2867,0.0583,ok,0.0112
1969,637.4292,0.0320,ok,0.0120
1970,637.5715,0.0864,ok,0.0111
1971,637.7142,0.0957,ok,0.0104
1972,637.8572,0.0981,ok,0.0125
1973,638.0006,0.0754,ok,0.0232
1974,638.1442,0.0771,ok,0.0279
1975,638.2866,0.0826,ok,0.0261
1976,638.4293,0.0704,ok,0.0111
1977,638.5729,0.0957,ok,0.0105
1978,638.7148,0.0701,ok,0.0109
1979,638.8581,0.0726,ok,0.0122
1980,639.0010,0.0768,ok,0.0104
1981,639.1441,0.1093,ok,0.0106
1982,639.2867,0.0865,ok,0.0122
1983,639.4294,0.1064,ok,0.0112
1984,639.5731,0.1056,ok,0.0111
1985,640.0012,0.1042,ok,0.0121
1986,640.1437,0.0912,ok,0.0115
1987,640.2880,0.1108,ok,0.0137
1988,640.4300,0.1062,ok,0.0123
1989,640.5715,0.0830,ok,0.0113
1990,640.7149,0.0781,ok,0.0120
1991,640.8573,0.0619,ok,0.0117
1992,641.0005,0.0547,ok,0.0105
1993,641.1436,0.1046,ok,0.0138
1994,641.4296,0.1281,ok,0.0373
1995,641.5720,0.0623,ok,0.0117
1996,641.7147,0.0909,ok,0.0112
1997,641.8589,0.0875,ok,0.0147
1998,642.0006,0.0837,ok,0.0121
1999,642.2866,0.0474,ok,0.0115
2000,642.4292,0.0503,ok,0.0116
2001,642.5718,0.0703,ok,0.0137
2002,643.0007,0.1093,ok,0.0122
2003,643.1433,0.1615,ok,0.0467
2004,643.2863,0.0544,ok,0.0130
2005,643.4299,0.0877,ok,0.0110
2006,643.7150,0.0916,ok,0.0354
2007,643.8579,0.1060,ok,0.0108
2008,644.1674,0.1267,ok,0.0121
2009,644.3334,0.1284,ok,0.0110
2010,644.5012,0.0773,ok,0.0116
2011,644.6678,0.0582,ok,0.0113
2012,644.8335,0.0949,ok,0.0111
2013,645.0016,0.0825,ok,0.0109
2014,645.1675,0.0758,ok,0.0113
2015,645.3337,0.0904,ok,0.0117
2016,645.5005,0.1261,ok,0.0112
2017,645.6679,0.1254,ok,0.0115
2018,645.8336,0.0756,ok,0.0119
2019,646.0005,0.0884,ok,0.0115
2020,646.1672,0.0780,ok,0.0119
2021,646.3334,0.0952,ok,0.0117
2022,646.5017,0.0821,ok,0.0113
2023,646.6682,0.0530,ok,0.0122
2024,646.8336,0.0801,ok,0.0106
2025,647.1682,0.0888,ok,0.0109
2026,647.3333,0.0861,ok,0.0108
2027,647.5007,0.0605,ok,0.0112
2028,647.6676,0.0714,ok,0.0118
2029,647.8333,0.0970,ok,0.0106
2030,648.0005,0.1330,ok,0.0109
2031,648.1678,0.0979,ok,0.0123
2032,648.3341,0.0864,ok,0.0119
2033,648.5008,0.0723,ok,0.0113
2034,648.6675,0.1274,ok,0.0322
2035,648.8332,0.1062,ok,0.0107
2036,649.3340,0.1139,ok,0.0356
2037,649.5012,0.1178,ok,0.0361
2038,649.8334,0.0952,ok,0.0255
2039,650.0020,0.0693,ok,0.0165
2040,650.1676,0.0857,ok,0.0141
2041,650.3336,0.0612,ok,0.0136
2042,650.6684,0.0938,ok,0.0120
2043,650.8345,0.0651,ok,0.0121
2044,651.0011,0.0970,ok,0.0192
2045,651.3338,0.0932,ok,0.0303
2046,651.5004,0.1033,ok,0.0419
2047,651.6679,0.0968,ok,0.0110
2048,651.8340,0.1243,ok,0.0116
2049,652.1678,0.0591,ok,0.0112
2050,652.3342,0.1153,ok,0.0110
2051,652.5008,0.0882,ok,0.0141
2052,652.6673,0.0998,ok,0.0112
2053,652.8335,0.0834,ok,0.0114
2054,653.0003,0.0814,ok,0.0372
2055,653.1680,0.0937,ok,0.0190
2056,653.3350,0.0799,ok,0.0105
2057,653.6675,0.1034,ok,0.0122
2058,653.8333,0.0507,ok,0.0110
2059,654.0004,0.0949,ok,0.0156
2060,654.1686,0.1083,ok,0.0114
2061,654.3332,0.1354,ok,0.0308
2062,654.5009,0.0817,ok,0.0228
2063,654.6680,0.0581,ok,0.0109
2064,654.8335,0.0595,ok,0.0107
2065,655.0005,0.0969,ok,0.0175
2066,655.2018,0.1091,ok,0.0117
2067,655.6015,0.0578,ok,0.0207
2068,655.8006,0.0880,ok,0.0110
2069,656.0010,0.0867,ok,0.0134
2070,656.4013,0.0661,ok,0.0124
2071,656.6009,0.0545,ok,0.0106
2072,656.8007,0.0839,ok,0.0106
2073,657.0010,0.1118,ok,0.0142
2074,657.4023,0.0501,ok,0.0109
2075,657.6009,0.0754,ok,0.0115
2076,657.8007,0.1021,ok,0.0113
2077,658.0013,0.1068,ok,0.0151
2078,658.2515,0.0462,ok,0.0112
2079,658.5012,0.0694,ok,0.0138
2080,658.7510,0.1116,ok,0.0108
2081,659.0011,0.0943,ok,0.0110
2082,659.2508,0.0573,ok,0.0110
2083,659.5007,0.0787,ok,0.0145
2084,659.7509,0.0532,ok,0.0119
2085,660.0006,0.1009,ok,0.0146
2086,660.2509,0.0772,ok,0.0114
2087,660.5007,0.0723,ok,0.0143
2088,660.7505,0.0549,ok,0.0110
2089,661.5024,0.1243,ok,0.0135
2090,661.7512,0.0850,ok,0.0148
2091,662.3340,0.0939,ok,0.0121
2092,663.0028,0.0990,ok,0.0146
2093,663.3343,0.1160,ok,0.0116
2094,663.6679,0.0650,ok,0.0111
2095,664.0015,0.1028,ok,0.0141
2096,665.0015,0.0731,ok,0.0118
2097,665.5013,0.0492,ok,0.0116
2098,666.5028,0.0960,ok,0.0138
2099,667.5021,0.0839,ok,0.0294
2100,668.5012,0.0917,ok,0.0406
2101,669.0016,0.1217,ok,0.0136
2102,671.0025,0.0943,ok,0.0110
2103,672.0020,0.0738,ok,0.0141
2104,679.0012,0.0742,ok,0.0117
2105,680.0017,0.1229,ok,0.0135
2106,681.0018,0.1024,ok,0.0221
2107,681.5009,0.0501,ok,0.0159
2108,682.0007,0.1078,ok,0.0124
2109,682.5012,0.0880,ok,0.0119
2110,684.0019,0.0866,ok,0.0111
2111,684.3340,0.0736,ok,0.0107
2112,684.6682,0.0742,ok,0.0285
2113,685.0010,0.0981,ok,0.0115
2114,685.3335,0.1179,ok,0.0112
2115,685.6679,0.0986,ok,0.0140
2116,686.0010,0.0740,ok,0.0160
2117,686.2514,0.0592,ok,0.0114
2118,686.5011,0.1188,ok,0.0122
2119,687.0006,0.1381,ok,0.0349
2120,687.2510,0.0982,ok,0.0109
2121,687.5006,0.0429,ok,0.0114
2122,687.7520,0.0945,ok,0.0180
2123,688.0009,0.1218,ok,0.0114
2124,688.2011,0.0937,ok,0.0241
2125,688.4013,0.0473,ok,0.0165
2126,688.6010,0.0829,ok,0.0109
2127,688.8003,0.0722,ok,0.0142
2128,689.0009,0.0727,ok,0.0115
2129,689.2010,0.1135,ok,0.0105
2130,689.4009,0.0726,ok,0.0218
2131,689.6010,0.0670,ok,0.0109
2132,689.8004,0.1163,ok,0.0108
2133,690.0010,0.0659,ok,0.0181
2134,690.2003,0.1085,ok,0.0110
2135,690.4012,0.1185,ok,0.0150
2136,690.6012,0.0635,ok,0.0184
2137,691.0014,0.0760,ok,0.0114
2138,691.1677,0.0911,ok,0.0110
2139,691.3341,0.0733,ok,0.0105
2140,691.5007,0.0819,ok,0.0116
2141,691.6678,0.0526,ok,0.0107
2142,691.8336,0.0718,ok,0.0106
2143,692.0007,0.0848,ok,0.0116
2144,692.1679,0.0492,ok,0.0105
2145,692.3334,0.0528,ok,0.0107
2146,692.6677,0.0721,ok,0.0113
2147,692.8342,0.0838,ok,0.0107
2148,693.0003,0.0678,ok,0.0102
2149,693.1434,0.0827,ok,0.0318
2150,693.2863,0.0920,ok,0.0108
2151,693.4296,0.0652,ok,0.0113
2152,693.5721,0.0854,ok,0.0111
2153,693.8580,0.0651,ok,0.0109
2154,694.0004,0.0765,ok,0.0105
2155,694.1433,0.0951,ok,0.0122
2156,694.2866,0.0939,ok,0.0338
2157,694.4299,0.0942,ok,0.0113
2158,694.5714,0.1226,ok,0.0109
2159,694.8573,0.1093,ok,0.0105
2160,695.0009,0.1129,ok,0.0347
2161,695.1441,0.0884,ok,0.0104
2162,695.2868,0.0889,ok,0.0108
2163,695.4300,0.1212,ok,0.0133
2164,695.5715,0.0951,ok,0.0110
2165,695.8581,0.0962,ok,0.0140
2166,696.0005,0.1000,ok,0.0107
2167,696.1257,0.0739,ok,0.0108
2168,696.2509,0.0852,ok,0.0099
2169,696.3753,0.1114,ok,0.0140
2170,696.5009,0.1279,ok,0.0104
2171,696.6254,0.1068,ok,0.0124
2172,696.7513,0.0565,ok,0.0110
2173,696.8761,0.0563,ok,0.0107
2174,697.0008,0.1035,ok,0.0339
2175,697.1256,0.0825,ok,0.0102
2176,697.2504,0.0922,ok,0.0108
2177,697.3758,0.1063,ok,0.0169
2178,697.5014,0.1050,ok,0.0184
2179,697.6257,0.0987,ok,0.0109
2180,697.7517,0.0569,ok,0.0109
2181,698.0012,0.0872,ok,0.0277
2182,698.1257,0.1194,ok,0.0120
2183,698.2504,0.1076,ok,0.0107
2184,698.3752,0.0681,ok,0.0109
2185,698.5006,0.0891,ok,0.0330
2186,698.6269,0.0861,ok,0.0104
2187,698.7503,0.0655,ok,0.0115
2188,699.1264,0.1028,ok,0.0113
2189,699.2504,0.0951,ok,0.0111
2190,699.3758,0.0580,ok,0.0113
2191,699.5021,0.0700,ok,0.0173
2192,699.7506,0.0701,ok,0.0114
2193,699.8761,0.0686,ok,0.0110
2194,700.0010,0.1061,ok,0.0330
2195,700.1263,0.1027,ok,0.0105
2196,700.2502,0.0564,ok,0.0105
2197,700.3759,0.0842,ok,0.0235
2198,700.5003,0.1078,ok,0.0110
2199,700.6254,0.0776,ok,0.0112
2200,700.7502,0.0820,ok,0.0275
2201,700.8754,0.1211,ok,0.0110
2202,701.0007,0.0733,ok,0.0102
2203,701.1431,0.0629,ok,0.0106
2204,701.2863,0.0883,ok,0.0337
2205,701.4297,0.1031,ok,0.0112
2206,701.5722,0.1320,ok,0.0153
2207,701.7145,0.1246,ok,0.0110
2208,701.8582,0.0741,ok,0.0104
2209,702.0006,0.0996,ok,0.0107
2210,702.2866,0.1032,ok,0.0111
2211,702.4300,0.0962,ok,0.0106
2212,702.5715,0.0663,ok,0.0109
2213,702.7151,0.0998,ok,0.0111
2214,702.8572,0.0948,ok,0.0109
2215,703.0002,0.1046,ok,0.0105
2216,703.1681,0.0907,ok,0.0112
2217,703.3341,0.0800,ok,0.0111
2218,703.5004,0.1292,ok,0.0279
2219,703.6679,0.0606,ok,0.0196
2220,703.8338,0.0617,ok,0.0114
2221,704.0009,0.0953,ok,0.0107
2222,704.1685,0.1267,ok,0.0109
2223,704.3335,0.0718,ok,0.0106
2224,704.5006,0.0731,ok,0.0132
2225,704.8341,0.0736,ok,0.0193
2226,705.0011,0.0787,ok,0.0109
2227,705.2010,0.1005,ok,0.0109
2228,705.4008,0.1100,ok,0.0113
2229,705.8013,0.1039,ok,0.0113
2230,706.0006,0.1031,ok,0.0109
2231,706.2010,0.0812,ok,0.0101
2232,706.4016,0.1104,ok,0.0110
2233,706.6004,0.1443,ok,0.0138
2234,706.8010,0.0956,ok,0.0103
2235,707.0021,0.0686,ok,0.0179
2236,707.2011,0.0922,ok,0.0118
2237,707.4007,0.0767,ok,0.0103
2238,707.6006,0.0714,ok,0.0113
2239,707.8003,0.0923,ok,0.0109
2240,708.0010,0.0762,ok,0.0164
2241,708.2507,0.0611,ok,0.0115
2242,708.5013,0.0713,ok,0.0156
2243,708.7511,0.0774,ok,0.0110
2244,709.0009,0.0793,ok,0.0232
2245,709.2506,0.0439,ok,0.0114
2246,709.7512,0.1018,ok,0.0114
2247,710.0006,0.0710,ok,0.0154
2248,710.3343,0.0447,ok,0.0116
2249,711.0009,0.0736,ok,0.0145
2250,711.6685,0.0997,ok,0.0114
2251,712.0008,0.1046,ok,0.0142
2252,712.3338,0.1460,ok,0.0110
2253,712.6683,0.0961,ok,0.0114
2254,713.0019,0.0872,ok,0.0141
2255,713.5019,0.1125,ok,0.0141
2256,714.5015,0.0546,ok,0.0172
2257,715.0009,0.0718,ok,0.0120
2258,716.0020,0.1081,ok,0.0140
2259,742.0162,0.0828,ok,0.0130
2260,743.0013,0.0625,ok,0.0117
2261,745.0030,0.0900,ok,0.0166
2262,746.0013,0.0817,ok,0.0197
2263,747.0013,0.0648,ok,0.0122
2264,748.0014,0.1053,ok,0.0137
2265,749.0019,0.0856,ok,0.0140
2266,750.0017,0.1039,ok,0.0152
2267,751.0019,0.0912,ok,0.0141
2268,752.0013,0.0594,ok,0.0128
2269,753.0019,0.0983,ok,0.0168
2270,753.5008,0.0826,ok,0.0112
2271,754.0012,0.0701,ok,0.0109
2272,754.5011,0.0777,ok,0.0114
2273,755.0015,0.0926,ok,0.0108
2274,755.5007,0.0750,ok,0.0118
2275,756.0014,0.1016,ok,0.0184
2276,756.5008,0.0557,ok,0.0121
2277,757.0013,0.1102,ok,0.0421
2278,757.5012,0.1065,ok,0.0122
2279,758.0015,0.0593,ok,0.0133
2280,758.5016,0.1072,ok,0.0139
2281,759.0015,0.1085,ok,0.0120
2282,759.5006,0.1020,ok,0.0117
2283,760.0013,0.1003,ok,0.0112
2284,761.5022,0.1158,ok,0.0308
2285,762.0007,0.0971,ok,0.0376
2286,763.0020,0.0887,ok,0.0140
2287,763.3343,0.1189,ok,0.0338
2288,764.0010,0.0667,ok,0.0117
2289,764.3343,0.1026,ok,0.0112
2290,764.6674,0.0788,ok,0.0197
2291,765.3341,0.0342,ok,0.0121
2292,765.6679,0.0836,ok,0.0135
2293,766.0010,0.0809,ok,0.0127
2294,766.3344,0.0710,ok,0.0117
2295,767.0013,0.0672,ok,0.0136
2296,767.6684,0.0693,ok,0.0113
2297,768.0012,0.1003,ok,0.0132
2298,768.3341,0.1100,ok,0.0314
2299,768.6676,0.0821,ok,0.0278
2300,769.0012,0.1035,ok,0.0304
2301,769.3342,0.1250,ok,0.0295
2302,769.6687,0.1013,ok,0.0317
2303,770.0007,0.0695,ok,0.0425
2304,770.3337,0.0977,ok,0.0115
2305,771.0022,0.1115,ok,0.0141
2306,771.5014,0.0750,ok,0.0395
2307,771.7519,0.1050,ok,0.0112
2308,772.0014,0.1007,ok,0.0343
2309,772.2505,0.0569,ok,0.0115
2310,772.5008,0.1022,ok,0.0341
2311,772.7505,0.1055,ok,0.0116
2312,773.0014,0.1015,ok,0.0146
2313,773.2503,0.0708,ok,0.0112
2314,773.5008,0.0868,ok,0.0187
2315,773.7510,0.0846,ok,0.0117
2316,774.2523,0.0690,ok,0.0180
2317,774.7511,0.0895,ok,0.0116
2318,775.0011,0.1128,ok,0.0143
2319,775.2503,0.0601,ok,0.0113
2320,775.5009,0.1094,ok,0.0142
2321,775.7507,0.0818,ok,0.0120
2322,776.0010,0.1275,ok,0.0141
2323,776.2510,0.0634,ok,0.0111
2324,776.5008,0.0850,ok,0.0144
2325,776.7513,0.0746,ok,0.0120
2326,777.0014,0.0838,ok,0.0147
2327,777.2506,0.0632,ok,0.0108
2328,777.5013,0.0570,ok,0.0141
2329,777.7508,0.1017,ok,0.0113
2330,778.0010,0.0777,ok,0.0145
2331,778.2011,0.0957,ok,0.0120
2332,778.6014,0.0781,ok,0.0113
2333,778.8009,0.0947,ok,0.0127
2334,779.2012,0.0990,ok,0.0114
2335,779.4006,0.0720,ok,0.0111
2336,779.6009,0.0868,ok,0.0120
2337,779.8011,0.0545,ok,0.0325
2338,780.0010,0.1245,ok,0.0116
2339,780.2008,0.0785,ok,0.0109
2340,780.4007,0.0637,ok,0.0176
2341,780.6009,0.0628,ok,0.0175
2342,780.8011,0.1097,ok,0.0120
2343,781.0012,0.0518,ok,0.0127
2344,781.2004,0.0940,ok,0.0118
2345,781.4008,0.1054,ok,0.0115
2346,781.6006,0.0943,ok,0.0107
2347,781.8012,0.0854,ok,0.0113
2348,782.0011,0.1033,ok,0.0284
2349,782.2007,0.0893,ok,0.0111
2350,782.4003,0.0923,ok,0.0110
2351,782.6010,0.0891,ok,0.0297
2352,782.8004,0.0891,ok,0.0116
2353,783.0009,0.1226,ok,0.0140
2354,783.2009,0.1119,ok,0.0336
2355,783.4011,0.0589,ok,0.0116
2356,783.6003,0.0407,ok,0.0119
2357,783.8004,0.0668,ok,0.0116
2358,784.0007,0.0817,ok,0.0108
2359,784.2018,0.1064,ok,0.0115
2360,784.4005,0.1203,ok,0.0116
2361,784.6012,0.0510,ok,0.0118
2362,784.8005,0.1073,ok,0.0113
2363,785.0003,0.0749,ok,0.0137
2364,785.4007,0.1090,ok,0.0109
2365,785.6010,0.1144,ok,0.0193
2366,785.8007,0.1087,ok,0.0109
2367,786.0008,0.0836,ok,0.0309
2368,786.2008,0.1202,ok,0.0109
2369,786.6005,0.0700,ok,0.0118
2370,786.8009,0.0771,ok,0.0111
2371,787.0004,0.1175,ok,0.0362
2372,787.2002,0.0681,ok,0.0178
2373,787.4007,0.0580,ok,0.0106
2374,787.6020,0.1137,ok,0.0110
2375,787.8011,0.1076,ok,0.0110
2376,788.2013,0.1084,ok,0.0166
2377,788.4010,0.0789,ok,0.0111
2378,788.6002,0.0659,ok,0.0116
2379,788.8014,0.0716,ok,0.0110
2380,789.0004,0.0986,ok,0.0389
2381,789.2505,0.0531,ok,0.0105
2382,789.7514,0.1380,ok,0.0115
2383,790.0008,0.0715,ok,0.0138
2384,790.2508,0.0884,ok,0.0111
2385,790.5006,0.1120,ok,0.0300
2386,790.7511,0.1002,ok,0.0115
2387,791.2510,0.0686,ok,0.0116
2388,791.5011,0.0924,ok,0.0118
2389,791.7508,0.0456,ok,0.0107
2390,792.2512,0.0885,ok,0.0119
2391,792.5013,0.1106,ok,0.0138
2392,792.7503,0.0411,ok,0.0113
2393,793.0009,0.0907,ok,0.0363
2394,793.3340,0.0743,ok,0.0119
2395,793.6679,0.0952,ok,0.0403
2396,794.0016,0.0846,ok,0.0284
2397,794.3337,0.1013,ok,0.0329
2398,794.6676,0.1486,ok,0.0413
2399,795.3341,0.0945,ok,0.0130
2400,795.6692,0.0791,ok,0.0112
2401,796.0008,0.0547,ok,0.0107
2402,796.5013,0.0755,ok,0.0115
2403,797.0015,0.0863,ok,0.0111
2404,797.5025,0.0796,ok,0.0119
2405,798.0008,0.0426,ok,0.0153
2406,798.5012,0.0738,ok,0.0139
2407,799.5013,0.0585,ok,0.0198
2408,800.0016,0.1053,ok,0.0345
2409,801.0011,0.0877,ok,0.0114
2410,802.0020,0.0563,ok,0.0105
2411,854.0096,0.0921,ok,0.0284
2412,855.0020,0.1132,ok,0.0114
2413,856.0013,0.0810,ok,0.0120
2414,857.0016,0.0490,ok,0.0161
2415,857.5013,0.0553,ok,0.0119
2416,858.0013,0.1032,ok,0.0134
2417,858.5012,0.0328,ok,0.0113
2418,859.0008,0.0855,ok,0.0193
2419,859.3339,0.1227,ok,0.0116
2420,859.6680,0.0940,ok,0.0119
2421,860.0015,0.0873,ok,0.0140
2422,860.3344,0.1031,ok,0.0115
2423,860.6680,0.1260,ok,0.0144
2424,861.0015,0.0913,ok,0.0115
2425,862.0020,0.1128,ok,0.0115
2426,862.2512,0.0873,ok,0.0149
2427,862.5009,0.1003,ok,0.0115
2428,863.0008,0.0771,ok,0.0119
2429,863.2505,0.0696,ok,0.0178
2430,863.5006,0.0892,ok,0.0121
2431,863.7512,0.0829,ok,0.0123
2432,864.0005,0.1137,ok,0.0115
2433,864.2006,0.1238,ok,0.0365
2434,864.4007,0.0681,ok,0.0119
2435,864.6011,0.0668,ok,0.0119
2436,864.8004,0.0829,ok,0.0150
2437,865.0006,0.0762,ok,0.0098
2438,865.2012,0.0692,ok,0.0106
2439,865.6011,0.0530,ok,0.0145
2440,865.8006,0.0832,ok,0.0123
2441,866.0011,0.0708,ok,0.0113
2442,866.2003,0.0732,ok,0.0118
2443,866.4009,0.1195,ok,0.0122
2444,866.6008,0.0887,ok,0.0119
2445,866.8009,0.0907,ok,0.0176
2446,867.0009,0.0666,ok,0.0110
2447,867.1679,0.0878,ok,0.0112
2448,867.3340,0.1004,ok,0.0135
2449,867.6680,0.0654,ok,0.0115
2450,867.8338,0.0609,ok,0.0121
2451,868.0009,0.0580,ok,0.0111
2452,868.3335,0.0585,ok,0.0112
2453,868.5005,0.0853,ok,0.0108
2454,868.8344,0.0927,ok,0.0210
2455,869.0003,0.0883,ok,0.0287
2456,869.1680,0.0748,ok,0.0314
2457,869.3342,0.0785,ok,0.0111
2458,869.5010,0.1346,ok,0.0112
2459,869.6679,0.1066,ok,0.0110
2460,869.8347,0.1037,ok,0.0118
2461,870.0007,0.0810,ok,0.0115
2462,870.1440,0.0931,ok,0.0117
2463,870.2864,0.0923,ok,0.0139
2464,870.4300,0.0948,ok,0.0113
2465,870.5720,0.0578,ok,0.0113
2466,870.7151,0.0906,ok,0.0113
2467,870.8590,0.0615,ok,0.0114
2468,871.2870,0.1236,ok,0.0148
2469,871.5721,0.0804,ok,0.0118
2470,871.7148,0.1289,ok,0.0118
2471,871.8580,0.0813,ok,0.0114
2472,872.0005,0.0796,ok,0.0102
2473,872.1254,0.1077,ok,0.0260
2474,872.3765,0.0788,ok,0.0119
2475,872.5006,0.0462,ok,0.0118
2476,872.6260,0.0782,ok,0.0115
2477,872.7503,0.0741,ok,0.0103
2478,872.8755,0.0669,ok,0.0346
2479,873.0007,0.1052,ok,0.0238
2480,873.1253,0.0966,ok,0.0120
2481,873.2503,0.1063,ok,0.0112
2482,873.3758,0.0771,ok,0.0113
2483,873.5003,0.0716,ok,0.0328
2484,873.6252,0.0756,ok,0.0118
2485,873.7511,0.0922,ok,0.0119
2486,873.8756,0.0731,ok,0.0109
2487,874.0019,0.0862,ok,0.0109
2488,874.1253,0.0658,ok,0.0098
2489,874.2515,0.0987,ok,0.0333
2490,874.3754,0.0886,ok,0.0110
2491,874.5013,0.1161,ok,0.0107
2492,874.6255,0.0530,ok,0.0109
2493,874.7519,0.0730,ok,0.0107
2494,874.8762,0.0885,ok,0.0343
2495,875.0021,0.0853,ok,0.0113
2496,875.1256,0.1055,ok,0.0113
2497,875.2503,0.1117,ok,0.0109
2498,875.3763,0.0506,ok,0.0121
2499,875.5002,0.1077,ok,0.0276
2500,875.7513,0.0834,ok,0.0113
2501,875.8760,0.0729,ok,0.0108
2502,876.0033,0.0798,ok,0.0155
2503,876.1254,0.0511,ok,0.0118
2504,876.3759,0.0777,ok,0.0113
2505,876.5009,0.0522,ok,0.0109
2506,876.6264,0.0466,ok,0.0113
2507,876.8755,0.0675,ok,0.0128
2508,877.1254,0.1042,ok,0.0140
2509,877.2509,0.0501,ok,0.0114
2510,877.3753,0.0750,ok,0.0107
2511,877.5006,0.1155,ok,0.0371
2512,877.7514,0.0743,ok,0.0141
2513,877.8760,0.0734,ok,0.0310
2514,878.0007,0.0775,ok,0.0109
2515,878.1254,0.1160,ok,0.0130
2516,878.2516,0.0838,ok,0.0107
2517,878.5008,0.0711,ok,0.0109
2518,878.7504,0.1023,ok,0.0117
2519,878.8760,0.0698,ok,0.0308
2520,879.0010,0.1069,ok,0.0108
2521,879.1252,0.0792,ok,0.0143
2522,879.2507,0.0680,ok,0.0101
2523,879.3760,0.0682,ok,0.0107
2524,879.6256,0.0929,ok,0.0168
2525,879.7509,0.0868,ok,0.0152
2526,879.8759,0.0605,ok,0.0121
2527,880.0007,0.1213,ok,0.0111
2528,880.1252,0.0978,ok,0.0120
2529,880.2502,0.1176,ok,0.0233
2530,880.3761,0.0859,ok,0.0103
2531,880.5002,0.0544,ok,0.0117
2532,880.6270,0.0731,ok,0.0140
2533,880.8766,0.0912,ok,0.0116
2534,881.0010,0.1155,ok,0.0114
2535,881.1267,0.0755,ok,0.0110
2536,881.2505,0.0980,ok,0.0230
2537,881.3758,0.0769,ok,0.0106
2538,881.5009,0.1208,ok,0.0144
2539,881.8762,0.0983,ok,0.0116
2540,882.0016,0.0729,ok,0.0115
2541,882.1257,0.0601,ok,0.0111
2542,882.2512,0.1040,ok,0.0112
2543,882.3753,0.1079,ok,0.0130
2544,882.5005,0.0738,ok,0.0110
2545,882.6256,0.0714,ok,0.0169
2546,882.7503,0.1161,ok,0.0107
2547,882.8766,0.0996,ok,0.0105
2548,883.0005,0.0467,ok,0.0107
2549,883.1255,0.0828,ok,0.0116
2550,883.2505,0.0889,ok,0.0139
2551,883.3767,0.1217,ok,0.0105
2552,883.5006,0.1208,ok,0.0095
2553,883.6255,0.0754,ok,0.0118
2554,883.7512,0.0653,ok,0.0112
2555,883.8767,0.0978,ok,0.0123
2556,884.0017,0.0983,ok,0.0115
2557,884.1253,0.0926,ok,0.0131
2558,884.3754,0.0926,ok,0.0109
2559,884.5003,0.0835,ok,0.0221
2560,884.6261,0.1036,ok,0.0123
2561,884.7510,0.1151,ok,0.0115
2562,884.8763,0.0956,ok,0.0105
2563,885.0002,0.1041,ok,0.0347
2564,885.1256,0.0423,ok,0.0115
2565,885.2511,0.0880,ok,0.0109
2566,885.3755,0.0693,ok,0.0101
2567,885.5010,0.0768,ok,0.0370
2568,885.6262,0.1167,ok,0.0151
2569,885.7502,0.1524,ok,0.0108
2570,885.8755,0.0872,ok,0.0240
2571,886.0008,0.1273,ok,0.0106
2572,886.1261,0.0519,ok,0.0113
2573,886.2513,0.0518,ok,0.0124
2574,886.3764,0.0806,ok,0.0113
2575,886.5002,0.0855,ok,0.0115
2576,886.6260,0.0744,ok,0.0115
2577,886.7507,0.1244,ok,0.0238
2578,886.8752,0.0706,ok,0.0099
2579,887.0010,0.0534,ok,0.0111
2580,887.1267,0.0752,ok,0.0110
2581,887.2501,0.0905,ok,0.0325
2582,887.5010,0.1135,ok,0.0144
2583,887.6259,0.1075,ok,0.0119
2584,887.7506,0.1047,ok,0.0112
2585,887.8757,0.1108,ok,0.0110
2586,888.0008,0.0692,ok,0.0180
2587,888.1252,0.0849,ok,0.0306
2588,888.2505,0.0885,ok,0.0114
2589,888.3762,0.0883,ok,0.0112
2590,888.5018,0.1096,ok,0.0157
2591,888.6257,0.0808,ok,0.0109
2592,888.7508,0.0694,ok,0.0115
2593,888.8755,0.1168,ok,0.0107
2594,889.0005,0.1019,ok,0.0105
2595,889.1257,0.0869,ok,0.0118
2596,889.5021,0.0737,ok,0.0113
2597,889.6261,0.1072,ok,0.0180
2598,889.7506,0.0727,ok,0.0112
2599,889.8767,0.0944,ok,0.0108
2600,890.0003,0.0980,ok,0.0114
2601,890.1256,0.0573,ok,0.0117
2602,890.2512,0.1324,ok,0.0112
2603,890.5011,0.0960,ok,0.0338
2604,890.6255,0.0636,ok,0.0113
2605,890.8755,0.1093,ok,0.0118
2606,891.0011,0.1077,ok,0.0176
2607,891.1261,0.0637,ok,0.0195
2608,891.2511,0.1127,ok,0.0114
2609,891.3760,0.0893,ok,0.0106
2610,891.5006,0.1249,ok,0.0186
2611,891.6257,0.0582,ok,0.0108
2612,891.7521,0.0788,ok,0.0110
2613,891.8760,0.1109,ok,0.0200
2614,892.0011,0.1033,ok,0.0153
2615,892.1257,0.1113,ok,0.0115
2616,892.2513,0.0695,ok,0.0107
2617,892.3760,0.0594,ok,0.0105
2618,892.6259,0.1028,ok,0.0264
2619,892.7511,0.0983,ok,0.0113
2620,893.0008,0.1152,ok,0.0140
2621,893.1262,0.0782,ok,0.0115
2622,893.2507,0.0814,ok,0.0102
2623,893.3753,0.0995,ok,0.0284
2624,893.5021,0.1025,ok,0.0141
2625,893.6259,0.0880,ok,0.0113
2626,893.7512,0.0884,ok,0.0112
2627,893.8768,0.0663,ok,0.0107
2628,894.0005,0.1154,ok,0.0288
2629,894.1262,0.0975,ok,0.0114
2630,894.2509,0.0842,ok,0.0113
2631,894.3754,0.1089,ok,0.0110
2632,894.5005,0.0845,ok,0.0130
2633,894.6253,0.0879,ok,0.0312
2634,894.7505,0.0810,ok,0.0106
2635,894.8758,0.0969,ok,0.0104
2636,895.0010,0.1124,ok,0.0143
2637,895.1257,0.0456,ok,0.0106
2638,895.3758,0.0737,ok,0.0279
2639,895.5007,0.0889,ok,0.0137
2640,895.6269,0.0521,ok,0.0145
2641,895.7514,0.0761,ok,0.0111
2642,895.8757,0.0699,ok,0.0108
2643,896.0010,0.0850,ok,0.0291
2644,896.1254,0.1189,ok,0.0115
2645,896.2505,0.0803,ok,0.0114
2646,896.3761,0.0762,ok,0.0113
2647,896.5005,0.1099,ok,0.0128
2648,896.6256,0.1162,ok,0.0276
2649,896.7520,0.1002,ok,0.0116
2650,896.8754,0.0812,ok,0.0109
2651,897.0009,0.0496,ok,0.0149
2652,897.1439,0.0761,ok,0.0113
2653,897.2862,0.0718,ok,0.0110
2654,897.4302,0.0735,ok,0.0136
2655,897.5720,0.0847,ok,0.0386
2656,897.7150,0.0622,ok,0.0113
2657,897.8574,0.0979,ok,0.0117
2658,898.0006,0.1039,ok,0.0143
2659,898.1438,0.0583,ok,0.0113
2660,898.4297,0.0537,ok,0.0115
2661,898.5717,0.0919,ok,0.0271
2662,898.7149,0.1058,ok,0.0117
2663,898.8581,0.0974,ok,0.0115
2664,899.0008,0.0778,ok,0.0142
2665,899.1680,0.0602,ok,0.0115
2666,899.3335,0.0684,ok,0.0108
2667,899.5003,0.0766,ok,0.0123
2668,899.6672,0.0795,ok,0.0115
2669,899.8351,0.0720,ok,0.0111
2670,900.0003,0.0927,ok,0.0112
2671,900.1673,0.0665,ok,0.0109
2672,900.3340,0.0864,ok,0.0107
2673,900.5007,0.0434,ok,0.0119
2674,900.6676,0.1292,ok,0.0121
2675,900.8341,0.0904,ok,0.0117
2676,901.1679,0.0790,ok,0.0117
2677,901.5004,0.0803,ok,0.0124
2678,901.8342,0.0937,ok,0.0121
2679,902.0013,0.0903,ok,0.0118
2680,902.2009,0.0768,ok,0.0115
2681,902.4011,0.1028,ok,0.0315
2682,902.6003,0.0810,ok,0.0115
2683,902.8016,0.0959,ok,0.0115
2684,903.0019,0.0935,ok,0.0139
2685,903.2008,0.0823,ok,0.0109
2686,903.6007,0.0596,ok,0.0115
2687,903.8007,0.1195,ok,0.0114
2688,904.2508,0.1050,ok,0.0119
2689,904.5013,0.1092,ok,0.0293
2690,904.7509,0.0680,ok,0.0114
2691,905.0013,0.0680,ok,0.0290
2692,905.2508,0.0473,ok,0.0117
2693,905.5006,0.0688,ok,0.0264
2694,905.7509,0.0573,ok,0.0117
2695,906.0007,0.1135,ok,0.0438
2696,906.6680,0.1205,ok,0.0122
2697,907.0011,0.0835,ok,0.0122
2698,907.3341,0.0558,ok,0.0112
2699,908.0009,0.0818,ok,0.0172
2700,908.3342,0.0607,ok,0.0112
2701,908.6675,0.0984,ok,0.0113
2702,909.5009,0.0688,ok,0.0129
2703,910.0015,0.0817,ok,0.0145
2704,911.0015,0.0869,ok,0.0143
2705,912.0016,0.0869,ok,0.0123
2706,913.0018,0.0794,ok,0.0302
2707,919.0017,0.0541,ok,0.0124
2708,921.0031,0.1049,ok,0.0122
2709,923.0033,0.1006,ok,0.0346
2710,924.0011,0.1008,ok,0.0125
2711,924.3335,0.0976,ok,0.0245
2712,924.6686,0.0930,ok,0.0109
2713,925.3355,0.0999,ok,0.0148
2714,925.6680,0.1030,ok,0.0248
2715,926.0005,0.0543,ok,0.0105
2716,926.3344,0.1279,ok,0.0144
2717,926.6688,0.0774,ok,0.0110
2718,927.0007,0.0961,ok,0.0116
2719,927.5015,0.0566,ok,0.0108
2720,927.7506,0.0827,ok,0.0112
2721,928.0007,0.0970,ok,0.0115
2722,928.5014,0.0695,ok,0.0120
2723,928.7503,0.0958,ok,0.0293
2724,929.0005,0.0864,ok,0.0112
2725,929.5016,0.0914,ok,0.0112
2726,929.7504,0.0693,ok,0.0111
2727,930.0012,0.0810,ok,0.0113
2728,930.2015,0.1235,ok,0.0109
2729,930.4004,0.0551,ok,0.0126
2730,930.6010,0.1126,ok,0.0313
2731,930.8020,0.1072,ok,0.0157
2732,931.0005,0.0761,ok,0.0116
2733,931.2008,0.0551,ok,0.0105
2734,931.4013,0.0955,ok,0.0137
2735,931.6022,0.1266,ok,0.0345
2736,931.8022,0.0893,ok,0.0231
2737,932.0009,0.0861,ok,0.0116
2738,932.1673,0.0609,ok,0.0105
2739,932.3336,0.0870,ok,0.0123
2740,932.5009,0.0908,ok,0.0106
2741,932.6680,0.0651,ok,0.0114
2742,932.8335,0.0969,ok,0.0126
2743,933.0008,0.0996,ok,0.0111
2744,933.1686,0.0810,ok,0.0113
2745,933.3339,0.1046,ok,0.0140
2746,933.5008,0.0673,ok,0.0109
2747,933.6675,0.0778,ok,0.0111
2748,934.1680,0.1045,ok,0.0113
2749,934.3338,0.0742,ok,0.0111
2750,934.5003,0.1004,ok,0.0152
2751,934.6690,0.1130,ok,0.0249
2752,935.0004,0.0926,ok,0.0158
2753,935.2865,0.1218,ok,0.0140
2754,935.4296,0.1444,ok,0.0114
2755,935.5716,0.0676,ok,0.0115
2756,935.7145,0.0803,ok,0.0375
2757,935.8581,0.0993,ok,0.0121
2758,936.0007,0.1070,ok,0.0104
2759,936.2871,0.0653,ok,0.0139
2760,936.4298,0.0777,ok,0.0115
2761,936.5717,0.0528,ok,0.0136
2762,936.7148,0.1109,ok,0.0350
2763,936.8580,0.0716,ok,0.0124
2764,937.0020,0.0843,ok,0.0116
2765,937.2868,0.0548,ok,0.0167
2766,937.4301,0.0689,ok,0.0109
2767,937.5723,0.1006,ok,0.0390
2768,937.7143,0.1095,ok,0.0134
2769,937.8581,0.0944,ok,0.0110
2770,938.0008,0.1140,ok,0.0111
2771,938.1259,0.0483,ok,0.0113
2772,938.3757,0.0835,ok,0.0100
2773,938.6256,0.0880,ok,0.0114
2774,938.7509,0.1039,ok,0.0108
2775,938.8761,0.0680,ok,0.0109
2776,939.0003,0.0669,ok,0.0109
2777,939.1256,0.0939,ok,0.0101
2778,939.2508,0.1179,ok,0.0220
2779,939.3759,0.1113,ok,0.0117
2780,939.5013,0.0791,ok,0.0110
2781,939.6257,0.1002,ok,0.0107
2782,939.7502,0.0791,ok,0.0107
2783,939.8756,0.0597,ok,0.0111
2784,940.0005,0.0636,ok,0.0229
2785,940.1254,0.1111,ok,0.0108
2786,940.2507,0.0874,ok,0.0102
2787,940.3754,0.1271,ok,0.0128
2788,940.5008,0.0831,ok,0.0109
2789,940.6252,0.0730,ok,0.0098
2790,940.7515,0.0821,ok,0.0327
2791,940.8758,0.0859,ok,0.0122
2792,941.0010,0.0796,ok,0.0110
2793,941.1258,0.1072,ok,0.0106
2794,941.2502,0.0471,ok,0.0105
2795,941.3757,0.0868,ok,0.0155
2796,941.5007,0.0823,ok,0.0110
2797,941.6252,0.0878,ok,0.0113
2798,941.7503,0.1185,ok,0.0112
2799,942.0011,0.0802,ok,0.0110
2800,942.1256,0.1217,ok,0.0260
2801,942.2505,0.0830,ok,0.0102
2802,942.3757,0.0850,ok,0.0120
2803,942.5009,0.0956,ok,0.0118
2804,942.6258,0.0914,ok,0.0110
2805,942.7505,0.0643,ok,0.0103
2806,942.8761,0.0917,ok,0.0288
2807,943.0010,0.0995,ok,0.0112
2808,943.1258,0.0747,ok,0.0121
2809,943.2507,0.0448,ok,0.0109
2810,943.3759,0.0632,ok,0.0111
2811,943.5004,0.0593,ok,0.0114
2812,943.6259,0.0720,ok,0.0292
2813,943.7511,0.1012,ok,0.0118
2814,943.8755,0.1138,ok,0.0109
2815,944.0006,0.0560,ok,0.0105
2816,944.1258,0.0596,ok,0.0107
2817,944.2507,0.1000,ok,0.0322
2818,944.3760,0.1059,ok,0.0113
2819,944.5012,0.1015,ok,0.0104
2820,944.6259,0.0646,ok,0.0119
2821,944.7509,0.0924,ok,0.0107
2822,945.1259,0.1113,ok,0.0132
2823,945.2514,0.1400,ok,0.0111
2824,945.3756,0.0673,ok,0.0120
2825,945.5011,0.0721,ok,0.0119
2826,945.6267,0.1258,ok,0.0166
2827,945.7502,0.0898,ok,0.0129
2828,945.8754,0.0517,ok,0.0114
2829,946.0004,0.0780,ok,0.0120
2830,946.1257,0.0938,ok,0.0204
2831,946.2508,0.0904,ok,0.0106
2832,946.3755,0.1200,ok,0.0104
2833,946.5006,0.0733,ok,0.0217
2834,946.6253,0.0910,ok,0.0128
2835,946.7505,0.1037,ok,0.0128
2836,947.0006,0.0762,ok,0.0121
2837,947.2522,0.0879,ok,0.0107
2838,947.5005,0.0925,ok,0.0118
2839,947.6252,0.0784,ok,0.0123
2840,947.7508,0.0985,ok,0.0113
2841,947.8765,0.0557,ok,0.0113
2842,948.0005,0.0781,ok,0.0184
2843,948.1260,0.1107,ok,0.0310
2844,948.2509,0.0767,ok,0.0111
2845,948.3758,0.0527,ok,0.0108
2846,948.7511,0.0745,ok,0.0116
2847,948.8759,0.0812,ok,0.0114
2848,949.1115,0.0964,ok,0.0134
2849,949.4445,0.0707,ok,0.0117
2850,949.5566,0.0565,ok,0.0147
2851,949.6674,0.0827,ok,0.0111
2852,949.7784,0.1125,ok,0.0108
2853,949.8893,0.0723,ok,0.0132
2854,950.0008,0.0816,ok,0.0119
2855,950.1117,0.0690,ok,0.0121
2856,950.4450,0.0793,ok,0.0125
2857,950.5567,0.1399,ok,0.0142
2858,950.6683,0.0781,ok,0.0160
2859,950.8909,0.0728,ok,0.0120
2860,951.0009,0.0840,ok,0.0435
2861,951.2223,0.1033,ok,0.0113
2862,951.3338,0.0910,ok,0.0102
2863,951.4450,0.0833,ok,0.0111
2864,951.5566,0.0707,ok,0.0164
2865,951.6675,0.0926,ok,0.0110
2866,951.7794,0.0884,ok,0.0109
2867,951.8901,0.0665,ok,0.0112
2868,952.1121,0.1015,ok,0.0117
2869,952.3340,0.0952,ok,0.0105
2870,952.4445,0.0937,ok,0.0107
2871,952.6676,0.0771,ok,0.0126
2872,952.7789,0.1096,ok,0.0331
2873,953.0010,0.1199,ok,0.0148
2874,953.1120,0.0700,ok,0.0103
2875,953.2223,0.1083,ok,0.0113
2876,953.3338,0.0749,ok,0.0099
2877,953.4459,0.0959,ok,0.0157
2878,953.5572,0.1129,ok,0.0118
2879,953.6677,0.0712,ok,0.0135
2880,953.7791,0.0789,ok,0.0313
2881,953.8892,0.0918,ok,0.0114
2882,954.0003,0.0950,ok,0.0139
2883,954.1115,0.1137,ok,0.0119
2884,954.2228,0.0839,ok,0.0116
2885,954.4451,0.0930,ok,0.0123
2886,954.5574,0.0317,ok,0.0122
2887,954.6674,0.0982,ok,0.0106
2888,954.7801,0.1349,ok,0.0107
2889,954.8892,0.1253,ok,0.0102
2890,955.0005,0.0946,ok,0.0254
2891,955.2225,0.0547,ok,0.0113
2892,955.3335,0.1454,ok,0.0484
2893,955.4443,0.1042,ok,0.0118
2894,955.5567,0.0705,ok,0.0107
2895,955.6675,0.1143,ok,0.0121
2896,955.7784,0.0797,ok,0.0122
2897,955.8893,0.1073,ok,0.0124
2898,956.0008,0.0911,ok,0.0119
2899,956.2223,0.0733,ok,0.0136
2900,956.3338,0.1592,ok,0.0111
2901,956.4442,0.0744,ok,0.0158
2902,956.5569,0.1561,ok,0.0123
2903,956.6673,0.0788,ok,0.0108
2904,956.7783,0.0774,ok,0.0317
2905,956.8900,0.1312,ok,0.0111
2906,957.0003,0.0655,ok,0.0113
2907,957.1120,0.1474,ok,0.0109
2908,957.2222,0.0795,ok,0.0102
2909,957.3340,0.1415,ok,0.0281
2910,957.4446,0.1336,ok,0.0111
2911,957.5563,0.0924,ok,0.0124
2912,957.7790,0.0342,ok,0.0113
2913,957.8895,0.1069,ok,0.0204
2914,958.0007,0.1361,ok,0.0114
2915,958.2231,0.0752,ok,0.0121
2916,958.3336,0.1079,ok,0.0111
2917,958.4447,0.0925,ok,0.0098
2918,958.5564,0.0708,ok,0.0119
2919,958.6675,0.1126,ok,0.0298
2920,958.7783,0.0903,ok,0.0113
2921,958.8899,0.1570,ok,0.0114
2922,959.0003,0.0932,ok,0.0132
2923,959.1128,0.0851,ok,0.0108
2924,959.3333,0.0710,ok,0.0108
2925,959.4445,0.0812,ok,0.0103
2926,959.5570,0.0761,ok,0.0126
2927,959.6673,0.0906,ok,0.0112
2928,959.8893,0.0816,ok,0.0101
2929,960.0012,0.0963,ok,0.0122
2930,960.1117,0.1002,ok,0.0107
2931,960.2231,0.0688,ok,0.0108
2932,960.3341,0.0760,ok,0.0147
2933,960.4444,0.1024,ok,0.0118
2934,960.5570,0.0942,ok,0.0118
2935,960.6675,0.0743,ok,0.0120
2936,960.7791,0.0717,ok,0.0343
2937,961.0012,0.1087,ok,0.0125
2938,961.1121,0.0556,ok,0.0099
2939,961.3341,0.0991,ok,0.0108
2940,961.4444,0.0710,ok,0.0146
2941,961.5567,0.0627,ok,0.0106
2942,961.6676,0.0975,ok,0.0122
2943,961.7794,0.1200,ok,0.0106
2944,961.8900,0.0766,ok,0.0108
2945,962.0009,0.1021,ok,0.0237
2946,962.1111,0.1146,ok,0.0111
2947,962.2223,0.0674,ok,0.0118
2948,962.3339,0.0793,ok,0.0101
2949,962.4444,0.1114,ok,0.0109
2950,962.5570,0.0812,ok,0.0116
2951,962.6675,0.0782,ok,0.0122
2952,962.7789,0.0535,ok,0.0213
2953,962.8897,0.1079,ok,0.0108
2954,963.1119,0.0905,ok,0.0120
2955,963.2226,0.0873,ok,0.0329
2956,963.3341,0.1036,ok,0.0115
2957,963.4449,0.1107,ok,0.0106
2958,963.5568,0.0906,ok,0.0110
2959,963.6676,0.0790,ok,0.0115
2960,963.8910,0.0600,ok,0.0108
2961,964.0004,0.0963,ok,0.0215
2962,964.1119,0.0887,ok,0.0110
2963,964.2228,0.0869,ok,0.0105
2964,964.3340,0.0627,ok,0.0107
2965,964.4450,0.1300,ok,0.0390
2966,964.5567,0.1046,ok,0.0108
2967,964.6674,0.0806,ok,0.0102
2968,964.7782,0.1021,ok,0.0163
2969,964.8904,0.0889,ok,0.0108
2970,965.0005,0.0478,ok,0.0125
2971,965.1256,0.0808,ok,0.0111
2972,965.3759,0.1222,ok,0.0330
2973,965.5004,0.0826,ok,0.0115
2974,965.6254,0.1190,ok,0.0153
2975,965.7507,0.0753,ok,0.0106
2976,965.8753,0.0647,ok,0.0116
2977,966.0003,0.1044,ok,0.0141
2978,966.1260,0.0806,ok,0.0118
2979,966.2508,0.1458,ok,0.0116
2980,966.3757,0.1022,ok,0.0111
2981,966.5012,0.0695,ok,0.0219
2982,967.1265,0.0719,ok,0.0127
2983,967.2517,0.0866,ok,0.0112
2984,967.5007,0.0842,ok,0.0233
2985,967.6253,0.1002,ok,0.0108
2986,967.8759,0.0571,ok,0.0110
2987,968.0013,0.0852,ok,0.0309
2988,968.2510,0.1027,ok,0.0114
2989,968.5011,0.1096,ok,0.0399
2990,968.7511,0.0831,ok,0.0109
2991,968.8755,0.0725,ok,0.0123
2992,969.0013,0.1018,ok,0.0137
2993,969.1253,0.1049,ok,0.0117
2994,969.2504,0.0699,ok,0.0109
2995,969.3754,0.0924,ok,0.0259
2996,969.6262,0.0837,ok,0.0120
2997,969.7502,0.0977,ok,0.0112
2998,969.8761,0.1145,ok,0.0275
2999,970.0008,0.1019,ok,0.0119
3000,970.1259,0.0903,ok,0.0113
3001,970.2505,0.0886,ok,0.0107
3002,970.3764,0.1113,ok,0.0106
3003,970.5019,0.1143,ok,0.0128
3004,970.6264,0.0731,ok,0.0129
3005,970.7508,0.1478,ok,0.0566
3006,970.8753,0.0968,ok,0.0118
3007,971.0003,0.0687,ok,0.0115
3008,971.1433,0.0923,ok,0.0123
3009,971.2869,0.1058,ok,0.0344
3010,971.7153,0.1201,ok,0.0114
3011,971.8577,0.0996,ok,0.0108
3012,972.0005,0.0996,ok,0.0263
3013,972.1434,0.0827,ok,0.0109
3014,972.4296,0.1069,ok,0.0114
3015,972.7149,0.1160,ok,0.0116
3016,972.8582,0.1192,ok,0.0112
3017,973.0006,0.1058,ok,0.0131
3018,973.1437,0.0828,ok,0.0108
3019,973.2868,0.0665,ok,0.0104
3020,973.4296,0.0704,ok,0.0109
3021,973.7145,0.0779,ok,0.0132
3022,973.8576,0.0847,ok,0.0199
3023,974.1437,0.1073,ok,0.0119
3024,974.2863,0.1122,ok,0.0107
3025,974.4298,0.0545,ok,0.0107
3026,974.5726,0.0902,ok,0.0122
3027,974.7161,0.0926,ok,0.0177
3028,974.8579,0.1116,ok,0.0110
3029,975.0008,0.0836,ok,0.0119
3030,975.1447,0.1283,ok,0.0140
3031,975.2873,0.0744,ok,0.0110
3032,975.4300,0.1026,ok,0.0111
3033,975.5719,0.0861,ok,0.0231
3034,975.7143,0.0959,ok,0.0121
3035,976.0006,0.1227,ok,0.0113
3036,976.1676,0.1265,ok,0.0116
3037,976.3333,0.1163,ok,0.0109
3038,976.5008,0.0832,ok,0.0113
3039,976.6674,0.0697,ok,0.0125
3040,977.0006,0.0723,ok,0.0154
3041,977.1673,0.0824,ok,0.0115
3042,977.3341,0.0844,ok,0.0113
3043,977.5008,0.1329,ok,0.0156
3044,977.6680,0.1087,ok,0.0351
3045,978.0013,0.0872,ok,0.0113
3046,978.1678,0.0619,ok,0.0159
3047,978.3350,0.0619,ok,0.0112
3048,978.5012,0.1176,ok,0.0109
3049,978.6679,0.0549,ok,0.0106
3050,979.0014,0.1261,ok,0.0113
3051,979.1678,0.1115,ok,0.0106
3052,979.3335,0.1001,ok,0.0293
3053,979.5019,0.0866,ok,0.0233
3054,979.6677,0.0742,ok,0.0115
3055,979.8341,0.0734,ok,0.0112
3056,980.0008,0.0757,ok,0.0117
3057,980.1678,0.0689,ok,0.0108
3058,980.3340,0.1077,ok,0.0107
3059,980.5021,0.0893,ok,0.0118
3060,980.6677,0.0879,ok,0.0134
3061,980.8340,0.0650,ok,0.0107
3062,981.0003,0.0718,ok,0.0292
3063,981.1675,0.0570,ok,0.0126
3064,981.3338,0.0743,ok,0.0111
3065,981.5005,0.0648,ok,0.0110
3066,981.6676,0.0750,ok,0.0117
3067,981.8340,0.0911,ok,0.0108
3068,982.0004,0.1290,ok,0.0127
3069,982.2017,0.1023,ok,0.0294
3070,982.4003,0.1327,ok,0.0122
3071,982.6013,0.0883,ok,0.0115
3072,982.8010,0.0847,ok,0.0304
3073,983.0011,0.0920,ok,0.0118
3074,983.4006,0.0896,ok,0.0390
3075,983.6006,0.0598,ok,0.0110
3076,983.8007,0.1214,ok,0.0119
3077,984.0005,0.0761,ok,0.0143
3078,984.2010,0.0868,ok,0.0105
3079,984.4011,0.0714,ok,0.0113
3080,984.8012,0.0899,ok,0.0187
3081,985.0005,0.0707,ok,0.0116
3082,985.5009,0.0822,ok,0.0119
3083,985.7505,0.1360,ok,0.0120
3084,986.0010,0.1224,ok,0.0122
3085,986.2507,0.0947,ok,0.0111
3086,986.5009,0.0765,ok,0.0117
3087,986.7508,0.0934,ok,0.0116
3088,987.0007,0.0686,ok,0.0115
3089,987.2508,0.0909,ok,0.0111
3090,987.5011,0.0751,ok,0.0110
3091,987.7516,0.1013,ok,0.0115
3092,988.0013,0.0647,ok,0.0126
3093,988.2505,0.0868,ok,0.0116
3094,988.5007,0.1054,ok,0.0358
3095,988.7516,0.0621,ok,0.0115
3096,989.0012,0.1079,ok,0.0138
3097,989.3337,0.0941,ok,0.0117
3098,989.6683,0.1087,ok,0.0118
3099,990.0005,0.0575,ok,0.0128
3100,990.3337,0.1059,ok,0.0118
3101,991.0016,0.1008,ok,0.0363
3102,992.0016,0.0816,ok,0.0122
3103,992.5009,0.1265,ok,0.0118
3104,993.0010,0.1592,ok,0.0115
3105,993.5009,0.0824,ok,0.0115
3106,994.0011,0.0660,ok,0.0117
3107,995.0013,0.1144,ok,0.0122
3108,995.5014,0.0827,ok,0.0305
3109,996.0018,0.1218,ok,0.0124
3110,998.0010,0.0823,ok,0.0109
3111,999.0015,0.1115,ok,0.0367
3112,1014.0013,0.0491,ok,0.0115
3113,1016.0026,0.1425,ok,0.0118
3114,1017.0012,0.0527,ok,0.0117
3115,1018.0020,0.0382,ok,0.0117
3116,1019.0014,0.1011,ok,0.0311
3117,1020.0016,0.0810,ok,0.0266
3118,1022.0037,0.0829,ok,0.0115
3119,1023.0017,0.0459,ok,0.0114
3120,1024.0029,0.0841,ok,0.0122
3121,1025.0011,0.0750,ok,0.0114
3122,1026.0013,0.1187,ok,0.0110
3123,1027.0011,0.0919,ok,0.0116
3124,1028.0010,0.0789,ok,0.0210
3125,1029.0012,0.0997,ok,0.0121
3126,1030.0012,0.0944,ok,0.0121
3127,1032.0028,0.0875,ok,0.0118
3128,1033.0016,0.0667,ok,0.0142
3129,1035.0026,0.0990,ok,0.0119
3130,1070.0252,0.0666,ok,0.0123
3131,1071.0020,0.0898,ok,0.0202
3132,1071.5025,0.1044,ok,0.0117
3133,1072.0006,0.1045,ok,0.0114
3134,1072.3337,0.0941,ok,0.0296
3135,1073.0027,0.1166,ok,0.0115
3136,1073.3338,0.0912,ok,0.0139
3137,1073.6674,0.1078,ok,0.0328
3138,1074.0006,0.0866,ok,0.0102
3139,1074.5017,0.0620,ok,0.0146
3140,1074.7511,0.0990,ok,0.0192
3141,1075.0004,0.0910,ok,0.0113
3142,1075.2006,0.0651,ok,0.0238
3143,1075.4011,0.0840,ok,0.0114
3144,1075.6005,0.1318,ok,0.0161
3145,1075.8007,0.1265,ok,0.0153
3146,1076.0006,0.0736,ok,0.0125
3147,1076.1675,0.0999,ok,0.0116
3148,1076.3336,0.0872,ok,0.0132
3149,1076.5011,0.0800,ok,0.0114
3150,1076.6673,0.1121,ok,0.0108
3151,1076.8338,0.0922,ok,0.0138
3152,1077.0002,0.0666,ok,0.0115
3153,1077.1441,0.1178,ok,0.0115
3154,1077.2864,0.0737,ok,0.0164
3155,1077.4294,0.0659,ok,0.0118
3156,1077.7147,0.1329,ok,0.0376
3157,1077.8578,0.0943,ok,0.0122
3158,1078.0002,0.0854,ok,0.0111
3159,1078.1258,0.0658,ok,0.0112
3160,1078.2517,0.0568,ok,0.0121
3161,1078.3767,0.0658,ok,0.0128
3162,1078.6257,0.0704,ok,0.0112
3163,1078.7503,0.0684,ok,0.0262
3164,1078.8758,0.0658,ok,0.0114
3165,1079.0017,0.0710,ok,0.0109
3166,1079.1259,0.0997,ok,0.0108
3167,1079.2508,0.0848,ok,0.0254
3168,1079.3758,0.1073,ok,0.0125
3169,1079.5005,0.0690,ok,0.0107
3170,1079.6257,0.0790,ok,0.0114
3171,1079.7509,0.1060,ok,0.0334
3172,1079.8762,0.0934,ok,0.0127
3173,1080.0009,0.0952,ok,0.0115
3174,1080.1113,0.0697,ok,0.0139
3175,1080.3335,0.0806,ok,0.0141
3176,1080.4443,0.1139,ok,0.0324
3177,1080.5563,0.0967,ok,0.0102
3178,1080.7783,0.1010,ok,0.0117
3179,1080.8895,0.0681,ok,0.0116
3180,1081.0008,0.1034,ok,0.0182
3181,1081.1007,0.1140,ok,0.0119
3182,1081.2003,0.0831,ok,0.0107
3183,1081.3007,0.0854,ok,0.0167
3184,1081.5006,0.0809,ok,0.0150
3185,1081.7020,0.0771,ok,0.0123
3186,1081.9006,0.1501,ok,0.0127
3187,1082.0009,0.0551,ok,0.0108
3188,1082.0912,0.1050,ok,0.0105
3189,1082.1825,0.0641,ok,0.0100
3190,1082.2738,0.0757,ok,0.0215
3191,1082.3647,0.0874,ok,0.0108
3192,1082.5456,0.1566,ok,0.0113
3193,1082.6362,0.0889,ok,0.0111
3194,1082.7273,0.1097,ok,0.0386
3195,1082.8187,0.0926,ok,0.0127
3196,1082.9098,0.0932,ok,0.0098
3197,1083.0008,0.1170,ok,0.0119
3198,1083.0840,0.0511,ok,0.0109
3199,1083.3336,0.1171,ok,0.0120
3200,1083.4174,0.0779,ok,0.0120
3201,1083.5005,0.0973,ok,0.0121
3202,1083.5849,0.0472,ok,0.0114
3203,1083.6673,0.1119,ok,0.0106
3204,1083.7519,0.0737,ok,0.0143
3205,1083.8338,0.0637,ok,0.0103
3206,1083.9177,0.0849,ok,0.0341
3207,1084.0003,0.0532,ok,0.0125
3208,1084.0777,0.0924,ok,0.0114
3209,1084.1544,0.0848,ok,0.0105
3210,1084.3085,0.0701,ok,0.0107
3211,1084.3858,0.0720,ok,0.0107
3212,1084.4629,0.1092,ok,0.0119
3213,1084.5386,0.0584,ok,0.0125
3214,1084.6162,0.0659,ok,0.0107
3215,1084.6922,0.0472,ok,0.0107
3216,1084.8467,0.0547,ok,0.0110
3217,1084.9235,0.0535,ok,0.0105
3218,1085.0003,0.0574,ok,0.0119
3219,1085.0779,0.0717,ok,0.0107
3220,1085.1548,0.0607,ok,0.0100
3221,1085.2317,0.0425,ok,0.0108
3222,1085.3085,0.0653,ok,0.0107
3223,1085.3859,0.0758,ok,0.0103
3224,1085.4629,0.0775,ok,0.0114
3225,1085.5383,0.0966,ok,0.0120
3226,1085.6151,0.0740,ok,0.0128
3227,1085.6923,0.0756,ok,0.0112
3228,1085.7700,0.0371,ok,0.0099
3229,1085.9233,0.0551,ok,0.0114
3230,1086.0006,0.0840,ok,0.0123
3231,1086.0711,0.0585,ok,0.0119
3232,1086.1437,0.1045,ok,0.0105
3233,1086.2150,0.1150,ok,0.0104
3234,1086.2866,0.0386,ok,0.0104
3235,1086.3571,0.0961,ok,0.0103
3236,1086.4294,0.0740,ok,0.0158
3237,1086.5009,0.0467,ok,0.0115
3238,1086.5718,0.0506,ok,0.0110
3239,1086.6436,0.0690,ok,0.0110
3240,1086.7147,0.1008,ok,0.0103
3241,1086.8576,0.0672,ok,0.0108
3242,1086.9300,0.0909,ok,0.0145
3243,1087.0003,0.0522,ok,0.0120
3244,1087.0677,0.0609,ok,0.0110
3245,1087.1337,0.0667,ok,0.0101
3246,1087.2004,0.0886,ok,0.0106
3247,1087.3332,0.0440,ok,0.0111
3248,1087.4003,0.0697,ok,0.0117
3249,1087.4678,0.0902,ok,0.0122
3250,1087.6003,0.0924,ok,0.0117
3251,1087.6680,0.1036,ok,0.0107
3252,1087.7332,0.0795,ok,0.0115
3253,1087.8007,0.0649,ok,0.0105
3254,1087.8678,0.0738,ok,0.0108
3255,1087.9335,0.0981,ok,0.0201
3256,1088.0627,0.0891,ok,0.0118
3257,1088.1259,0.0644,ok,0.0120
3258,1088.1887,0.0654,ok,0.0101
3259,1088.2505,0.0634,ok,0.0119
3260,1088.3126,0.0912,ok,0.0098
3261,1088.3758,0.0497,ok,0.0104
3262,1088.4398,0.1210,ok,0.0145
3263,1088.5005,0.0621,ok,0.0127
3264,1088.5627,0.0394,ok,0.0106
3265,1088.6253,0.0936,ok,0.0110
3266,1088.6880,0.0964,ok,0.0115
3267,1088.7510,0.0793,ok,0.0107
3268,1088.8125,0.0613,ok,0.0127
3269,1088.8760,0.0945,ok,0.0103
3270,1088.9384,0.0523,ok,0.0147
3271,1089.0009,0.0761,ok,0.0118
3272,1089.0594,0.0362,ok,0.0106
3273,1089.1188,0.0728,ok,0.0106
3274,1089.1761,0.0691,ok,0.0103
3275,1089.2351,0.0610,ok,0.0116
3276,1089.2945,0.0470,ok,0.0100
3277,1089.3537,0.0470,ok,0.0109
3278,1089.4128,0.0665,ok,0.0107
3279,1089.5296,0.0609,ok,0.0121
3280,1089.6478,0.0759,ok,0.0116
3281,1089.7659,0.1159,ok,0.0112
3282,1089.8244,0.0999,ok,0.0114
3283,1089.8830,0.0860,ok,0.0109
3284,1090.0003,0.0808,ok,0.0120
3285,1090.0562,0.0888,ok,0.0109
3286,1090.1118,0.0947,ok,0.0105
3287,1090.1680,0.0948,ok,0.0104
3288,1090.2221,0.0563,ok,0.0108
3289,1090.3897,0.0940,ok,0.0111
3290,1090.5009,0.0936,ok,0.0124
3291,1090.5569,0.0580,ok,0.0110
3292,1090.6113,0.1014,ok,0.0142
3293,1090.6671,0.0393,ok,0.0128
3294,1090.7228,0.0653,ok,0.0108
3295,1090.7789,0.0566,ok,0.0107
3296,1090.8338,0.0504,ok,0.0105
3297,1090.8894,0.0806,ok,0.0100
3298,1090.9448,0.1034,ok,0.0130
3299,1091.0006,0.0968,ok,0.0107
3300,1091.0592,0.0785,ok,0.0101
3301,1091.1768,0.0484,ok,0.0107
3302,1091.2353,0.0937,ok,0.0109
3303,1091.2941,0.0953,ok,0.0103
3304,1091.4126,0.0429,ok,0.0113
3305,1091.4717,0.0609,ok,0.0133
3306,1091.5888,0.0913,ok,0.0117
3307,1091.6472,0.0898,ok,0.0118
3308,1091.7063,0.0928,ok,0.0129
3309,1091.8242,0.0599,ok,0.0110
3310,1091.9415,0.0743,ok,0.0154
3311,1092.0002,0.0879,ok,0.0123
3312,1092.0623,0.0735,ok,0.0118
3313,1092.1254,0.1021,ok,0.0120
3314,1092.1883,0.0847,ok,0.0123
3315,1092.3123,0.0480,ok,0.0119
3316,1092.3756,0.0569,ok,0.0114
3317,1092.4388,0.0440,ok,0.0127
3318,1092.5630,0.0609,ok,0.0107
3319,1092.6260,0.0890,ok,0.0099
3320,1092.6880,0.1208,ok,0.0113
3321,1092.7503,0.1176,ok,0.0106
3322,1092.8121,0.0948,ok,0.0113
3323,1092.8753,0.0810,ok,0.0105
3324,1092.9381,0.0790,ok,0.0097
3325,1093.0008,0.0547,ok,0.0109
3326,1093.1258,0.0637,ok,0.0121
3327,1093.2507,0.1058,ok,0.0122
3328,1093.3124,0.0973,ok,0.0107
3329,1093.3753,0.0812,ok,0.0099
3330,1093.4387,0.0865,ok,0.0108
3331,1093.5001,0.0918,ok,0.0129
3332,1093.5625,0.0574,ok,0.0119
3333,1093.6261,0.0815,ok,0.0111
3334,1093.6885,0.1062,ok,0.0104
3335,1093.7505,0.0846,ok,0.0107
3336,1093.9393,0.0874,ok,0.0110
3337,1094.0002,0.0848,ok,0.0108
3338,1094.0674,0.0731,ok,0.0123
3339,1094.3339,0.0927,ok,0.0121
3340,1094.4003,0.0604,ok,0.0106
3341,1094.5340,0.0508,ok,0.0113
3342,1094.6011,0.0349,ok,0.0127
3343,1094.6672,0.0903,ok,0.0115
3344,1094.7333,0.0631,ok,0.0120
3345,1094.8005,0.0860,ok,0.0111
3346,1094.8673,0.0594,ok,0.0105
3347,1094.9339,0.0570,ok,0.0109
3348,1095.0682,0.0537,ok,0.0149
3349,1095.1332,0.1041,ok,0.0112
3350,1095.2003,0.0688,ok,0.0105
3351,1095.2678,0.0531,ok,0.0101
3352,1095.3352,0.0859,ok,0.0107
3353,1095.4005,0.0517,ok,0.0102
3354,1095.4673,0.0942,ok,0.0109
3355,1095.5334,0.1088,ok,0.0116
3356,1095.6009,0.0905,ok,0.0131
3357,1095.6673,0.0583,ok,0.0118
3358,1095.7338,0.0515,ok,0.0125
3359,1095.8005,0.0581,ok,0.0107
3360,1095.8688,0.0604,ok,0.0107
3361,1095.9334,0.0755,ok,0.0099
3362,1096.0721,0.1035,ok,0.0135
3363,1096.1438,0.0909,ok,0.0125
3364,1096.2144,0.0864,ok,0.0116
3365,1096.2870,0.1057,ok,0.0106
3366,1096.3577,0.0660,ok,0.0103
3367,1096.4298,0.0679,ok,0.0135
3368,1096.5009,0.0468,ok,0.0103
3369,1096.5720,0.0689,ok,0.0145
3370,1096.6441,0.0659,ok,0.0111
3371,1096.7141,0.0640,ok,0.0102
3372,1096.7862,0.0672,ok,0.0107
3373,1096.8576,0.0466,ok,0.0100
3374,1096.9294,0.0825,ok,0.0111
3375,1097.0001,0.0583,ok,0.0102
3376,1097.0725,0.0780,ok,0.0122
3377,1097.2147,0.0350,ok,0.0110
3378,1097.3580,0.0731,ok,0.0111
3379,1097.4297,0.0750,ok,0.0105
3380,1097.6441,0.0873,ok,0.0147
3381,1097.7145,0.0863,ok,0.0118
3382,1097.7867,0.0669,ok,0.0107
3383,1097.8577,0.0480,ok,0.0097
3384,1097.9300,0.0871,ok,0.0105
3385,1098.0774,0.0996,ok,0.0106
3386,1098.3083,0.0894,ok,0.0153
3387,1098.3858,0.0519,ok,0.0135
3388,1098.4630,0.0710,ok,0.0118
3389,1098.6153,0.0527,ok,0.0122
3390,1098.6923,0.0427,ok,0.0114
3391,1098.8464,0.0800,ok,0.0258
3392,1098.9233,0.0927,ok,0.0124
3393,1099.0001,0.0701,ok,0.0107
3394,1099.0773,0.0602,ok,0.0099
3395,1099.1547,0.0905,ok,0.0113
3396,1099.2312,0.0731,ok,0.0107
3397,1099.3084,0.0706,ok,0.0100
3398,1099.3852,0.0582,ok,0.0163
3399,1099.4627,0.1078,ok,0.0126
3400,1099.5385,0.1103,ok,0.0110
3401,1099.6156,0.0871,ok,0.0121
3402,1099.6925,0.0517,ok,0.0118
3403,1099.7694,0.0755,ok,0.0112
3404,1099.8462,0.0561,ok,0.0102
3405,1099.9235,0.0490,ok,0.0128
3406,1100.0008,0.0431,ok,0.0117
3407,1100.0841,0.0569,ok,0.0116
3408,1100.1682,0.0379,ok,0.0110
3409,1100.2503,0.0882,ok,0.0117
3410,1100.5010,0.0525,ok,0.0154
3411,1100.6679,0.0816,ok,0.0149
3412,1100.7507,0.0659,ok,0.0109
3413,1100.8338,0.0662,ok,0.0115
3414,1100.9173,0.0755,ok,0.0129
3415,1101.0010,0.0572,ok,0.0114
3416,1101.0834,0.0937,ok,0.0116
3417,1101.1679,0.0921,ok,0.0112
3418,1101.2509,0.0522,ok,0.0106
3419,1101.4176,0.0843,ok,0.0147
3420,1101.5003,0.0575,ok,0.0114
3421,1101.5850,0.0354,ok,0.0116
3422,1101.6676,0.0671,ok,0.0107
3423,1101.7510,0.0394,ok,0.0108
3424,1101.8336,0.0858,ok,0.0108
3425,1101.9172,0.0494,ok,0.0132
3426,1102.0007,0.0787,ok,0.0115
3427,1102.0916,0.0505,ok,0.0111
3428,1102.1822,0.0826,ok,0.0109
3429,1102.3652,0.0847,ok,0.0186
3430,1102.4552,0.0616,ok,0.0116
3431,1102.5459,0.0989,ok,0.0110
3432,1102.6365,0.0560,ok,0.0098
3433,1102.8187,0.0573,ok,0.0120
3434,1102.9092,0.0721,ok,0.0127
3435,1103.0916,0.0602,ok,0.0118
3436,1103.1830,0.0876,ok,0.0110
3437,1103.2738,0.0518,ok,0.0106
3438,1103.3649,0.0724,ok,0.0150
3439,1103.4566,0.0792,ok,0.0117
3440,1103.5460,0.0660,ok,0.0112
3441,1103.7273,0.0801,ok,0.0113
3442,1103.8186,0.0523,ok,0.0115
3443,1103.9101,0.0798,ok,0.0126
3444,1104.0001,0.0801,ok,0.0114
3445,1104.1004,0.0953,ok,0.0112
3446,1104.3010,0.0551,ok,0.0109
3447,1104.4003,0.1275,ok,0.0127
3448,1104.5001,0.0403,ok,0.0121
3449,1104.6006,0.0612,ok,0.0111
3450,1104.9024,0.0997,ok,0.0144
3451,1105.0004,0.0993,ok,0.0117
3452,1105.1009,0.0266,ok,0.0104
3453,1105.2007,0.0532,ok,0.0110
3454,1105.3002,0.0910,ok,0.0116
3455,1105.4014,0.0689,ok,0.0127
3456,1105.5005,0.0637,ok,0.0121
3457,1105.6015,0.0812,ok,0.0178
3458,1105.7020,0.0790,ok,0.0120
3459,1105.8002,0.0551,ok,0.0112
3460,1105.9005,0.0753,ok,0.0131
3461,1106.0011,0.0675,ok,0.0111
3462,1106.1118,0.0547,ok,0.0109
3463,1106.2226,0.0902,ok,0.0109
3464,1106.3340,0.0658,ok,0.0109
3465,1106.4449,0.0596,ok,0.0124
3466,1106.5577,0.0601,ok,0.0118
3467,1106.6680,0.0780,ok,0.0108
3468,1106.7782,0.0754,ok,0.0110
3469,1106.8907,0.0876,ok,0.0148
3470,1107.0005,0.0544,ok,0.0117
3471,1107.1111,0.0827,ok,0.0108
3472,1107.2230,0.0706,ok,0.0113
3473,1107.3337,0.0644,ok,0.0109
3474,1107.4443,0.0785,ok,0.0126
3475,1107.5571,0.0666,ok,0.0116
3476,1107.6680,0.0675,ok,0.0111
3477,1107.8899,0.0629,ok,0.0148
3478,1108.0011,0.0555,ok,0.0111
3479,1108.1258,0.0577,ok,0.0122
3480,1108.3760,0.0832,ok,0.0146
3481,1108.5005,0.0571,ok,0.0112
3482,1108.6258,0.0740,ok,0.0110
3483,1108.7510,0.0606,ok,0.0121
3484,1108.8760,0.0611,ok,0.0147
3485,1109.0004,0.0765,ok,0.0111
3486,1109.1252,0.0706,ok,0.0112
3487,1109.2511,0.0450,ok,0.0121
3488,1109.3754,0.0664,ok,0.0122
3489,1109.5022,0.0968,ok,0.0130
3490,1109.6263,0.1101,ok,0.0121
3491,1109.7507,0.0755,ok,0.0118
3492,1109.8755,0.0619,ok,0.0172
3493,1110.0007,0.0637,ok,0.0121
3494,1110.1436,0.0600,ok,0.0118
3495,1110.2868,0.0862,ok,0.0116
3496,1110.4294,0.0489,ok,0.0149
3497,1110.5716,0.0483,ok,0.0120
3498,1110.7142,0.0490,ok,0.0127
3499,1111.0018,0.0876,ok,0.0149
3500,1111.1437,0.0570,ok,0.0113
3501,1111.2870,0.0422,ok,0.0109
3502,1111.4296,0.0870,ok,0.0160
3503,1111.5720,0.0544,ok,0.0119
3504,1111.7148,0.0466,ok,0.0136
3505,1111.8577,0.0483,ok,0.0116
3506,1112.0004,0.0826,ok,0.0127
3507,1112.1673,0.0800,ok,0.0112
3508,1112.3336,0.0860,ok,0.0110
3509,1112.5009,0.0692,ok,0.0113
3510,1112.6675,0.0955,ok,0.0144
3511,1112.8333,0.0350,ok,0.0110
3512,1113.0007,0.0582,ok,0.0111
3513,1113.1683,0.0768,ok,0.0147
3514,1113.3334,0.0700,ok,0.0118
3515,1113.5007,0.0802,ok,0.0118
3516,1113.6692,0.0837,ok,0.0148
3517,1114.0005,0.0925,ok,0.0109
3518,1114.3335,0.1110,ok,0.0120
3519,1114.5008,0.0913,ok,0.0120
3520,1114.6675,0.1025,ok,0.0149
3521,1114.8333,0.0758,ok,0.0116
3522,1115.0004,0.0816,ok,0.0109
3523,1115.1673,0.0805,ok,0.0114
3524,1115.3342,0.0901,ok,0.0140
3525,1115.5005,0.0893,ok,0.0116
3526,1115.6681,0.0959,ok,0.0141
3527,1115.8335,0.0889,ok,0.0174
3528,1116.1681,0.0891,ok,0.0113
3529,1116.3336,0.0916,ok,0.0161
3530,1116.5006,0.0817,ok,0.0114
3531,1116.6677,0.1010,ok,0.0112
3532,1116.8341,0.1138,ok,0.0154
3533,1117.1683,0.0796,ok,0.0111
3534,1117.3334,0.1002,ok,0.0224
3535,1117.6682,0.0373,ok,0.0115
3536,1117.8338,0.1045,ok,0.0119
3537,1118.0006,0.0941,ok,0.0114
3538,1118.1680,0.1074,ok,0.0381
3539,1118.3337,0.0874,ok,0.0214
3540,1118.5005,0.0828,ok,0.0097
3541,1118.6676,0.1201,ok,0.0110
3542,1118.8339,0.1065,ok,0.0124
3543,1119.3341,0.0983,ok,0.0271
3544,1119.5007,0.1005,ok,0.0170
3545,1119.6675,0.0577,ok,0.0106
3546,1119.8335,0.0846,ok,0.0111
3547,1120.0005,0.0684,ok,0.0159
3548,1120.1681,0.1084,ok,0.0118
3549,1120.3336,0.0775,ok,0.0113
3550,1120.5006,0.1077,ok,0.0165
3551,1120.6688,0.0968,ok,0.0140
3552,1120.8339,0.0783,ok,0.0324
3553,1121.0006,0.0597,ok,0.0205
3554,1121.1677,0.0868,ok,0.0104
3555,1121.3338,0.0894,ok,0.0106
3556,1121.5004,0.0797,ok,0.0132
3557,1121.6684,0.1108,ok,0.0109
3558,1121.8334,0.1043,ok,0.0117
3559,1122.0011,0.0987,ok,0.0142
3560,1122.1682,0.0648,ok,0.0110
3561,1122.3333,0.0751,ok,0.0343
3562,1122.5008,0.0707,ok,0.0231
3563,1123.0013,0.0716,ok,0.0137
3564,1123.1672,0.1113,ok,0.0118
3565,1123.3338,0.0972,ok,0.0111
3566,1123.5004,0.1186,ok,0.0135
3567,1123.6673,0.0845,ok,0.0117
3568,1123.8341,0.0850,ok,0.0304
3569,1124.0003,0.1005,ok,0.0203
3570,1124.1690,0.0692,ok,0.0102
3571,1124.3335,0.0667,ok,0.0110
3572,1124.5005,0.0885,ok,0.0122
3573,1124.6675,0.0798,ok,0.0113
3574,1124.8336,0.1115,ok,0.0110
3575,1125.1676,0.1020,ok,0.0115
3576,1125.3339,0.1151,ok,0.0117
3577,1125.5004,0.1361,ok,0.0123
3578,1125.6678,0.0438,ok,0.0133
3579,1125.8340,0.1044,ok,0.0118
3580,1126.0008,0.1241,ok,0.0138
3581,1126.1672,0.0575,ok,0.0113
3582,1126.3340,0.1000,ok,0.0111
3583,1126.5004,0.1087,ok,0.0145
3584,1126.6674,0.0544,ok,0.0115
3585,1126.8340,0.1130,ok,0.0115
3586,1127.0004,0.0558,ok,0.0151
3587,1127.5010,0.1184,ok,0.0150
3588,1127.6677,0.0977,ok,0.0117
3589,1127.8336,0.1012,ok,0.0112
3590,1128.0011,0.0827,ok,0.0147
3591,1128.1681,0.0952,ok,0.0115
3592,1128.3337,0.0980,ok,0.0115
3593,1128.6692,0.1025,ok,0.0114
3594,1128.8339,0.0892,ok,0.0112
3595,1129.0004,0.1088,ok,0.0116
3596,1129.3337,0.0801,ok,0.0113
3597,1129.5022,0.1129,ok,0.0142
3598,1129.6684,0.1174,ok,0.0112
3599,1129.8341,0.0772,ok,0.0108
3600,1130.0007,0.1130,ok,0.0143
3601,1130.1680,0.0867,ok,0.0108
3602,1130.3340,0.0778,ok,0.0107
3603,1130.5013,0.0677,ok,0.0148
3604,1130.6674,0.0971,ok,0.0139
3605,1130.8338,0.0916,ok,0.0111
3606,1131.0008,0.0741,ok,0.0147
3607,1131.1682,0.0808,ok,0.0112
3608,1131.3333,0.0927,ok,0.0113
3609,1131.5004,0.1097,ok,0.0147
3610,1131.6674,0.0721,ok,0.0112
3611,1131.8338,0.1029,ok,0.0119
3612,1132.3344,0.0940,ok,0.0120
3613,1132.5018,0.0982,ok,0.0112
3614,1132.6683,0.0787,ok,0.0110
3615,1132.8333,0.0841,ok,0.0108
3616,1133.0007,0.0793,ok,0.0127
3617,1133.1683,0.0585,ok,0.0109
3618,1133.3340,0.1039,ok,0.0117
3619,1133.5002,0.1256,ok,0.0134
3620,1133.6681,0.1048,ok,0.0110
3621,1133.8332,0.0689,ok,0.0110
3622,1134.0006,0.1025,ok,0.0139
3623,1134.1675,0.0553,ok,0.0108
3624,1134.3341,0.1189,ok,0.0105
3625,1134.5003,0.1179,ok,0.0142
3626,1134.8337,0.1150,ok,0.0113
3627,1135.1681,0.0818,ok,0.0115
3628,1135.3332,0.0766,ok,0.0109
3629,1135.5012,0.0632,ok,0.0145
3630,1135.6688,0.1146,ok,0.0140
3631,1135.8338,0.0747,ok,0.0112
3632,1136.0008,0.1331,ok,0.0137
3633,1136.3332,0.1029,ok,0.0115
3634,1136.5005,0.1078,ok,0.0133
3635,1137.0010,0.1391,ok,0.0145
3636,1137.1673,0.1349,ok,0.0110
3637,1137.3334,0.0906,ok,0.0110
3638,1137.5003,0.1331,ok,0.0147
3639,1137.6677,0.1006,ok,0.0110
3640,1137.8335,0.1039,ok,0.0115
3641,1138.1680,0.1184,ok,0.0111
3642,1138.3337,0.0895,ok,0.0107
3643,1138.5005,0.0911,ok,0.0143
3644,1138.6680,0.0816,ok,0.0113
3645,1138.8339,0.1310,ok,0.0340
3646,1139.0002,0.0922,ok,0.0244
3647,1139.1677,0.0762,ok,0.0103
3648,1139.3332,0.0559,ok,0.0110
3649,1139.5005,0.1239,ok,0.0117
3650,1139.6676,0.0983,ok,0.0110
3651,1139.8342,0.0937,ok,0.0109
3652,1140.0013,0.1302,ok,0.0147
3653,1140.1687,0.0692,ok,0.0114
3654,1140.3341,0.1169,ok,0.0258
3655,1140.5003,0.0868,ok,0.0206
3656,1140.8336,0.0685,ok,0.0112
3657,1141.0006,0.1421,ok,0.0129
3658,1141.5013,0.0796,ok,0.0139
3659,1141.6672,0.1065,ok,0.0126
3660,1141.8339,0.0935,ok,0.0304
3661,1142.0007,0.0831,ok,0.0220
3662,1142.1681,0.0676,ok,0.0102
3663,1142.3341,0.0794,ok,0.0114
3664,1142.5018,0.1175,ok,0.0138
3665,1142.6676,0.0587,ok,0.0109
3666,1142.8336,0.0720,ok,0.0109
3667,1143.0010,0.0897,ok,0.0141
3668,1143.1681,0.0858,ok,0.0109
3669,1143.3332,0.0911,ok,0.0333
3670,1143.5007,0.0721,ok,0.0246
3671,1143.8343,0.0549,ok,0.0115
3672,1144.0005,0.0839,ok,0.0136
3673,1144.1677,0.1004,ok,0.0108
3674,1144.3334,0.1032,ok,0.0116
3675,1144.5010,0.0746,ok,0.0139
3676,1144.6679,0.0941,ok,0.0110
3677,1145.0015,0.0780,ok,0.0254
3678,1145.1678,0.1004,ok,0.0130
3679,1145.3335,0.0708,ok,0.0102
3680,1145.5007,0.0666,ok,0.0129
3681,1145.8339,0.0927,ok,0.0116
3682,1146.0008,0.0731,ok,0.0117
3683,1146.1672,0.0543,ok,0.0101
3684,1146.3339,0.0657,ok,0.0099
3685,1146.5010,0.0696,ok,0.0120
3686,1146.6678,0.0747,ok,0.0104
3687,1146.8338,0.1110,ok,0.0105
3688,1147.0012,0.1002,ok,0.0151
3689,1147.1676,0.0972,ok,0.0206
3690,1147.3341,0.1021,ok,0.0224
3691,1147.6677,0.0974,ok,0.0243
3692,1147.8335,0.1191,ok,0.0269
3693,1148.0008,0.1176,ok,0.0360
3694,1148.1676,0.0743,ok,0.0114
3695,1148.3340,0.1028,ok,0.0321
3696,1148.5012,0.0994,ok,0.0359
3697,1148.6688,0.1099,ok,0.0333
3698,1148.8340,0.0915,ok,0.0125
3699,1149.0008,0.1125,ok,0.0143
3700,1149.1676,0.0805,ok,0.0113
3701,1149.3335,0.1345,ok,0.0110
3702,1149.5002,0.0917,ok,0.0144
3703,1149.6672,0.1110,ok,0.0111
3704,1149.8335,0.1127,ok,0.0110
3705,1150.0006,0.0920,ok,0.0140
3706,1150.1679,0.0748,ok,0.0107
3707,1150.3340,0.0785,ok,0.0110
3708,1150.5009,0.0614,ok,0.0142
3709,1150.6677,0.0661,ok,0.0121
3710,1151.1686,0.0966,ok,0.0118
3711,1151.3335,0.1060,ok,0.0105
3712,1151.5007,0.1005,ok,0.0135
3713,1151.6676,0.0695,ok,0.0112
3714,1151.8334,0.0702,ok,0.0277
3715,1152.0009,0.0825,ok,0.0108
3716,1152.1677,0.1079,ok,0.0106
3717,1152.3339,0.0941,ok,0.0109
3718,1152.5014,0.0685,ok,0.0194
3719,1152.6681,0.0787,ok,0.0114
3720,1153.0012,0.0793,ok,0.0112
3721,1153.1688,0.0566,ok,0.0115
3722,1153.3338,0.0541,ok,0.0120
3723,1153.6684,0.0691,ok,0.0136
3724,1153.8338,0.0658,ok,0.0113
3725,1154.1691,0.0679,ok,0.0114
3726,1154.3334,0.1296,ok,0.0143
3727,1154.5003,0.1226,ok,0.0107
3728,1154.6680,0.0704,ok,0.0109
3729,1154.8338,0.0858,ok,0.0127
3730,1155.1681,0.0879,ok,0.0113
3731,1155.5006,0.0553,ok,0.0118
3732,1155.6672,0.0673,ok,0.0121
3733,1155.8341,0.0687,ok,0.0163
3734,1156.0002,0.0518,ok,0.0112
3735,1156.2004,0.1021,ok,0.0107
3736,1156.4008,0.0569,ok,0.0119
3737,1156.6022,0.0752,ok,0.0137
3738,1156.8009,0.1088,ok,0.0328
3739,1157.0010,0.0815,ok,0.0115
3740,1157.2018,0.0748,ok,0.0117
3741,1157.4010,0.1027,ok,0.0244
3742,1157.6011,0.0493,ok,0.0171
3743,1157.8008,0.0961,ok,0.0113
3744,1158.0013,0.0828,ok,0.0146
3745,1158.2005,0.1035,ok,0.0118
3746,1158.4004,0.1063,ok,0.0110
3747,1158.6011,0.0937,ok,0.0104
3748,1159.0013,0.0782,ok,0.0113
3749,1159.4011,0.1006,ok,0.0115
3750,1159.6011,0.1211,ok,0.0340
3751,1159.8005,0.0886,ok,0.0119
3752,1160.0004,0.1009,ok,0.0110
3753,1160.2507,0.0743,ok,0.0123
3754,1160.5015,0.1114,ok,0.0330
3755,1160.7502,0.1071,ok,0.0113
3756,1161.0017,0.0499,ok,0.0118
3757,1161.2511,0.0987,ok,0.0382
3758,1161.7515,0.0922,ok,0.0121
3759,1162.0011,0.0974,ok,0.0346
3760,1162.2509,0.0943,ok,0.0111
3761,1162.5007,0.0972,ok,0.0116
3762,1162.7513,0.0808,ok,0.0106
3763,1163.0005,0.0777,ok,0.0114
3764,1163.3338,0.0801,ok,0.0123
3765,1163.6683,0.0795,ok,0.0112
3766,1164.6691,0.1118,ok,0.0116
3767,1165.0004,0.0869,ok,0.0111
3768,1165.3339,0.0428,ok,0.0144
3769,1165.6683,0.0813,ok,0.0146
3770,1166.0011,0.1410,ok,0.0124
3771,1166.3337,0.0963,ok,0.0145
3772,1166.6686,0.0495,ok,0.0117
3773,1167.0006,0.1054,ok,0.0117
3774,1167.5007,0.1036,ok,0.0122
3775,1168.0010,0.0798,ok,0.0105
3776,1168.5015,0.1116,ok,0.0123
3777,1169.0007,0.0942,ok,0.0115
3778,1169.5006,0.0929,ok,0.0118
3779,1170.0012,0.0669,ok,0.0117
3780,1171.0013,0.0999,ok,0.0285
3781,1172.0015,0.1017,ok,0.0285
3782,1173.0014,0.1085,ok,0.0268
3783,1185.0047,0.1098,ok,0.0178
3784,1186.0018,0.0838,ok,0.0141
3785,1187.0017,0.0654,ok,0.0142
3786,1188.0014,0.1003,ok,0.0150
3787,1189.0020,0.0795,ok,0.0147
3788,1191.0027,0.1006,ok,0.0206
3789,1192.0016,0.0990,ok,0.0141
3790,1192.5013,0.0858,ok,0.0364
3791,1193.0018,0.1013,ok,0.0297
3792,1193.5008,0.0874,ok,0.0263
3793,1194.0020,0.1212,ok,0.0295
3794,1195.0013,0.0741,ok,0.0126
3795,1195.5013,0.0876,ok,0.0118
3796,1196.0026,0.1018,ok,0.0118
3797,1197.0016,0.1033,ok,0.0121
3798,1197.5007,0.0808,ok,0.0317
3799,1198.5017,0.0836,ok,0.0174
3800,1199.0020,0.0382,ok,0.0114
3801,1199.3337,0.0890,ok,0.0107
3802,1199.6682,0.0898,ok,0.0115
