idx,t_rel_s,latency_s,status,ttft_s
0,45.0135,0.0909,ok,0.0180
1,46.0017,0.0549,ok,0.0132
2,47.0030,0.0759,ok,0.0135
3,47.5007,0.0519,ok,0.0140
4,48.0014,0.0869,ok,0.0138
5,48.3339,0.0945,ok,0.0131
6,48.6690,0.0606,ok,0.0134
7,49.2515,0.0620,ok,0.0135
8,49.5010,0.0796,ok,0.0103
9,49.7510,0.0609,ok,0.0139
10,50.2006,0.0686,ok,0.0137
11,50.4006,0.0654,ok,0.0114
12,50.6015,0.0800,ok,0.0140
13,51.0012,0.0794,ok,0.0111
14,51.1689,0.0591,ok,0.0151
15,51.3333,0.0838,ok,0.0099
16,51.5004,0.0317,ok,0.0103
17,51.6675,0.0655,ok,0.0137
18,51.8334,0.0764,ok,0.0102
19,52.0010,0.0733,ok,0.0100
20,52.1676,0.1063,ok,0.0123
21,52.3342,0.0754,ok,0.0107
22,52.5008,0.0800,ok,0.0100
23,52.8343,0.0727,ok,0.0127
24,53.0004,0.0659,ok,0.0102
25,53.1437,0.0635,ok,0.0132
26,53.4296,0.0605,ok,0.0097
27,53.5713,0.0642,ok,0.0098
28,53.8580,0.0704,ok,0.0120
29,54.0019,0.0666,ok,0.0111
30,54.1259,0.0834,ok,0.0170
31,54.2506,0.0573,ok,0.0110
32,54.3761,0.0686,ok,0.0100
33,54.5009,0.0706,ok,0.0103
34,54.6259,0.0959,ok,0.0203
35,54.7504,0.1067,ok,0.0108
36,54.8763,0.0695,ok,0.0109
37,55.0002,0.0597,ok,0.0105
38,55.2234,0.1044,ok,0.0154
39,55.3331,0.0589,ok,0.0096
40,55.4453,0.0795,ok,0.0100
41,55.5570,0.0921,ok,0.0100
42,55.6684,0.0526,ok,0.0111
43,55.7782,0.0956,ok,0.0111
44,55.8900,0.0733,ok,0.0100
45,56.0005,0.0872,ok,0.0110
46,56.1019,0.0796,ok,0.0100
47,56.2007,0.0474,ok,0.0122
48,56.3015,0.0823,ok,0.0113
49,56.4009,0.1012,ok,0.0125
50,56.5001,0.0910,ok,0.0106
51,56.6012,0.0674,ok,0.0102
52,56.7008,0.0565,ok,0.0118
53,56.8006,0.1017,ok,0.0105
54,56.9002,0.0776,ok,0.0108
55,57.0010,0.0731,ok,0.0098
56,57.0914,0.0885,ok,0.0096
57,57.1830,0.0742,ok,0.0093
58,57.3646,0.0638,ok,0.0134
59,57.5458,0.0800,ok,0.0107
60,57.6370,0.0922,ok,0.0106
61,57.7276,0.0924,ok,0.0108
62,57.8182,0.0746,ok,0.0103
63,57.9100,0.0713,ok,0.0112
64,58.0004,0.0515,ok,0.0100
65,58.0911,0.0886,ok,0.0096
66,58.1829,0.0555,ok,0.0095
67,58.3650,0.0529,ok,0.0135
68,58.4552,0.1780,ok,0.0104
69,58.5452,0.1362,ok,0.0821
70,58.6369,0.0681,ok,0.0095
71,58.7272,0.0640,ok,0.0100
72,58.8185,0.1147,ok,0.0276
73,58.9094,0.0867,ok,0.0115
74,59.0002,0.0648,ok,0.0095
75,59.0842,0.0638,ok,0.0098
76,59.1672,0.0682,ok,0.0096
77,59.2506,0.0698,ok,0.0093
78,59.4177,0.0467,ok,0.0132
79,59.5017,0.0721,ok,0.0104
80,59.6681,0.0582,ok,0.0107
81,59.8354,0.0655,ok,0.0142
82,59.9172,0.0875,ok,0.0104
83,60.0779,0.0666,ok,0.0117
84,60.2329,0.0474,ok,0.0140
85,60.3086,0.0654,ok,0.0100
86,60.3852,0.0683,ok,0.0098
87,60.4636,0.1353,ok,0.0097
88,60.5382,0.0717,ok,0.0144
89,60.6160,0.0412,ok,0.0105
90,60.6924,0.0858,ok,0.0098
91,60.7696,0.1000,ok,0.0099
92,60.8462,0.0686,ok,0.0092
93,60.9249,0.0606,ok,0.0098
94,61.0006,0.0632,ok,0.0094
95,61.1442,0.0796,ok,0.0131
96,61.2141,0.0927,ok,0.0111
97,61.2866,0.0823,ok,0.0098
98,61.4300,0.0609,ok,0.0100
99,61.5010,0.0910,ok,0.0098
100,61.6433,0.0488,ok,0.0120
101,61.7143,0.0571,ok,0.0094
102,61.7866,0.0647,ok,0.0109
103,61.8574,0.0567,ok,0.0090
104,61.9293,0.0644,ok,0.0094
105,62.0009,0.0572,ok,0.0095
106,62.0683,0.0952,ok,0.0166
107,62.1339,0.0778,ok,0.0121
108,62.4681,0.0543,ok,0.0115
109,62.6007,0.0521,ok,0.0141
110,62.6671,0.0884,ok,0.0100
111,62.8007,0.0652,ok,0.0098
112,62.8671,0.0785,ok,0.0094
113,62.9334,0.0449,ok,0.0105
114,63.0005,0.0871,ok,0.0102
115,63.0626,0.0562,ok,0.0093
116,63.1259,0.0930,ok,0.0089
117,63.1885,0.1037,ok,0.0094
118,63.2510,0.1201,ok,0.0096
119,63.3125,0.0651,ok,0.0094
120,63.3755,0.0962,ok,0.0100
121,63.4381,0.0601,ok,0.0105
122,63.5004,0.0827,ok,0.0085
123,63.5625,0.1155,ok,0.0102
124,63.6252,0.0869,ok,0.0090
125,63.6886,0.0942,ok,0.0095
126,63.7505,0.0696,ok,0.0096
127,63.8752,0.0515,ok,0.0101
128,63.9389,0.0581,ok,0.0092
129,64.0002,0.1092,ok,0.0087
130,64.1256,0.0953,ok,0.0110
131,64.1885,0.1081,ok,0.0098
132,64.2501,0.0799,ok,0.0095
133,64.3123,0.0938,ok,0.0090
134,64.4383,0.0957,ok,0.0099
135,64.5005,0.0585,ok,0.0108
136,64.5622,0.0628,ok,0.0089
137,64.6251,0.0461,ok,0.0107
138,64.6884,0.1050,ok,0.0101
139,64.7504,0.0743,ok,0.0115
140,64.8122,0.0670,ok,0.0108
141,64.8756,0.0848,ok,0.0121
142,64.9383,0.0774,ok,0.0099
143,65.0003,0.0465,ok,0.0101
144,65.0611,0.0910,ok,0.0100
145,65.1184,0.0478,ok,0.0121
146,65.1764,0.0772,ok,0.0105
147,65.2354,0.0990,ok,0.0095
148,65.2941,0.0767,ok,0.0105
149,65.3532,0.0799,ok,0.0104
150,65.4713,0.0604,ok,0.0099
151,65.5297,0.0623,ok,0.0110
152,65.5882,0.1074,ok,0.0151
153,65.6472,0.0452,ok,0.0119
154,65.7659,0.0740,ok,0.0104
155,65.8249,0.0400,ok,0.0116
156,65.8840,0.0530,ok,0.0101
157,65.9412,0.0331,ok,0.0100
158,66.0014,0.0900,ok,0.0099
159,66.0599,0.0916,ok,0.0116
160,66.1183,0.0681,ok,0.0122
161,66.1765,0.1090,ok,0.0113
162,66.2354,0.0872,ok,0.0116
163,66.2945,0.0484,ok,0.0123
164,66.3531,0.0846,ok,0.0099
165,66.4123,0.0535,ok,0.0113
166,66.4719,0.0532,ok,0.0103
167,66.5293,0.0841,ok,0.0096
168,66.5885,0.1205,ok,0.0178
169,66.6471,0.0584,ok,0.0120
170,66.7067,0.0894,ok,0.0111
171,66.7653,0.0854,ok,0.0116
172,66.8242,0.0762,ok,0.0108
173,66.9417,0.0876,ok,0.0103
174,67.0003,0.0900,ok,0.0116
175,67.1185,0.1049,ok,0.0119
176,67.1770,0.1117,ok,0.0113
177,67.2354,0.0930,ok,0.0093
178,67.2946,0.0726,ok,0.0093
179,67.3534,0.0620,ok,0.0103
180,67.4716,0.0500,ok,0.0100
181,67.5298,0.0998,ok,0.0095
182,67.5885,0.0920,ok,0.0131
183,67.6478,0.0468,ok,0.0117
184,67.7070,0.0623,ok,0.0102
185,67.8245,0.0818,ok,0.0101
186,67.8829,0.0437,ok,0.0094
187,67.9418,0.0573,ok,0.0097
188,68.0002,0.0489,ok,0.0087
189,68.0632,0.0995,ok,0.0093
190,68.1260,0.0663,ok,0.0121
191,68.2506,0.0878,ok,0.0107
192,68.3121,0.0905,ok,0.0105
193,68.3756,0.1034,ok,0.0093
194,68.4385,0.0704,ok,0.0108
195,68.5004,0.0622,ok,0.0096
196,68.6259,0.0931,ok,0.0130
197,68.6889,0.0877,ok,0.0109
198,68.8138,0.0605,ok,0.0102
199,68.8755,0.0807,ok,0.0088
200,68.9383,0.0832,ok,0.0109
201,69.0003,0.0986,ok,0.0106
202,69.0620,0.0952,ok,0.0144
203,69.1254,0.1141,ok,0.0123
204,69.1884,0.0530,ok,0.0105
205,69.2515,0.0463,ok,0.0095
206,69.3130,0.0755,ok,0.0094
207,69.3757,0.0956,ok,0.0094
208,69.4383,0.0533,ok,0.0103
209,69.5018,0.0573,ok,0.0096
210,69.5622,0.0743,ok,0.0107
211,69.6257,0.0644,ok,0.0122
212,69.6885,0.0758,ok,0.0093
213,69.7502,0.0452,ok,0.0106
214,69.8125,0.0901,ok,0.0096
215,69.8753,0.0807,ok,0.0116
216,69.9384,0.0565,ok,0.0107
217,70.0010,0.0695,ok,0.0088
218,70.0672,0.0702,ok,0.0135
219,70.1338,0.0927,ok,0.0118
220,70.2001,0.0844,ok,0.0105
221,70.2670,0.0626,ok,0.0106
222,70.3338,0.0909,ok,0.0110
223,70.4001,0.0619,ok,0.0089
224,70.4671,0.0536,ok,0.0089
225,70.5349,0.0900,ok,0.0094
226,70.6008,0.0804,ok,0.0118
227,70.6679,0.0778,ok,0.0098
228,70.7335,0.0682,ok,0.0105
229,70.8002,0.0469,ok,0.0099
230,70.8672,0.1198,ok,0.0105
231,70.9330,0.0413,ok,0.0112
232,71.0012,0.0927,ok,0.0095
233,71.0675,0.1179,ok,0.0097
234,71.1336,0.0941,ok,0.0114
235,71.2007,0.0644,ok,0.0095
236,71.2672,0.0631,ok,0.0093
237,71.3334,0.0583,ok,0.0090
238,71.4018,0.0795,ok,0.0096
239,71.4679,0.0756,ok,0.0099
240,71.6009,0.0813,ok,0.0135
241,71.6672,0.0633,ok,0.0099
242,71.7336,0.0574,ok,0.0101
243,71.8012,0.0652,ok,0.0100
244,71.8676,0.0566,ok,0.0087
245,72.0005,0.0695,ok,0.0098
246,72.1432,0.0626,ok,0.0126
247,72.2160,0.0468,ok,0.0101
248,72.2870,0.1046,ok,0.0094
249,72.3577,0.1077,ok,0.0095
250,72.4295,0.0946,ok,0.0097
251,72.5008,0.0694,ok,0.0093
252,72.5714,0.0682,ok,0.0112
253,72.6438,0.0699,ok,0.0097
254,72.7149,0.0650,ok,0.0095
255,72.7870,0.0819,ok,0.0092
256,72.8574,0.0738,ok,0.0099
257,72.9291,0.0592,ok,0.0098
258,73.0005,0.0437,ok,0.0100
259,73.0715,0.0573,ok,0.0135
260,73.1440,0.0848,ok,0.0102
261,73.2141,0.1023,ok,0.0113
262,73.2865,0.0951,ok,0.0104
263,73.3571,0.0649,ok,0.0106
264,73.4291,0.0977,ok,0.0099
265,73.5005,0.0296,ok,0.0106
266,73.5714,0.0655,ok,0.0141
267,73.6441,0.0529,ok,0.0100
268,73.8573,0.0989,ok,0.0109
269,73.9295,0.0672,ok,0.0110
270,74.0009,0.1057,ok,0.0090
271,74.0713,0.0664,ok,0.0107
272,74.1439,0.0641,ok,0.0107
273,74.2142,0.0569,ok,0.0093
274,74.2862,0.0665,ok,0.0097
275,74.3579,0.0802,ok,0.0091
276,74.4295,0.0453,ok,0.0098
277,74.5020,0.0785,ok,0.0095
278,74.5716,0.1025,ok,0.0137
279,74.6435,0.0616,ok,0.0113
280,74.7864,0.0532,ok,0.0101
281,74.8589,0.1113,ok,0.0139
282,74.9291,0.0443,ok,0.0096
283,75.0006,0.0703,ok,0.0102
284,75.0772,0.0674,ok,0.0122
285,75.1549,0.0708,ok,0.0106
286,75.2318,0.0695,ok,0.0095
287,75.3085,0.0556,ok,0.0093
288,75.3853,0.0717,ok,0.0099
289,75.4621,0.0505,ok,0.0089
290,75.5398,0.1125,ok,0.0098
291,75.6156,0.0678,ok,0.0104
292,75.6935,0.0694,ok,0.0095
293,75.7701,0.0839,ok,0.0100
294,75.8461,0.0788,ok,0.0091
295,75.9231,0.0959,ok,0.0102
296,76.0010,0.0616,ok,0.0093
297,76.1549,0.0695,ok,0.0112
298,76.2316,0.0915,ok,0.0097
299,76.3084,0.1016,ok,0.0095
300,76.3853,0.0605,ok,0.0090
301,76.4630,0.0433,ok,0.0099
302,76.5386,0.0571,ok,0.0096
303,76.6158,0.0723,ok,0.0093
304,76.6922,0.0578,ok,0.0089
305,76.7692,0.0641,ok,0.0095
306,77.0838,0.0788,ok,0.0114
307,77.1678,0.0983,ok,0.0100
308,77.2504,0.0880,ok,0.0104
309,77.5841,0.0787,ok,0.0128
310,77.7517,0.0947,ok,0.0103
311,78.0007,0.1067,ok,0.0114
312,78.1677,0.0476,ok,0.0111
313,78.3346,0.0734,ok,0.0104
314,78.5002,0.0382,ok,0.0128
315,78.5836,0.0621,ok,0.0100
316,78.6678,0.0909,ok,0.0094
317,78.7505,0.0637,ok,0.0095
318,78.8334,0.0638,ok,0.0099
319,78.9175,0.0572,ok,0.0116
320,79.0020,0.1109,ok,0.0097
321,79.0911,0.0700,ok,0.0096
322,79.2734,0.0725,ok,0.0098
323,79.3650,0.0613,ok,0.0092
324,79.4555,0.0662,ok,0.0096
325,79.5460,0.0873,ok,0.0093
326,79.6365,0.0630,ok,0.0107
327,79.7277,0.0409,ok,0.0106
328,79.8188,0.0872,ok,0.0104
329,79.9091,0.0555,ok,0.0107
330,80.0019,0.0695,ok,0.0110
331,80.0916,0.0586,ok,0.0114
332,80.1825,0.0389,ok,0.0102
333,80.2746,0.0841,ok,0.0104
334,80.3649,0.0585,ok,0.0096
335,80.4556,0.0711,ok,0.0097
336,80.5459,0.0708,ok,0.0094
337,80.7280,0.0709,ok,0.0114
338,80.8182,0.0539,ok,0.0098
339,80.9093,0.0740,ok,0.0095
340,81.0005,0.0570,ok,0.0096
341,81.1009,0.0905,ok,0.0171
342,81.2016,0.0571,ok,0.0099
343,81.4020,0.0496,ok,0.0101
344,81.5009,0.0806,ok,0.0100
345,81.6007,0.0805,ok,0.0096
346,81.8015,0.0792,ok,0.0115
347,81.9009,0.0661,ok,0.0106
348,82.0002,0.0640,ok,0.0117
349,82.1015,0.0668,ok,0.0100
350,82.2005,0.0905,ok,0.0104
351,82.3011,0.0836,ok,0.0099
352,82.4009,0.0586,ok,0.0112
353,82.5007,0.0837,ok,0.0102
354,82.6007,0.1015,ok,0.0107
355,82.7001,0.0949,ok,0.0099
356,82.8001,0.0662,ok,0.0089
357,82.9005,0.0693,ok,0.0094
358,83.0011,0.0540,ok,0.0097
359,83.1113,0.0516,ok,0.0103
360,83.2231,0.0683,ok,0.0116
361,83.3337,0.0485,ok,0.0104
362,83.4445,0.0883,ok,0.0100
363,83.5571,0.0633,ok,0.0095
364,83.6677,0.0833,ok,0.0128
365,83.7784,0.0562,ok,0.0102
366,83.8899,0.0528,ok,0.0099
367,84.0009,0.0592,ok,0.0101
368,84.1112,0.0491,ok,0.0093
369,84.2227,0.0811,ok,0.0139
370,84.4452,0.0394,ok,0.0106
371,84.5578,0.0438,ok,0.0102
372,84.6678,0.0793,ok,0.0101
373,84.7784,0.0868,ok,0.0115
374,84.8895,0.0744,ok,0.0099
375,85.0011,0.0430,ok,0.0096
376,85.1124,0.0884,ok,0.0135
377,85.2234,0.0902,ok,0.0173
378,85.3340,0.0641,ok,0.0106
379,85.4444,0.0664,ok,0.0098
380,85.5571,0.0832,ok,0.0096
381,85.6675,0.0511,ok,0.0097
382,85.7788,0.1068,ok,0.0114
383,85.8898,0.0553,ok,0.0094
384,86.0003,0.0510,ok,0.0098
385,86.1256,0.0961,ok,0.0097
386,86.2509,0.0664,ok,0.0110
387,86.3756,0.0578,ok,0.0102
388,86.6258,0.0644,ok,0.0101
389,86.7505,0.0762,ok,0.0118
390,86.8759,0.0808,ok,0.0101
391,87.0009,0.0490,ok,0.0092
392,87.1262,0.0837,ok,0.0100
393,87.2510,0.0665,ok,0.0096
394,87.3758,0.0589,ok,0.0098
395,87.5010,0.0926,ok,0.0127
396,87.6258,0.0699,ok,0.0101
397,87.8760,0.0409,ok,0.0105
398,88.0012,0.0566,ok,0.0124
399,88.1441,0.0683,ok,0.0103
400,88.2867,0.0866,ok,0.0098
401,88.7149,0.0792,ok,0.0143
402,89.0017,0.1052,ok,0.0130
403,89.1442,0.0735,ok,0.0104
404,89.4301,0.0864,ok,0.0185
405,89.5717,0.1191,ok,0.0113
406,89.7150,0.0687,ok,0.0103
407,89.8581,0.0996,ok,0.0161
408,90.1443,0.0668,ok,0.0138
409,90.2864,0.0765,ok,0.0106
410,90.4312,0.0842,ok,0.0101
411,90.5716,0.0611,ok,0.0105
412,90.7150,0.0625,ok,0.0100
413,90.8578,0.0794,ok,0.0104
414,91.0006,0.0643,ok,0.0142
415,91.1432,0.0809,ok,0.0107
416,91.2864,0.1067,ok,0.0096
417,91.5716,0.0974,ok,0.0133
418,91.7142,0.0654,ok,0.0100
419,92.0012,0.0611,ok,0.0141
420,92.1438,0.0935,ok,0.0102
421,92.2865,0.1005,ok,0.0096
422,92.5715,0.0805,ok,0.0132
423,92.7143,0.0587,ok,0.0098
424,93.0005,0.0713,ok,0.0134
425,93.1451,0.0546,ok,0.0114
426,93.4301,0.0472,ok,0.0103
427,93.5717,0.0845,ok,0.0106
428,93.7144,0.0926,ok,0.0110
429,93.8573,0.0485,ok,0.0104
430,94.0012,0.0645,ok,0.0129
431,94.1439,0.0346,ok,0.0105
432,94.2867,0.1011,ok,0.0097
433,94.5723,0.0647,ok,0.0129
434,94.7143,0.0313,ok,0.0102
435,94.8581,0.0611,ok,0.0143
436,95.1438,0.0880,ok,0.0130
437,95.2870,0.0564,ok,0.0105
438,95.4296,0.0747,ok,0.0097
439,95.5726,0.1101,ok,0.0135
440,95.7150,0.0855,ok,0.0100
441,96.0010,0.1006,ok,0.0133
442,96.1439,0.0733,ok,0.0104
443,96.2864,0.0862,ok,0.0096
444,96.5721,0.0434,ok,0.0131
445,96.7148,0.0640,ok,0.0102
446,96.8580,0.0917,ok,0.0099
447,97.0010,0.0660,ok,0.0124
448,97.1433,0.0799,ok,0.0106
449,97.2865,0.0688,ok,0.0105
450,97.4296,0.0991,ok,0.0094
451,97.5719,0.0790,ok,0.0114
452,98.0016,0.1035,ok,0.0131
453,98.1435,0.0641,ok,0.0103
454,98.2868,0.0684,ok,0.0100
455,98.5716,0.0529,ok,0.0138
456,98.7149,0.0673,ok,0.0107
457,98.8575,0.0808,ok,0.0111
458,99.0006,0.0455,ok,0.0122
459,99.1435,0.0716,ok,0.0101
460,99.2874,0.0634,ok,0.0096
461,99.4300,0.0815,ok,0.0101
462,99.7149,0.0847,ok,0.0111
463,100.0011,0.0724,ok,0.0128
464,100.1438,0.0813,ok,0.0104
465,100.2864,0.0803,ok,0.0096
466,100.4300,0.0719,ok,0.0105
467,100.5721,0.0614,ok,0.0109
468,100.7148,0.0693,ok,0.0110
469,100.8573,0.0663,ok,0.0112
470,101.0009,0.0511,ok,0.0135
471,101.1433,0.0719,ok,0.0105
472,101.4295,0.0828,ok,0.0124
473,101.5726,0.0528,ok,0.0115
474,102.0011,0.0879,ok,0.0131
475,102.1434,0.0651,ok,0.0100
476,102.2867,0.0479,ok,0.0099
477,102.5732,0.0480,ok,0.0130
478,102.7145,0.0591,ok,0.0100
479,103.0011,0.0416,ok,0.0130
480,103.1441,0.0763,ok,0.0101
481,103.2867,0.0804,ok,0.0097
482,103.4293,0.0526,ok,0.0097
483,103.7152,0.0491,ok,0.0110
484,103.8576,0.0808,ok,0.0101
485,104.2880,0.0753,ok,0.0146
486,104.5727,0.0784,ok,0.0127
487,104.7144,0.0705,ok,0.0107
488,104.8582,0.0595,ok,0.0137
489,105.0010,0.0740,ok,0.0146
490,105.1433,0.0808,ok,0.0101
491,105.4305,0.0725,ok,0.0110
492,105.5712,0.0681,ok,0.0113
493,105.7146,0.0859,ok,0.0108
494,105.8578,0.0876,ok,0.0110
495,106.0008,0.0730,ok,0.0133
496,106.1442,0.0408,ok,0.0101
497,106.2862,0.0615,ok,0.0111
498,106.8585,0.0818,ok,0.0143
499,107.0006,0.0812,ok,0.0121
500,107.1440,0.0747,ok,0.0101
501,107.5722,0.0888,ok,0.0131
502,107.7143,0.0886,ok,0.0099
503,107.8580,0.0752,ok,0.0104
504,108.0014,0.0725,ok,0.0127
505,108.1432,0.0640,ok,0.0102
506,108.2863,0.0713,ok,0.0098
507,108.5720,0.0602,ok,0.0133
508,109.0009,0.0903,ok,0.0139
509,109.1444,0.0904,ok,0.0104
510,109.2879,0.0606,ok,0.0100
511,109.4297,0.0594,ok,0.0105
512,109.5712,0.0684,ok,0.0115
513,109.7149,0.0580,ok,0.0103
514,109.8583,0.0854,ok,0.0135
515,110.0010,0.0901,ok,0.0136
516,110.1444,0.0721,ok,0.0105
517,110.2868,0.0391,ok,0.0103
518,110.4302,0.0810,ok,0.0102
519,110.5715,0.0761,ok,0.0120
520,110.8581,0.0651,ok,0.0115
521,111.0006,0.0921,ok,0.0145
522,111.1439,0.0932,ok,0.0111
523,111.2863,0.0579,ok,0.0102
524,111.4295,0.0711,ok,0.0096
525,111.5727,0.0577,ok,0.0116
526,112.0009,0.0605,ok,0.0136
527,112.1437,0.0515,ok,0.0103
528,112.2864,0.0467,ok,0.0100
529,112.4293,0.0749,ok,0.0105
530,112.5724,0.0623,ok,0.0118
531,112.7150,0.0624,ok,0.0104
532,112.8576,0.0843,ok,0.0108
533,113.1434,0.0496,ok,0.0112
534,113.2863,0.1075,ok,0.0103
535,113.4359,0.1206,ok,0.0183
536,113.5719,0.0727,ok,0.0110
537,113.7149,0.0827,ok,0.0102
538,113.8578,0.0839,ok,0.0100
539,114.0020,0.0719,ok,0.0104
540,114.2863,0.0599,ok,0.0125
541,114.4294,0.1021,ok,0.0103
542,114.5716,0.0803,ok,0.0097
543,114.7151,0.0510,ok,0.0112
544,114.8574,0.0620,ok,0.0150
545,115.0007,0.0936,ok,0.0113
546,115.1436,0.0541,ok,0.0112
547,115.2871,0.0770,ok,0.0108
548,115.4293,0.0809,ok,0.0101
549,115.5714,0.0855,ok,0.0127
550,115.7142,0.0783,ok,0.0132
551,115.8579,0.0572,ok,0.0112
552,116.0004,0.0787,ok,0.0108
553,116.1434,0.0786,ok,0.0105
554,116.4304,0.0743,ok,0.0116
555,116.5730,0.0483,ok,0.0118
556,116.7147,0.0745,ok,0.0135
557,116.8575,0.0459,ok,0.0108
558,117.1438,0.0683,ok,0.0099
559,117.2863,0.0824,ok,0.0098
560,117.4299,0.1154,ok,0.0118
561,117.7147,0.0617,ok,0.0111
562,117.8578,0.0712,ok,0.0130
563,118.0013,0.0688,ok,0.0104
564,118.2866,0.0548,ok,0.0103
565,118.5718,0.0696,ok,0.0114
566,118.7146,0.0749,ok,0.0105
567,119.0010,0.0614,ok,0.0127
568,119.1437,0.0603,ok,0.0110
569,119.5717,0.0832,ok,0.0146
570,119.7152,0.0749,ok,0.0102
571,119.8583,0.0680,ok,0.0134
572,120.1438,0.0749,ok,0.0102
573,120.2870,0.0914,ok,0.0111
574,120.4296,0.0658,ok,0.0105
575,120.5719,0.0654,ok,0.0155
576,120.8579,0.0681,ok,0.0148
577,121.0003,0.0605,ok,0.0121
578,121.1441,0.0833,ok,0.0124
579,121.2878,0.0911,ok,0.0095
580,121.5723,0.0712,ok,0.0123
581,121.7158,0.0449,ok,0.0112
582,121.8579,0.0795,ok,0.0106
583,122.0006,0.0703,ok,0.0103
584,122.1441,0.0945,ok,0.0095
585,122.2868,0.0884,ok,0.0096
586,122.4294,0.0649,ok,0.0113
587,122.5716,0.0754,ok,0.0107
588,122.7153,0.0747,ok,0.0102
589,122.8582,0.0746,ok,0.0102
590,123.0011,0.0391,ok,0.0112
591,123.1444,0.0639,ok,0.0100
592,123.2865,0.0314,ok,0.0101
593,123.4301,0.0709,ok,0.0107
594,123.5712,0.0812,ok,0.0102
595,123.7147,0.0827,ok,0.0122
596,123.8577,0.0673,ok,0.0103
597,124.0002,0.0354,ok,0.0094
598,124.1440,0.0391,ok,0.0203
599,124.2875,0.0633,ok,0.0110
600,124.4301,0.0831,ok,0.0105
601,124.5714,0.0762,ok,0.0100
602,125.1442,0.0756,ok,0.0133
603,125.2880,0.0632,ok,0.0109
604,125.4295,0.0809,ok,0.0100
605,125.7148,0.0776,ok,0.0132
606,125.8576,0.1109,ok,0.0106
607,126.0007,0.0655,ok,0.0100
608,126.1435,0.0897,ok,0.0099
609,126.2864,0.0774,ok,0.0109
610,126.4301,0.0877,ok,0.0102
611,126.5720,0.0682,ok,0.0096
612,126.7145,0.0756,ok,0.0127
613,126.8583,0.0762,ok,0.0100
614,127.0006,0.0785,ok,0.0093
615,127.1433,0.0590,ok,0.0174
616,127.2866,0.0497,ok,0.0112
617,127.4296,0.0861,ok,0.0104
618,127.5719,0.0686,ok,0.0099
619,127.7147,0.0365,ok,0.0124
620,127.8574,0.0535,ok,0.0104
621,128.0002,0.0916,ok,0.0099
622,128.1451,0.0800,ok,0.0241
623,128.4295,0.0691,ok,0.0107
624,128.5718,0.0935,ok,0.0108
625,128.7145,0.0772,ok,0.0112
626,128.8580,0.0769,ok,0.0108
627,129.0002,0.0713,ok,0.0098
628,129.1449,0.0732,ok,0.0174
629,129.2864,0.0550,ok,0.0105
630,129.4297,0.0918,ok,0.0102
631,129.7149,0.0760,ok,0.0131
632,129.8572,0.0789,ok,0.0136
633,130.0005,0.0679,ok,0.0096
634,130.1438,0.0699,ok,0.0134
635,130.2869,0.0689,ok,0.0105
636,130.4301,0.0945,ok,0.0098
637,130.5718,0.0562,ok,0.0101
638,130.7143,0.0905,ok,0.0134
639,130.8581,0.0777,ok,0.0115
640,131.0010,0.0654,ok,0.0099
641,131.1438,0.0843,ok,0.0190
642,131.2865,0.0812,ok,0.0103
643,131.4300,0.0851,ok,0.0097
644,131.5714,0.0609,ok,0.0096
645,131.7146,0.0943,ok,0.0130
646,131.8571,0.0604,ok,0.0099
647,132.0008,0.0343,ok,0.0101
648,132.1435,0.0618,ok,0.0134
649,132.2866,0.0778,ok,0.0102
650,132.4297,0.1079,ok,0.0096
651,132.5718,0.0999,ok,0.0096
652,132.7149,0.0677,ok,0.0112
653,132.8578,0.0721,ok,0.0106
654,133.0021,0.0104,ok,0.0104
655,133.1440,0.0435,ok,0.0132
656,133.2868,0.0394,ok,0.0105
657,133.4305,0.0509,ok,0.0096
658,133.5717,0.0735,ok,0.0094
659,133.7145,0.0892,ok,0.0156
660,133.8580,0.0817,ok,0.0108
661,134.0010,0.0759,ok,0.0099
662,134.1452,0.0742,ok,0.0148
663,134.2878,0.0783,ok,0.0108
664,134.4294,0.1053,ok,0.0099
665,134.5719,0.0441,ok,0.0106
666,134.7143,0.0699,ok,0.0135
667,134.8576,0.0372,ok,0.0134
668,135.1443,0.0630,ok,0.0144
669,135.2867,0.0759,ok,0.0105
670,135.4308,0.0805,ok,0.0098
671,135.5716,0.0696,ok,0.0097
672,135.7145,0.0480,ok,0.0116
673,135.8578,0.0583,ok,0.0110
674,136.0005,0.0734,ok,0.0106
675,136.1442,0.0763,ok,0.0134
676,136.2868,0.1096,ok,0.0104
677,136.4296,0.0574,ok,0.0101
678,136.5712,0.0766,ok,0.0104
679,136.7160,0.0765,ok,0.0102
680,137.1452,0.0822,ok,0.0134
681,137.2877,0.0922,ok,0.0105
682,137.4292,0.0881,ok,0.0107
683,137.5716,0.1113,ok,0.0105
684,137.7142,0.0929,ok,0.0099
685,137.8575,0.0715,ok,0.0135
686,138.0014,0.0670,ok,0.0102
687,138.1436,0.0762,ok,0.0100
688,138.4303,0.0965,ok,0.0110
689,138.5720,0.0700,ok,0.0118
690,138.7153,0.0669,ok,0.0101
691,138.8575,0.0720,ok,0.0105
692,139.0019,0.0744,ok,0.0130
693,139.1446,0.0509,ok,0.0095
694,139.4300,0.0492,ok,0.0095
695,139.5714,0.0467,ok,0.0096
696,139.7144,0.0500,ok,0.0118
697,139.8578,0.0827,ok,0.0202
698,140.0008,0.0903,ok,0.0109
699,140.1444,0.0856,ok,0.0135
700,140.4296,0.0474,ok,0.0106
701,140.5713,0.0684,ok,0.0099
702,140.7151,0.0444,ok,0.0125
703,140.8578,0.0686,ok,0.0101
704,141.0007,0.0479,ok,0.0095
705,141.1439,0.0954,ok,0.0255
706,141.4297,0.0660,ok,0.0108
707,141.5720,0.0397,ok,0.0107
708,141.7160,0.0757,ok,0.0128
709,141.8579,0.0655,ok,0.0101
710,142.0006,0.0545,ok,0.0100
711,142.1675,0.0740,ok,0.0110
712,142.5010,0.0573,ok,0.0134
713,142.6678,0.0465,ok,0.0118
714,142.8346,0.0771,ok,0.0108
715,143.1682,0.0734,ok,0.0138
716,143.3339,0.0459,ok,0.0106
717,143.5011,0.0735,ok,0.0101
718,143.6680,0.0774,ok,0.0113
719,143.8337,0.0686,ok,0.0103
720,144.0006,0.0841,ok,0.0100
721,144.1681,0.0632,ok,0.0129
722,144.3337,0.0564,ok,0.0103
723,144.5004,0.0496,ok,0.0098
724,144.6674,0.0727,ok,0.0131
725,144.8334,0.0845,ok,0.0107
726,145.0003,0.0852,ok,0.0136
727,145.1680,0.0389,ok,0.0135
728,145.3333,0.0748,ok,0.0101
729,145.6677,0.0727,ok,0.0132
730,145.8338,0.0596,ok,0.0105
731,146.0007,0.0706,ok,0.0106
732,146.1676,0.0635,ok,0.0108
733,146.5006,0.0794,ok,0.0118
734,146.6682,0.0602,ok,0.0106
735,146.8338,0.0763,ok,0.0117
736,147.0004,0.0797,ok,0.0102
737,147.1684,0.0878,ok,0.0105
738,147.5007,0.0790,ok,0.0114
739,147.6681,0.0753,ok,0.0102
740,148.0008,0.0703,ok,0.0122
741,148.1674,0.0854,ok,0.0098
742,148.3341,0.0932,ok,0.0115
743,148.5005,0.0431,ok,0.0109
744,148.6679,0.0569,ok,0.0104
745,148.8342,0.0963,ok,0.0118
746,149.1690,0.0900,ok,0.0124
747,149.3333,0.0944,ok,0.0111
748,149.6683,0.0651,ok,0.0166
749,149.8338,0.0881,ok,0.0109
750,150.0011,0.0532,ok,0.0114
751,150.1675,0.0441,ok,0.0177
752,150.3340,0.0598,ok,0.0109
753,150.5012,0.0757,ok,0.0097
754,150.6681,0.0682,ok,0.0164
755,150.8336,0.0806,ok,0.0127
756,151.0006,0.0811,ok,0.0121
757,151.1681,0.0594,ok,0.0173
758,151.3339,0.1000,ok,0.0108
759,151.5002,0.0506,ok,0.0109
760,151.8344,0.0944,ok,0.0130
761,152.0021,0.0930,ok,0.0113
762,152.1685,0.0681,ok,0.0152
763,152.3339,0.0894,ok,0.0107
764,152.5005,0.0686,ok,0.0103
765,152.6675,0.0704,ok,0.0141
766,152.8334,0.0991,ok,0.0095
767,153.0007,0.0623,ok,0.0099
768,153.4006,0.0853,ok,0.0133
769,153.6003,0.0564,ok,0.0103
770,153.8020,0.0698,ok,0.0113
771,154.0011,0.0763,ok,0.0102
772,154.2008,0.0578,ok,0.0136
773,154.4019,0.0888,ok,0.0100
774,154.8013,0.0798,ok,0.0133
775,155.0014,0.0767,ok,0.0116
776,155.2005,0.0605,ok,0.0134
777,155.4005,0.0564,ok,0.0103
778,155.6022,0.1015,ok,0.0108
779,155.8010,0.0738,ok,0.0108
780,156.0011,0.0860,ok,0.0105
781,156.2005,0.0604,ok,0.0133
782,156.4003,0.0654,ok,0.0101
783,156.6011,0.0730,ok,0.0102
784,156.8005,0.0819,ok,0.0128
785,157.0017,0.0680,ok,0.0114
786,157.5013,0.0945,ok,0.0151
787,157.7512,0.0805,ok,0.0133
788,158.0011,0.0692,ok,0.0109
789,158.2508,0.0899,ok,0.0132
790,158.5010,0.0668,ok,0.0104
791,158.7513,0.0693,ok,0.0144
792,159.0009,0.0530,ok,0.0102
793,159.5016,0.0667,ok,0.0133
794,159.7508,0.0842,ok,0.0135
795,160.0005,0.0881,ok,0.0130
796,160.6685,0.0820,ok,0.0146
797,161.0011,0.0743,ok,0.0112
798,161.3339,0.0868,ok,0.0133
799,162.0015,0.0650,ok,0.0134
800,162.3351,0.0837,ok,0.0131
801,162.6684,0.0452,ok,0.0137
802,163.0022,0.0640,ok,0.0103
803,163.3347,0.0896,ok,0.0129
804,163.6677,0.0791,ok,0.0098
805,164.0012,0.0742,ok,0.0112
806,164.5010,0.0762,ok,0.0135
807,165.0010,0.0554,ok,0.0129
808,165.5011,0.0618,ok,0.0133
809,166.0016,0.0530,ok,0.0151
810,167.0028,0.0509,ok,0.0131
811,167.5015,0.0809,ok,0.0137
812,168.0011,0.0788,ok,0.0131
813,170.0021,0.0915,ok,0.0134
814,180.0060,0.0351,ok,0.0160
815,181.0024,0.0864,ok,0.0145
816,182.0021,0.0487,ok,0.0123
817,182.5016,0.0761,ok,0.0136
818,183.0016,0.0761,ok,0.0130
819,183.5014,0.0791,ok,0.0132
820,184.0012,0.0839,ok,0.0134
821,184.5018,0.0912,ok,0.0127
822,185.0007,0.0769,ok,0.0188
823,185.5014,0.0883,ok,0.0130
824,186.0024,0.0811,ok,0.0136
825,186.3340,0.0972,ok,0.0111
826,186.6686,0.0728,ok,0.0134
827,187.0010,0.0614,ok,0.0127
828,187.3340,0.0563,ok,0.0103
829,187.6678,0.0725,ok,0.0130
830,188.3342,0.0834,ok,0.0130
831,188.6674,0.0724,ok,0.0130
832,189.0013,0.1023,ok,0.0133
833,189.2509,0.0929,ok,0.0112
834,189.5012,0.0665,ok,0.0130
835,190.0015,0.0710,ok,0.0131
836,190.2508,0.0866,ok,0.0113
837,190.5009,0.0652,ok,0.0137
838,190.7506,0.0838,ok,0.0116
839,191.0009,0.0682,ok,0.0135
840,191.2505,0.0649,ok,0.0108
841,191.7512,0.0658,ok,0.0142
842,192.2507,0.0514,ok,0.0136
843,192.7509,0.0574,ok,0.0128
844,193.0009,0.0747,ok,0.0133
845,193.2010,0.0670,ok,0.0099
846,193.4003,0.0549,ok,0.0099
847,193.8007,0.0885,ok,0.0119
848,194.2008,0.0905,ok,0.0131
849,194.4007,0.0987,ok,0.0118
850,194.6008,0.0544,ok,0.0118
851,194.8005,0.0502,ok,0.0105
852,195.0012,0.0839,ok,0.0158
853,195.2007,0.0873,ok,0.0104
854,195.4003,0.0667,ok,0.0096
855,195.6004,0.0635,ok,0.0130
856,195.8003,0.0552,ok,0.0104
857,196.0010,0.0516,ok,0.0143
858,196.2010,0.0547,ok,0.0104
859,196.4011,0.0736,ok,0.0101
860,196.6011,0.0735,ok,0.0121
861,196.8009,0.0835,ok,0.0112
862,197.0007,0.0782,ok,0.0104
863,197.2012,0.0449,ok,0.0112
864,197.4005,0.0616,ok,0.0110
865,197.8007,0.0883,ok,0.0133
866,198.2008,0.0651,ok,0.0135
867,198.4012,0.0913,ok,0.0099
868,198.6009,0.0340,ok,0.0133
869,198.8013,0.0478,ok,0.0111
870,199.0005,0.0589,ok,0.0112
871,199.2006,0.0845,ok,0.0108
872,199.4004,0.0544,ok,0.0100
873,199.6012,0.0644,ok,0.0164
874,199.8011,0.0283,ok,0.0103
875,200.0009,0.0836,ok,0.0130
876,200.2510,0.0515,ok,0.0122
877,200.5009,0.0797,ok,0.0107
878,200.7511,0.0808,ok,0.0135
879,201.0003,0.0941,ok,0.0105
880,201.2508,0.0853,ok,0.0137
881,201.5005,0.0875,ok,0.0107
882,202.0016,0.0775,ok,0.0130
883,202.2504,0.0779,ok,0.0102
884,202.5007,0.0708,ok,0.0127
885,202.7509,0.0858,ok,0.0104
886,203.2523,0.0653,ok,0.0137
887,203.5010,0.0434,ok,0.0112
888,203.7519,0.0812,ok,0.0120
889,204.0003,0.1029,ok,0.0099
890,204.3337,0.0594,ok,0.0122
891,204.6679,0.0668,ok,0.0134
892,205.0012,0.0548,ok,0.0116
893,205.3336,0.0747,ok,0.0130
894,205.6679,0.0853,ok,0.0138
895,206.0007,0.0627,ok,0.0108
896,206.3339,0.0560,ok,0.0135
897,206.6675,0.0819,ok,0.0108
898,207.0008,0.0776,ok,0.0115
899,207.3340,0.0417,ok,0.0135
900,207.6682,0.0945,ok,0.0109
901,208.0021,0.0665,ok,0.0112
902,208.5013,0.0463,ok,0.0147
903,209.0013,0.0789,ok,0.0131
904,209.5010,0.0730,ok,0.0137
905,210.0007,0.0379,ok,0.0142
906,210.5014,0.0529,ok,0.0138
907,211.0011,0.0685,ok,0.0139
908,214.0038,0.0810,ok,0.0132
909,308.0878,0.0713,ok,0.0196
910,309.0015,0.0604,ok,0.0152
911,310.0012,0.0709,ok,0.0128
912,311.0014,0.0618,ok,0.0129
913,311.5010,0.0426,ok,0.0140
914,312.0014,0.0934,ok,0.0139
915,312.5016,0.0571,ok,0.0129
916,313.0015,0.0886,ok,0.0136
917,313.5018,0.1195,ok,0.0135
918,314.3344,0.0802,ok,0.0130
919,314.6682,0.0670,ok,0.0138
920,315.0008,0.0570,ok,0.0163
921,315.3334,0.0628,ok,0.0105
922,316.0011,0.0547,ok,0.0139
923,316.3334,0.0609,ok,0.0120
924,316.6678,0.0605,ok,0.0133
925,317.2512,0.0635,ok,0.0134
926,317.5012,0.0531,ok,0.0140
927,317.7507,0.0783,ok,0.0106
928,318.0004,0.0611,ok,0.0141
929,318.2510,0.0718,ok,0.0118
930,318.5012,0.0765,ok,0.0141
931,319.0015,0.0530,ok,0.0139
932,319.2009,0.0890,ok,0.0107
933,319.4013,0.0598,ok,0.0107
934,319.6004,0.0670,ok,0.0102
935,319.8007,0.0597,ok,0.0114
936,320.2010,0.0798,ok,0.0139
937,320.4012,0.0848,ok,0.0109
938,320.6004,0.0648,ok,0.0110
939,320.8006,0.0965,ok,0.0137
940,321.0014,0.0460,ok,0.0108
941,321.2009,0.0284,ok,0.0141
942,321.8022,0.1045,ok,0.0142
943,322.0011,0.0716,ok,0.0136
944,322.1681,0.0645,ok,0.0105
945,322.3339,0.0642,ok,0.0101
946,322.5005,0.0509,ok,0.0133
947,322.6678,0.0751,ok,0.0104
948,323.0014,0.0776,ok,0.0136
949,323.1673,0.0501,ok,0.0102
950,323.3337,0.0904,ok,0.0133
951,323.6677,0.0556,ok,0.0113
952,323.8338,0.0988,ok,0.0120
953,324.0008,0.0710,ok,0.0130
954,324.3343,0.0990,ok,0.0114
955,324.5015,0.0730,ok,0.0113
956,324.6679,0.0522,ok,0.0108
957,325.0006,0.0559,ok,0.0128
958,325.1449,0.0534,ok,0.0134
959,325.2866,0.0530,ok,0.0135
960,325.7153,0.0705,ok,0.0141
961,325.8592,0.0520,ok,0.0106
962,326.0004,0.0578,ok,0.0103
963,326.1435,0.0957,ok,0.0106
964,326.2865,0.0486,ok,0.0119
965,326.5726,0.0382,ok,0.0107
966,326.7161,0.0457,ok,0.0140
967,326.8572,0.0896,ok,0.0105
968,327.1262,0.0927,ok,0.0105
969,327.2502,0.0895,ok,0.0128
970,327.5010,0.0499,ok,0.0104
971,327.6252,0.0449,ok,0.0099
972,327.7505,0.0805,ok,0.0134
973,327.8754,0.0592,ok,0.0101
974,328.1259,0.0656,ok,0.0102
975,328.2519,0.0504,ok,0.0127
976,328.5007,0.1240,ok,0.0108
977,328.6258,0.0809,ok,0.0103
978,328.7511,0.0780,ok,0.0120
979,328.8753,0.0668,ok,0.0102
980,329.0004,0.0720,ok,0.0106
981,329.1256,0.0857,ok,0.0098
982,329.2506,0.0586,ok,0.0131
983,329.3755,0.0735,ok,0.0106
984,329.5003,0.0743,ok,0.0099
985,329.6259,0.0529,ok,0.0101
986,329.7521,0.0671,ok,0.0137
987,329.8756,0.0864,ok,0.0129
988,330.0004,0.0604,ok,0.0098
989,330.2513,0.0891,ok,0.0143
990,330.3758,0.0904,ok,0.0105
991,330.6256,0.0726,ok,0.0112
992,330.7515,0.0434,ok,0.0132
993,330.8753,0.0586,ok,0.0114
994,331.0003,0.0891,ok,0.0109
995,331.1267,0.0703,ok,0.0102
996,331.2503,0.0671,ok,0.0119
997,331.3756,0.0545,ok,0.0099
998,331.5004,0.0762,ok,0.0099
999,331.6258,0.0311,ok,0.0101
1000,331.7513,0.0793,ok,0.0131
1001,331.8759,0.0430,ok,0.0111
1002,332.0002,0.0782,ok,0.0104
1003,332.1257,0.0654,ok,0.0104
1004,332.3755,0.0996,ok,0.0122
1005,332.5004,0.0676,ok,0.0106
1006,332.6252,0.0562,ok,0.0103
1007,332.7507,0.0819,ok,0.0112
1008,332.8758,0.0385,ok,0.0096
1009,333.0006,0.0710,ok,0.0094
1010,333.2510,0.0724,ok,0.0128
1011,333.5008,0.0713,ok,0.0099
1012,333.6254,0.0570,ok,0.0094
1013,333.7507,0.0741,ok,0.0128
1014,333.8760,0.0530,ok,0.0102
1015,334.0011,0.0560,ok,0.0101
1016,334.1253,0.0941,ok,0.0098
1017,334.2507,0.0712,ok,0.0114
1018,334.3761,0.0662,ok,0.0106
1019,334.5004,0.0667,ok,0.0097
1020,334.6253,0.0818,ok,0.0099
1021,334.7504,0.0635,ok,0.0115
1022,334.8762,0.0777,ok,0.0133
1023,335.0002,0.0730,ok,0.0101
1024,335.1265,0.0918,ok,0.0102
1025,335.2506,0.0884,ok,0.0134
1026,335.3763,0.0976,ok,0.0111
1027,335.5013,0.0578,ok,0.0102
1028,335.6253,0.0732,ok,0.0101
1029,335.7517,0.0343,ok,0.0116
1030,336.0004,0.0886,ok,0.0102
1031,336.1261,0.0562,ok,0.0103
1032,336.3757,0.0668,ok,0.0115
1033,336.6260,0.0587,ok,0.0112
1034,336.8762,0.0732,ok,0.0140
1035,337.0008,0.0691,ok,0.0108
1036,337.1261,0.0615,ok,0.0110
1037,337.3761,0.0349,ok,0.0126
1038,337.7506,0.0587,ok,0.0132
1039,337.8756,0.0804,ok,0.0098
1040,338.1255,0.0625,ok,0.0101
1041,338.2504,0.0711,ok,0.0131
1042,338.3758,0.0485,ok,0.0103
1043,338.5006,0.0796,ok,0.0106
1044,338.6255,0.0772,ok,0.0098
1045,338.7510,0.0453,ok,0.0118
1046,338.8756,0.0750,ok,0.0122
1047,339.0008,0.0730,ok,0.0100
1048,339.1270,0.0486,ok,0.0104
1049,339.2509,0.0646,ok,0.0146
1050,339.3759,0.0567,ok,0.0107
1051,339.5008,0.0768,ok,0.0104
1052,339.6258,0.0463,ok,0.0096
1053,339.7504,0.0624,ok,0.0137
1054,339.8762,0.0696,ok,0.0134
1055,340.2515,0.0944,ok,0.0133
1056,340.3762,0.0550,ok,0.0105
1057,340.5004,0.0536,ok,0.0107
1058,340.6264,0.0592,ok,0.0100
1059,340.7508,0.0546,ok,0.0132
1060,340.8758,0.0873,ok,0.0104
1061,341.0004,0.0698,ok,0.0101
1062,341.1254,0.0917,ok,0.0105
1063,341.2504,0.0741,ok,0.0110
1064,341.3757,0.0607,ok,0.0100
1065,341.5007,0.0792,ok,0.0098
1066,341.6251,0.0633,ok,0.0096
1067,341.7508,0.0798,ok,0.0126
1068,341.8759,0.0918,ok,0.0102
1069,342.0010,0.0699,ok,0.0099
1070,342.1262,0.0750,ok,0.0103
1071,342.2504,0.0786,ok,0.0110
1072,342.5005,0.0749,ok,0.0104
1073,342.7518,0.0506,ok,0.0143
1074,342.8758,0.0646,ok,0.0108
1075,343.0006,0.0668,ok,0.0098
1076,343.1257,0.1044,ok,0.0100
1077,343.2503,0.0569,ok,0.0107
1078,343.3754,0.0929,ok,0.0097
1079,343.5005,0.0715,ok,0.0099
1080,343.6251,0.0803,ok,0.0097
1081,343.8758,0.0604,ok,0.0131
1082,344.1256,0.0585,ok,0.0108
1083,344.2505,0.0528,ok,0.0135
1084,344.3765,0.0852,ok,0.0098
1085,344.5009,0.0807,ok,0.0099
1086,344.6258,0.0695,ok,0.0098
1087,344.7507,0.0702,ok,0.0140
1088,344.8754,0.0729,ok,0.0136
1089,345.0016,0.0504,ok,0.0106
1090,345.1253,0.0970,ok,0.0107
1091,345.2506,0.1006,ok,0.0133
1092,345.3756,0.0749,ok,0.0102
1093,345.5007,0.0732,ok,0.0101
1094,345.6271,0.1087,ok,0.0116
1095,345.7512,0.0596,ok,0.0119
1096,345.8761,0.0889,ok,0.0131
1097,346.1254,0.0714,ok,0.0119
1098,346.2511,0.0683,ok,0.0135
1099,346.3757,0.1009,ok,0.0105
1100,346.5009,0.0858,ok,0.0104
1101,346.6259,0.0640,ok,0.0104
1102,346.8754,0.0763,ok,0.0134
1103,347.0010,0.0474,ok,0.0098
1104,347.1257,0.0968,ok,0.0106
1105,347.2508,0.0650,ok,0.0110
1106,347.3761,0.0611,ok,0.0103
1107,347.5005,0.0988,ok,0.0096
1108,347.6265,0.0561,ok,0.0098
1109,347.7509,0.1004,ok,0.0131
1110,347.8757,0.0669,ok,0.0103
1111,348.0008,0.0774,ok,0.0098
1112,348.1255,0.0677,ok,0.0094
1113,348.2504,0.0890,ok,0.0117
1114,348.3766,0.0718,ok,0.0103
1115,348.5016,0.0642,ok,0.0102
1116,348.6259,0.0670,ok,0.0099
1117,348.7502,0.0700,ok,0.0116
1118,348.8755,0.0801,ok,0.0105
1119,349.2512,0.0850,ok,0.0133
1120,349.3755,0.1011,ok,0.0102
1121,349.5008,0.0671,ok,0.0103
1122,350.0006,0.0929,ok,0.0137
1123,350.1258,0.0980,ok,0.0172
1124,350.2511,0.0582,ok,0.0125
1125,350.3755,0.0843,ok,0.0105
1126,350.5010,0.0661,ok,0.0102
1127,350.6254,0.0891,ok,0.0110
1128,350.7516,0.0803,ok,0.0112
1129,350.8751,0.0900,ok,0.0099
1130,351.0003,0.0697,ok,0.0098
1131,351.1253,0.0842,ok,0.0240
1132,351.2509,0.0777,ok,0.0117
1133,351.3759,0.0843,ok,0.0103
1134,351.5004,0.0640,ok,0.0101
1135,351.6256,0.0861,ok,0.0135
1136,351.7510,0.0934,ok,0.0122
1137,351.8756,0.0784,ok,0.0110
1138,352.0003,0.0314,ok,0.0103
1139,352.1261,0.0706,ok,0.0181
1140,352.2511,0.0571,ok,0.0113
1141,352.5006,0.0670,ok,0.0104
1142,352.6259,0.0766,ok,0.0207
1143,352.7508,0.0567,ok,0.0107
1144,352.8757,0.0561,ok,0.0102
1145,353.0009,0.0706,ok,0.0108
1146,353.1258,0.0840,ok,0.0137
1147,353.2511,0.0416,ok,0.0098
1148,353.3759,0.0744,ok,0.0099
1149,353.5006,0.0867,ok,0.0100
1150,353.6256,0.0563,ok,0.0143
1151,354.0005,0.0560,ok,0.0121
1152,354.1259,0.0591,ok,0.0137
1153,354.2503,0.0649,ok,0.0097
1154,354.5006,0.0758,ok,0.0100
1155,354.6257,0.0500,ok,0.0137
1156,354.8762,0.0569,ok,0.0129
1157,355.1256,0.0851,ok,0.0132
1158,355.2510,0.0787,ok,0.0110
1159,355.3760,0.0438,ok,0.0100
1160,355.5011,0.0589,ok,0.0097
1161,355.6263,0.0465,ok,0.0135
1162,355.8764,0.0619,ok,0.0115
1163,356.0006,0.0545,ok,0.0101
1164,356.2506,0.0509,ok,0.0135
1165,356.3758,0.0642,ok,0.0106
1166,356.5003,0.0659,ok,0.0106
1167,356.6264,0.0580,ok,0.0106
1168,356.7507,0.0784,ok,0.0105
1169,356.8754,0.0942,ok,0.0144
1170,357.0010,0.0870,ok,0.0099
1171,357.1432,0.0767,ok,0.0106
1172,357.2881,0.0463,ok,0.0098
1173,357.4296,0.0641,ok,0.0104
1174,357.5720,0.0453,ok,0.0102
1175,357.7145,0.1053,ok,0.0129
1176,357.8580,0.0748,ok,0.0102
1177,358.0009,0.0536,ok,0.0103
1178,358.1438,0.0711,ok,0.0126
1179,358.5714,0.0755,ok,0.0111
1180,358.7153,0.0628,ok,0.0127
1181,359.0008,0.0808,ok,0.0117
1182,359.1439,0.0825,ok,0.0098
1183,359.2867,0.0378,ok,0.0120
1184,359.4298,0.0361,ok,0.0103
1185,359.5712,0.0625,ok,0.0113
1186,359.7151,0.0765,ok,0.0173
1187,359.8581,0.0841,ok,0.0176
1188,360.0005,0.0598,ok,0.0105
1189,360.1436,0.0688,ok,0.0101
1190,360.2867,0.1000,ok,0.0114
1191,360.4300,0.0742,ok,0.0097
1192,360.7146,0.0819,ok,0.0120
1193,360.8578,0.0583,ok,0.0128
1194,361.0004,0.0758,ok,0.0113
1195,361.1445,0.0942,ok,0.0107
1196,361.2869,0.0617,ok,0.0109
1197,361.5721,0.0689,ok,0.0105
1198,361.7143,0.0843,ok,0.0134
1199,362.0011,0.0663,ok,0.0110
1200,362.1437,0.0445,ok,0.0109
1201,362.2865,0.0403,ok,0.0114
1202,362.4310,0.0908,ok,0.0106
1203,362.5720,0.0608,ok,0.0101
1204,362.7150,0.0964,ok,0.0135
1205,362.8577,0.0871,ok,0.0099
1206,363.0010,0.0819,ok,0.0095
1207,363.2872,0.0617,ok,0.0098
1208,363.5724,0.0652,ok,0.0132
1209,363.7149,0.0656,ok,0.0102
1210,363.8578,0.0593,ok,0.0103
1211,364.0005,0.0710,ok,0.0131
1212,364.1678,0.0733,ok,0.0102
1213,364.5006,0.0666,ok,0.0131
1214,364.6676,0.1011,ok,0.0099
1215,365.1683,0.0586,ok,0.0136
1216,365.3334,0.0600,ok,0.0130
1217,365.5008,0.0755,ok,0.0109
1218,365.6675,0.0861,ok,0.0096
1219,365.8339,0.0697,ok,0.0115
1220,366.0009,0.0675,ok,0.0106
1221,366.3339,0.0451,ok,0.0136
1222,366.5004,0.0749,ok,0.0102
1223,366.6676,0.0749,ok,0.0099
1224,366.8338,0.0433,ok,0.0114
1225,367.0005,0.0684,ok,0.0100
1226,367.1672,0.0684,ok,0.0101
1227,367.3339,0.0694,ok,0.0111
1228,367.5006,0.0636,ok,0.0100
1229,367.6684,0.0589,ok,0.0098
1230,367.8335,0.0678,ok,0.0110
1231,368.0006,0.0563,ok,0.0102
1232,368.1673,0.0813,ok,0.0104
1233,368.3339,0.0772,ok,0.0112
1234,368.5004,0.0729,ok,0.0099
1235,368.6676,0.0624,ok,0.0101
1236,368.8342,0.0546,ok,0.0120
1237,369.0011,0.0693,ok,0.0107
1238,369.1676,0.0545,ok,0.0099
1239,369.3333,0.0741,ok,0.0110
1240,369.5007,0.0570,ok,0.0095
1241,369.6680,0.0833,ok,0.0246
1242,369.8337,0.0494,ok,0.0114
1243,370.0004,0.0311,ok,0.0116
1244,370.1679,0.0485,ok,0.0144
1245,370.3337,0.0892,ok,0.0107
1246,370.5002,0.0656,ok,0.0102
1247,370.6682,0.0878,ok,0.0137
1248,370.8334,0.0829,ok,0.0109
1249,371.0005,0.0894,ok,0.0104
1250,371.2002,0.0693,ok,0.0132
1251,371.4008,0.0481,ok,0.0099
1252,371.6003,0.0696,ok,0.0097
1253,371.8002,0.0968,ok,0.0126
1254,372.0012,0.0652,ok,0.0100
1255,372.4010,0.0604,ok,0.0130
1256,372.6007,0.0673,ok,0.0105
1257,372.8005,0.0812,ok,0.0123
1258,373.0021,0.0820,ok,0.0097
1259,373.2005,0.0734,ok,0.0133
1260,373.4002,0.0790,ok,0.0110
1261,373.8008,0.0618,ok,0.0131
1262,374.0010,0.0770,ok,0.0111
1263,374.4005,0.0582,ok,0.0129
1264,374.8013,0.0802,ok,0.0133
1265,375.0018,0.0780,ok,0.0118
1266,375.2011,0.0310,ok,0.0135
1267,375.4005,0.0672,ok,0.0104
1268,375.6010,0.0856,ok,0.0101
1269,375.8009,0.0661,ok,0.0109
1270,376.2005,0.0820,ok,0.0133
1271,376.4019,0.0824,ok,0.0099
1272,376.6006,0.1031,ok,0.0103
1273,376.8009,0.0878,ok,0.0106
1274,377.2513,0.0620,ok,0.0112
1275,377.5007,0.0566,ok,0.0127
1276,377.7507,0.0717,ok,0.0102
1277,378.0007,0.0840,ok,0.0133
1278,378.2510,0.0565,ok,0.0106
1279,378.5010,0.0745,ok,0.0135
1280,378.7519,0.0612,ok,0.0107
1281,379.0005,0.0644,ok,0.0139
1282,379.2502,0.0634,ok,0.0114
1283,379.7513,0.0671,ok,0.0139
1284,380.0008,0.0647,ok,0.0133
1285,380.2509,0.0714,ok,0.0136
1286,380.5006,0.0821,ok,0.0101
1287,380.7511,0.0729,ok,0.0136
1288,381.0003,0.0547,ok,0.0104
1289,381.2504,0.0842,ok,0.0141
1290,381.5010,0.0808,ok,0.0098
1291,381.7511,0.0777,ok,0.0137
1292,382.0013,0.0697,ok,0.0135
1293,382.3335,0.0508,ok,0.0162
1294,382.6678,0.0702,ok,0.0120
1295,383.0003,0.0556,ok,0.0114
1296,383.3334,0.0906,ok,0.0124
1297,383.6675,0.0837,ok,0.0137
1298,384.0007,0.0726,ok,0.0114
1299,384.3336,0.0837,ok,0.0139
1300,384.6679,0.0636,ok,0.0136
1301,385.3345,0.0760,ok,0.0138
1302,385.6680,0.0762,ok,0.0135
1303,386.0008,0.0986,ok,0.0128
1304,386.3339,0.0636,ok,0.0134
1305,386.6680,0.0786,ok,0.0129
1306,387.0011,0.0873,ok,0.0106
1307,388.0007,0.0455,ok,0.0140
1308,388.5009,0.0992,ok,0.0138
1309,389.0008,0.0936,ok,0.0139
1310,390.0016,0.0761,ok,0.0136
1311,391.0019,0.0776,ok,0.0135
1312,391.5013,0.0901,ok,0.0137
1313,392.5016,0.0674,ok,0.0146
1314,395.0027,0.0748,ok,0.0156
1315,396.0018,0.0772,ok,0.0132
1316,397.0012,0.0872,ok,0.0135
1317,398.0016,0.0678,ok,0.0132
1318,399.0016,0.0509,ok,0.0135
1319,400.0028,0.0781,ok,0.0143
1320,403.0031,0.0872,ok,0.0140
1321,405.0017,0.0622,ok,0.0140
1322,406.0011,0.0745,ok,0.0135
1323,407.0018,0.1018,ok,0.0147
1324,408.0019,0.0560,ok,0.0129
1325,409.0012,0.0868,ok,0.0132
1326,410.0012,0.0867,ok,0.0137
1327,411.0012,0.0659,ok,0.0128
1328,412.0013,0.0883,ok,0.0136
1329,413.0018,0.0604,ok,0.0133
1330,415.0024,0.0793,ok,0.0138
1331,416.0019,0.0694,ok,0.0133
1332,417.0015,0.0614,ok,0.0129
1333,417.5015,0.0649,ok,0.0116
1334,418.5016,0.0805,ok,0.0130
1335,419.0008,0.0605,ok,0.0134
1336,420.0007,0.0673,ok,0.0133
1337,420.6679,0.0830,ok,0.0141
1338,421.0004,0.0726,ok,0.0135
1339,421.3335,0.0943,ok,0.0133
1340,421.6682,0.1116,ok,0.0099
1341,422.0012,0.0544,ok,0.0133
1342,422.2510,0.0765,ok,0.0103
1343,422.5008,0.0977,ok,0.0108
1344,422.7508,0.0737,ok,0.0105
1345,423.0008,0.0797,ok,0.0098
1346,423.5012,0.0433,ok,0.0119
1347,423.7521,0.0842,ok,0.0138
1348,424.0007,0.0845,ok,0.0107
1349,424.4007,0.0762,ok,0.0136
1350,424.6011,0.1063,ok,0.0103
1351,424.8006,0.0418,ok,0.0135
1352,425.0007,0.0522,ok,0.0131
1353,425.2004,0.0860,ok,0.0159
1354,425.4007,0.0807,ok,0.0116
1355,425.8009,0.0849,ok,0.0129
1356,426.0011,0.0529,ok,0.0097
1357,426.2002,0.0606,ok,0.0098
1358,426.8016,0.0669,ok,0.0137
1359,427.0009,0.0440,ok,0.0108
1360,427.1681,0.0660,ok,0.0101
1361,427.3334,0.0491,ok,0.0130
1362,427.5018,0.0856,ok,0.0099
1363,427.6676,0.0749,ok,0.0096
1364,427.8338,0.0922,ok,0.0107
1365,428.0002,0.0836,ok,0.0095
1366,428.1680,0.0691,ok,0.0091
1367,428.3333,0.0619,ok,0.0114
1368,428.6676,0.0346,ok,0.0128
1369,428.8335,0.0532,ok,0.0122
1370,429.0010,0.0669,ok,0.0101
1371,429.1431,0.0498,ok,0.0100
1372,429.2861,0.0741,ok,0.0112
1373,429.4295,0.0798,ok,0.0105
1374,429.5714,0.0669,ok,0.0103
1375,429.8577,0.0539,ok,0.0147
1376,430.0009,0.0818,ok,0.0094
1377,430.1439,0.0825,ok,0.0097
1378,430.2867,0.0838,ok,0.0114
1379,430.5719,0.0781,ok,0.0105
1380,430.7143,0.0712,ok,0.0130
1381,430.8587,0.0912,ok,0.0110
1382,431.0002,0.0601,ok,0.0095
1383,431.1434,0.0559,ok,0.0101
1384,431.2875,0.0830,ok,0.0106
1385,431.4307,0.0860,ok,0.0104
1386,431.5718,0.0643,ok,0.0090
1387,431.7143,0.0942,ok,0.0133
1388,432.2510,0.0430,ok,0.0131
1389,432.3752,0.0698,ok,0.0099
1390,432.5002,0.0571,ok,0.0096
1391,432.6254,0.0353,ok,0.0096
1392,432.7509,0.0584,ok,0.0130
1393,432.8754,0.0392,ok,0.0104
1394,433.0009,0.0605,ok,0.0101
1395,433.1256,0.0698,ok,0.0100
1396,433.3757,0.0687,ok,0.0124
1397,433.6258,0.0632,ok,0.0111
1398,433.7503,0.0603,ok,0.0132
1399,433.8759,0.0788,ok,0.0111
1400,434.0009,0.0634,ok,0.0101
1401,434.1114,0.0638,ok,0.0102
1402,434.2225,0.0572,ok,0.0136
1403,434.3341,0.0848,ok,0.0110
1404,434.4441,0.0383,ok,0.0108
1405,434.5568,0.0688,ok,0.0107
1406,434.6679,0.0623,ok,0.0102
1407,434.7784,0.0796,ok,0.0113
1408,434.8893,0.0853,ok,0.0127
1409,435.0020,0.0757,ok,0.0110
1410,435.1119,0.0482,ok,0.0099
1411,435.2224,0.0377,ok,0.0142
1412,435.3334,0.0794,ok,0.0115
1413,435.4451,0.0811,ok,0.0102
1414,435.5564,0.0891,ok,0.0105
1415,435.6677,0.0478,ok,0.0168
1416,435.7789,0.1005,ok,0.0109
1417,435.8897,0.0781,ok,0.0101
1418,436.0010,0.0554,ok,0.0107
1419,436.1007,0.0746,ok,0.0093
1420,436.2006,0.0839,ok,0.0119
1421,436.3008,0.0840,ok,0.0103
1422,436.4010,0.0796,ok,0.0102
1423,436.5009,0.0465,ok,0.0100
1424,436.6006,0.0686,ok,0.0104
1425,436.7005,0.0464,ok,0.0098
1426,436.8002,0.0547,ok,0.0115
1427,436.9003,0.0638,ok,0.0133
1428,437.0015,0.0687,ok,0.0103
1429,437.1114,0.0827,ok,0.0102
1430,437.2224,0.0797,ok,0.0099
1431,437.3334,0.0760,ok,0.0098
1432,437.4446,0.0758,ok,0.0114
1433,437.5577,0.0828,ok,0.0108
1434,437.6678,0.0634,ok,0.0098
1435,437.7785,0.0623,ok,0.0101
1436,437.8900,0.0510,ok,0.0130
1437,438.0013,0.0798,ok,0.0109
1438,438.1114,0.0715,ok,0.0103
1439,438.4444,0.0627,ok,0.0132
1440,438.5563,0.0758,ok,0.0111
1441,438.6673,0.0889,ok,0.0103
1442,438.7783,0.0717,ok,0.0101
1443,438.8891,0.0453,ok,0.0101
1444,439.0007,0.0810,ok,0.0121
1445,439.1261,0.0519,ok,0.0104
1446,439.2512,0.0547,ok,0.0103
1447,439.5012,0.0649,ok,0.0097
1448,439.6265,0.0825,ok,0.0139
1449,439.7503,0.0703,ok,0.0105
1450,439.8759,0.0622,ok,0.0138
1451,440.0004,0.0611,ok,0.0106
1452,440.2510,0.0527,ok,0.0136
1453,440.3770,0.0230,ok,0.0093
1454,440.5003,0.0682,ok,0.0092
1455,440.6259,0.0570,ok,0.0164
1456,440.7512,0.0461,ok,0.0111
1457,440.8755,0.0676,ok,0.0108
1458,441.0003,0.0727,ok,0.0097
1459,441.1434,0.0571,ok,0.0134
1460,441.2869,0.0782,ok,0.0109
1461,441.5725,0.1042,ok,0.0100
1462,441.7151,0.0511,ok,0.0130
1463,442.0008,0.0837,ok,0.0133
1464,442.1448,0.0942,ok,0.0104
1465,442.2863,0.0966,ok,0.0105
1466,442.4292,0.0605,ok,0.0116
1467,442.5720,0.0431,ok,0.0109
1468,442.7143,0.0831,ok,0.0108
1469,443.0009,0.0907,ok,0.0106
1470,443.3341,0.0838,ok,0.0120
1471,443.6674,0.0700,ok,0.0137
1472,443.8337,0.0738,ok,0.0111
1473,444.1681,0.0573,ok,0.0134
1474,444.3338,0.0599,ok,0.0106
1475,444.5010,0.0577,ok,0.0100
1476,444.6682,0.0357,ok,0.0135
1477,445.0015,0.0875,ok,0.0139
1478,445.4007,0.0617,ok,0.0131
1479,446.0012,0.0805,ok,0.0135
1480,446.2021,0.0562,ok,0.0103
1481,446.4017,0.0646,ok,0.0126
1482,446.6017,0.0425,ok,0.0105
1483,446.8006,0.0556,ok,0.0132
1484,447.5012,0.1101,ok,0.0134
1485,447.7507,0.0792,ok,0.0136
1486,448.0004,0.0734,ok,0.0104
1487,448.2512,0.0772,ok,0.0131
1488,448.5008,0.0749,ok,0.0107
1489,449.0014,0.0495,ok,0.0134
1490,449.2504,0.0700,ok,0.0136
1491,449.5008,0.0983,ok,0.0103
1492,449.7506,0.0778,ok,0.0140
1493,450.0009,0.0964,ok,0.0138
1494,450.6693,0.0807,ok,0.0140
1495,451.0005,0.0653,ok,0.0154
1496,451.3354,0.0616,ok,0.0130
1497,451.6679,0.0536,ok,0.0144
1498,452.0011,0.0764,ok,0.0122
1499,452.5012,0.0697,ok,0.0135
1500,453.5011,0.1003,ok,0.0127
1501,455.0021,0.0448,ok,0.0136
1502,462.0026,0.0830,ok,0.0157
1503,464.0028,0.0699,ok,0.0136
1504,465.0020,0.0924,ok,0.0143
1505,466.0016,0.0992,ok,0.0142
1506,467.0020,0.0697,ok,0.0132
1507,467.5014,0.1010,ok,0.0137
1508,468.0012,0.0479,ok,0.0133
1509,468.5009,0.0645,ok,0.0142
1510,469.0012,0.0681,ok,0.0135
1511,469.3339,0.0826,ok,0.0140
1512,469.6681,0.0740,ok,0.0134
1513,470.0007,0.0509,ok,0.0129
1514,470.3342,0.0707,ok,0.0146
1515,470.6675,0.0578,ok,0.0138
1516,471.0009,0.1167,ok,0.0111
1517,471.3340,0.0372,ok,0.0135
1518,472.0011,0.0838,ok,0.0136
1519,472.3335,0.0605,ok,0.0135
1520,472.6676,0.0633,ok,0.0132
1521,473.0005,0.0506,ok,0.0112
1522,473.2506,0.0387,ok,0.0133
1523,473.5008,0.0441,ok,0.0107
1524,473.7515,0.1055,ok,0.0136
1525,474.0013,0.0554,ok,0.0110
1526,474.2512,0.0961,ok,0.0133
1527,474.5007,0.0768,ok,0.0109
1528,474.7510,0.0780,ok,0.0137
1529,475.0005,0.0783,ok,0.0143
1530,475.2512,0.0715,ok,0.0134
1531,475.5012,0.0676,ok,0.0109
1532,475.7513,0.0811,ok,0.0137
1533,476.0008,0.0982,ok,0.0103
1534,476.2003,0.0637,ok,0.0100
1535,476.4004,0.0697,ok,0.0133
1536,476.6005,0.0755,ok,0.0110
1537,476.8004,0.0773,ok,0.0147
1538,477.0011,0.0753,ok,0.0109
1539,477.2007,0.0518,ok,0.0107
1540,477.4009,0.0599,ok,0.0103
1541,477.6011,0.0800,ok,0.0127
1542,477.8013,0.0698,ok,0.0114
1543,478.0005,0.0788,ok,0.0133
1544,478.2007,0.0286,ok,0.0105
1545,478.4008,0.0817,ok,0.0112
1546,478.6019,0.0721,ok,0.0128
1547,478.8004,0.0725,ok,0.0114
1548,479.0012,0.0959,ok,0.0132
1549,479.2015,0.0969,ok,0.0116
1550,479.4007,0.0928,ok,0.0105
1551,479.6007,0.0747,ok,0.0123
1552,479.8006,0.0759,ok,0.0114
1553,480.0009,0.0856,ok,0.0191
1554,480.2008,0.0708,ok,0.0109
1555,480.4008,0.0674,ok,0.0104
1556,480.8008,0.0702,ok,0.0141
1557,481.0004,0.0487,ok,0.0126
1558,481.2005,0.0665,ok,0.0105
1559,481.4004,0.0513,ok,0.0121
1560,481.6011,0.0560,ok,0.0102
1561,481.8016,0.0641,ok,0.0140
1562,482.0010,0.0862,ok,0.0106
1563,482.2005,0.0702,ok,0.0103
1564,482.4009,0.0865,ok,0.0098
1565,483.0013,0.0665,ok,0.0131
1566,483.2011,0.0373,ok,0.0100
1567,483.4007,0.0589,ok,0.0097
1568,483.6008,0.0748,ok,0.0100
1569,483.8010,0.0871,ok,0.0119
1570,484.0004,0.0484,ok,0.0105
1571,484.2513,0.0436,ok,0.0135
1572,484.5023,0.0577,ok,0.0103
1573,485.0007,0.0834,ok,0.0130
1574,485.2506,0.0746,ok,0.0135
1575,485.5016,0.0330,ok,0.0103
1576,485.7511,0.0714,ok,0.0135
1577,486.0010,0.1032,ok,0.0111
1578,486.2505,0.0615,ok,0.0128
1579,486.5004,0.0841,ok,0.0104
1580,487.3346,0.0900,ok,0.0134
1581,488.3348,0.0575,ok,0.0136
1582,488.6680,0.0869,ok,0.0134
1583,489.3338,0.1099,ok,0.0131
1584,489.6683,0.0724,ok,0.0129
1585,490.0013,0.0650,ok,0.0133
1586,490.3349,0.0447,ok,0.0131
1587,491.0015,0.0494,ok,0.0133
1588,491.5008,0.0599,ok,0.0131
1589,492.0014,0.0450,ok,0.0131
1590,492.5012,0.0784,ok,0.0127
1591,493.0013,0.0572,ok,0.0132
1592,493.5014,0.0685,ok,0.0134
1593,494.0006,0.0622,ok,0.0136
1594,494.5016,0.0617,ok,0.0133
1595,495.0011,0.0760,ok,0.0135
1596,496.0013,0.0744,ok,0.0134
1597,505.0048,0.0952,ok,0.0157
1598,506.0012,0.0822,ok,0.0132
1599,507.0016,0.0816,ok,0.0128
1600,508.5019,0.0444,ok,0.0143
1601,509.0010,0.0910,ok,0.0150
1602,509.5007,0.0463,ok,0.0135
1603,510.0008,0.0560,ok,0.0138
1604,510.5015,0.0677,ok,0.0138
1605,511.0010,0.0890,ok,0.0135
1606,511.6679,0.0931,ok,0.0137
1607,512.0014,0.0748,ok,0.0117
1608,513.0014,0.0553,ok,0.0130
1609,513.6686,0.0652,ok,0.0139
1610,514.5019,0.0754,ok,0.0146
1611,514.7506,0.0691,ok,0.0128
1612,515.2514,0.0803,ok,0.0131
1613,515.5011,0.0755,ok,0.0104
1614,515.7511,0.0735,ok,0.0124
1615,516.0011,0.0600,ok,0.0109
1616,516.2505,0.0721,ok,0.0125
1617,516.5009,0.0436,ok,0.0102
1618,517.0012,0.0743,ok,0.0134
1619,517.2009,0.0761,ok,0.0134
1620,517.4004,0.0579,ok,0.0101
1621,517.6015,0.0813,ok,0.0098
1622,518.0014,0.0721,ok,0.0128
1623,518.6015,0.0761,ok,0.0128
1624,518.8009,0.0743,ok,0.0131
1625,519.2008,0.0739,ok,0.0144
1626,519.4011,0.1193,ok,0.0109
1627,519.6007,0.0739,ok,0.0107
1628,519.8010,0.0725,ok,0.0122
1629,520.0008,0.0793,ok,0.0118
1630,520.2005,0.0659,ok,0.0127
1631,520.4017,0.0702,ok,0.0105
1632,520.6002,0.0779,ok,0.0103
1633,520.8003,0.0666,ok,0.0117
1634,521.0003,0.0770,ok,0.0112
1635,521.1678,0.0548,ok,0.0154
1636,521.3340,0.0470,ok,0.0103
1637,521.5013,0.0636,ok,0.0098
1638,521.6674,0.0906,ok,0.0134
1639,521.8334,0.0512,ok,0.0113
1640,522.1681,0.0703,ok,0.0141
1641,522.3338,0.0917,ok,0.0105
1642,522.5009,0.0873,ok,0.0106
1643,522.6675,0.0748,ok,0.0137
1644,522.8336,0.0904,ok,0.0103
1645,523.1676,0.0495,ok,0.0132
1646,523.3334,0.0484,ok,0.0106
1647,523.5022,0.0513,ok,0.0103
1648,523.6679,0.0780,ok,0.0142
1649,523.8343,0.0797,ok,0.0121
1650,524.0003,0.0662,ok,0.0107
1651,524.4302,0.0679,ok,0.0130
1652,524.5714,0.0665,ok,0.0117
1653,524.7143,0.0465,ok,0.0134
1654,524.8583,0.0800,ok,0.0161
1655,525.2879,0.0882,ok,0.0132
1656,525.4294,0.0717,ok,0.0105
1657,525.5714,0.0703,ok,0.0102
1658,525.7151,0.0713,ok,0.0111
1659,526.0008,0.0933,ok,0.0122
1660,526.1434,0.0787,ok,0.0130
1661,526.2865,0.0827,ok,0.0105
1662,526.4295,0.0669,ok,0.0102
1663,526.5717,0.0750,ok,0.0106
1664,526.7150,0.0817,ok,0.0147
1665,526.8581,0.0644,ok,0.0110
1666,527.0008,0.0518,ok,0.0107
1667,527.1439,0.0597,ok,0.0102
1668,527.2870,0.0648,ok,0.0126
1669,527.5723,0.0753,ok,0.0106
1670,527.7159,0.0520,ok,0.0126
1671,527.8581,0.0467,ok,0.0100
1672,528.0010,0.0927,ok,0.0094
1673,528.1438,0.0468,ok,0.0099
1674,528.2870,0.0801,ok,0.0128
1675,528.4294,0.0611,ok,0.0106
1676,528.5718,0.0457,ok,0.0105
1677,528.8580,0.0884,ok,0.0133
1678,529.0008,0.1028,ok,0.0105
1679,529.1438,0.0390,ok,0.0098
1680,529.4302,0.0689,ok,0.0122
1681,529.5724,0.0887,ok,0.0100
1682,529.7144,0.0698,ok,0.0132
1683,529.8576,0.0447,ok,0.0163
1684,530.0007,0.0704,ok,0.0104
1685,530.1444,0.0725,ok,0.0096
1686,530.2862,0.0619,ok,0.0117
1687,530.4294,0.0812,ok,0.0106
1688,530.5718,0.0636,ok,0.0098
1689,530.7147,0.0943,ok,0.0134
1690,530.8572,0.0686,ok,0.0105
1691,531.0010,0.0699,ok,0.0101
1692,531.1261,0.0680,ok,0.0098
1693,531.2504,0.0730,ok,0.0115
1694,531.3766,0.0748,ok,0.0101
1695,531.6267,0.1117,ok,0.0113
1696,531.7507,0.0372,ok,0.0111
1697,531.8761,0.0953,ok,0.0109
1698,532.0006,0.0797,ok,0.0107
1699,532.1256,0.0784,ok,0.0162
1700,532.2503,0.0780,ok,0.0103
1701,532.3754,0.0851,ok,0.0097
1702,532.6259,0.1146,ok,0.0188
1703,532.7508,0.0692,ok,0.0109
1704,532.8753,0.0778,ok,0.0104
1705,533.1254,0.0485,ok,0.0111
1706,533.2502,0.0841,ok,0.0119
1707,533.3756,0.0501,ok,0.0102
1708,533.5010,0.0856,ok,0.0102
1709,533.6259,0.0701,ok,0.0125
1710,533.8753,0.0867,ok,0.0115
1711,534.0003,0.0754,ok,0.0104
1712,534.1259,0.0557,ok,0.0096
1713,534.2509,0.0682,ok,0.0115
1714,534.3754,0.0626,ok,0.0105
1715,534.6254,0.0622,ok,0.0099
1716,534.7509,0.0749,ok,0.0117
1717,534.8761,0.0588,ok,0.0137
1718,535.1254,0.0652,ok,0.0218
1719,535.2509,0.0607,ok,0.0112
1720,535.5010,0.0486,ok,0.0104
1721,535.6260,0.0576,ok,0.0170
1722,535.7519,0.0895,ok,0.0110
1723,535.8757,0.0883,ok,0.0111
1724,536.0011,0.0719,ok,0.0107
1725,536.1262,0.1113,ok,0.0104
1726,536.2519,0.0757,ok,0.0125
1727,536.3759,0.0641,ok,0.0104
1728,536.5003,0.0481,ok,0.0098
1729,536.7509,0.0933,ok,0.0134
1730,536.8755,0.0424,ok,0.0102
1731,537.0011,0.0855,ok,0.0098
1732,537.1259,0.0659,ok,0.0102
1733,537.2520,0.0789,ok,0.0093
1734,537.3761,0.0291,ok,0.0138
1735,537.6257,0.0600,ok,0.0130
1736,537.7509,0.0874,ok,0.0107
1737,537.8756,0.0930,ok,0.0180
1738,538.1131,0.1057,ok,0.0115
1739,538.2231,0.0900,ok,0.0099
1740,538.3333,0.0791,ok,0.0098
1741,538.4447,0.0932,ok,0.0117
1742,538.5572,0.0667,ok,0.0096
1743,538.6672,0.0707,ok,0.0093
1744,538.8902,0.0672,ok,0.0097
1745,539.0007,0.0652,ok,0.0116
1746,539.1112,0.0437,ok,0.0102
1747,539.2232,0.0546,ok,0.0102
1748,539.3340,0.0520,ok,0.0105
1749,539.4443,0.0593,ok,0.0100
1750,539.6680,0.0885,ok,0.0121
1751,539.7787,0.0692,ok,0.0107
1752,539.8892,0.0733,ok,0.0139
1753,540.0009,0.0572,ok,0.0123
1754,540.1114,0.0616,ok,0.0113
1755,540.2223,0.0781,ok,0.0102
1756,540.3337,0.0621,ok,0.0100
1757,540.4450,0.0420,ok,0.0098
1758,540.5563,0.0806,ok,0.0135
1759,540.6672,0.0425,ok,0.0102
1760,540.7790,0.0539,ok,0.0108
1761,541.0013,0.0693,ok,0.0129
1762,541.1120,0.0729,ok,0.0111
1763,541.2231,0.0919,ok,0.0103
1764,541.3342,0.0685,ok,0.0102
1765,541.4448,0.1002,ok,0.0093
1766,541.6673,0.0893,ok,0.0109
1767,541.7787,0.0547,ok,0.0102
1768,541.8896,0.0893,ok,0.0104
1769,542.0012,0.0739,ok,0.0126
1770,542.1124,0.0712,ok,0.0097
1771,542.2228,0.0797,ok,0.0091
1772,542.3337,0.0448,ok,0.0098
1773,542.4448,0.0794,ok,0.0102
1774,542.5565,0.0685,ok,0.0116
1775,542.8895,0.0528,ok,0.0115
1776,543.0006,0.0619,ok,0.0130
1777,543.1118,0.0529,ok,0.0099
1778,543.2231,0.0494,ok,0.0096
1779,543.3337,0.0813,ok,0.0090
1780,543.4443,0.0649,ok,0.0096
1781,543.6676,0.0773,ok,0.0099
1782,543.8903,0.0837,ok,0.0134
1783,544.0013,0.0530,ok,0.0103
1784,544.1116,0.0824,ok,0.0100
1785,544.2222,0.0661,ok,0.0108
1786,544.4447,0.0541,ok,0.0137
1787,544.5571,0.0698,ok,0.0100
1788,544.6672,0.0544,ok,0.0100
1789,544.7789,0.0839,ok,0.0097
1790,544.8899,0.1072,ok,0.0119
1791,545.0003,0.0705,ok,0.0105
1792,545.1010,0.0856,ok,0.0104
1793,545.2008,0.0779,ok,0.0105
1794,545.5011,0.0805,ok,0.0134
1795,545.6008,0.0592,ok,0.0101
1796,545.8003,0.0891,ok,0.0104
1797,545.9005,0.0727,ok,0.0113
1798,546.0005,0.0675,ok,0.0108
1799,546.1113,0.0811,ok,0.0104
1800,546.2226,0.0361,ok,0.0105
1801,546.3340,0.0609,ok,0.0105
1802,546.4451,0.0636,ok,0.0118
1803,546.5569,0.0550,ok,0.0105
1804,546.6672,0.0828,ok,0.0104
1805,546.7783,0.0658,ok,0.0106
1806,546.8893,0.0806,ok,0.0117
1807,547.2224,0.0775,ok,0.0114
1808,547.4452,0.0858,ok,0.0139
1809,547.8898,0.0560,ok,0.0136
1810,548.0011,0.0467,ok,0.0099
1811,548.1261,0.0654,ok,0.0099
1812,548.2518,0.0793,ok,0.0100
1813,548.3753,0.0357,ok,0.0112
1814,548.5003,0.0441,ok,0.0104
1815,548.6257,0.0648,ok,0.0098
1816,548.7508,0.0431,ok,0.0093
1817,548.8761,0.0791,ok,0.0130
1818,549.0004,0.0931,ok,0.0098
1819,549.1257,0.0717,ok,0.0099
1820,549.2505,0.0916,ok,0.0098
1821,549.3754,0.0768,ok,0.0109
1822,549.6255,0.0865,ok,0.0108
1823,549.7503,0.1047,ok,0.0097
1824,550.0004,0.0988,ok,0.0131
1825,550.1435,0.0631,ok,0.0103
1826,550.2870,0.0547,ok,0.0136
1827,550.4301,0.0594,ok,0.0100
1828,550.5718,0.0556,ok,0.0097
1829,550.7157,0.0628,ok,0.0102
1830,550.8578,0.0770,ok,0.0109
1831,551.4305,0.0653,ok,0.0137
1832,551.7152,0.0814,ok,0.0105
1833,551.8580,0.0639,ok,0.0120
1834,552.0003,0.0582,ok,0.0109
1835,552.1677,0.0718,ok,0.0102
1836,552.8344,0.0606,ok,0.0135
1837,553.0003,0.0610,ok,0.0102
1838,553.3338,0.0491,ok,0.0127
1839,553.5003,0.0578,ok,0.0106
1840,553.6673,0.0926,ok,0.0116
1841,553.8332,0.0727,ok,0.0130
1842,554.0003,0.0894,ok,0.0107
1843,554.4012,0.0646,ok,0.0129
1844,554.6012,0.0696,ok,0.0112
1845,554.8003,0.0793,ok,0.0135
1846,555.0011,0.0649,ok,0.0114
1847,555.2013,0.0792,ok,0.0098
1848,555.4008,0.0668,ok,0.0113
1849,555.6008,0.0812,ok,0.0103
1850,555.8013,0.0625,ok,0.0138
1851,556.0003,0.1085,ok,0.0126
1852,556.2523,0.0464,ok,0.0131
1853,556.5011,0.0666,ok,0.0099
1854,556.7511,0.1017,ok,0.0110
1855,557.0012,0.0790,ok,0.0133
1856,557.2506,0.0546,ok,0.0103
1857,557.5007,0.1034,ok,0.0131
1858,557.7504,0.0939,ok,0.0106
1859,558.0007,0.0651,ok,0.0134
1860,558.2511,0.0760,ok,0.0099
1861,558.5004,0.0628,ok,0.0105
1862,558.7506,0.0929,ok,0.0114
1863,559.0008,0.0724,ok,0.0143
1864,559.3337,0.0767,ok,0.0108
1865,559.6678,0.0702,ok,0.0139
1866,560.0006,0.0507,ok,0.0128
1867,560.3339,0.0775,ok,0.0135
1868,561.0013,0.0535,ok,0.0125
1869,561.5015,0.0891,ok,0.0142
1870,562.0024,0.0654,ok,0.0133
1871,562.5015,0.0677,ok,0.0126
1872,563.0008,0.0682,ok,0.0100
1873,564.0013,0.0802,ok,0.0131
1874,615.0115,0.0947,ok,0.0210
1875,616.0014,0.0650,ok,0.0140
1876,616.5010,0.0766,ok,0.0124
1877,617.0013,0.0852,ok,0.0146
1878,617.5024,0.0657,ok,0.0155
1879,618.0010,0.0635,ok,0.0150
1880,618.5013,0.0778,ok,0.0137
1881,619.0009,0.1199,ok,0.0139
1882,619.6686,0.0841,ok,0.0138
1883,620.3346,0.0827,ok,0.0139
1884,621.0011,0.0712,ok,0.0132
1885,621.3339,0.0670,ok,0.0137
1886,621.6675,0.0737,ok,0.0109
1887,622.0006,0.0641,ok,0.0121
1888,622.2510,0.0676,ok,0.0103
1889,622.5010,0.0693,ok,0.0125
1890,622.7507,0.0642,ok,0.0104
1891,623.0003,0.0730,ok,0.0168
1892,623.2506,0.0666,ok,0.0112
1893,623.7509,0.1145,ok,0.0135
1894,624.0007,0.0878,ok,0.0109
1895,624.2509,0.0596,ok,0.0121
1896,624.5009,0.0868,ok,0.0111
1897,624.7511,0.1197,ok,0.0121
1898,625.0012,0.0826,ok,0.0135
1899,625.2012,0.0471,ok,0.0122
1900,625.4007,0.0724,ok,0.0110
1901,625.6006,0.0944,ok,0.0132
1902,625.8005,0.0738,ok,0.0109
1903,626.2008,0.0568,ok,0.0109
1904,626.4020,0.0964,ok,0.0134
1905,626.6008,0.0871,ok,0.0103
1906,626.8012,0.0618,ok,0.0098
1907,627.0004,0.0562,ok,0.0140
1908,627.1679,0.0702,ok,0.0104
1909,627.3333,0.0998,ok,0.0101
1910,627.5014,0.0672,ok,0.0121
1911,627.6680,0.0789,ok,0.0096
1912,627.8351,0.0743,ok,0.0097
1913,628.0008,0.0908,ok,0.0147
1914,628.1680,0.0779,ok,0.0104
1915,628.3342,0.0620,ok,0.0098
1916,628.5016,0.0693,ok,0.0127
1917,628.6673,0.0510,ok,0.0111
1918,628.8336,0.0759,ok,0.0098
1919,629.0009,0.0608,ok,0.0117
1920,629.1680,0.0585,ok,0.0110
1921,629.3338,0.0691,ok,0.0107
1922,629.5003,0.0703,ok,0.0125
1923,629.6679,0.0975,ok,0.0115
1924,629.8336,0.0650,ok,0.0111
1925,630.1441,0.0648,ok,0.0131
1926,630.2871,0.0782,ok,0.0105
1927,630.4296,0.0665,ok,0.0111
1928,630.7146,0.0870,ok,0.0117
1929,631.1442,0.0545,ok,0.0138
1930,631.2870,0.0515,ok,0.0103
1931,631.4298,0.0748,ok,0.0100
1932,631.5728,0.0601,ok,0.0110
1933,631.7142,0.0700,ok,0.0100
1934,631.8574,0.0660,ok,0.0106
1935,632.0008,0.0649,ok,0.0129
1936,632.1439,0.0329,ok,0.0101
1937,632.4304,0.0478,ok,0.0198
1938,632.5717,0.0446,ok,0.0109
1939,632.7146,0.0921,ok,0.0106
1940,632.8581,0.0797,ok,0.0103
1941,633.0010,0.0388,ok,0.0115
1942,633.1452,0.0840,ok,0.0103
1943,633.2864,0.0590,ok,0.0100
1944,633.4298,0.0794,ok,0.0221
1945,633.5716,0.0917,ok,0.0114
1946,633.7145,0.0777,ok,0.0103
1947,634.0017,0.0817,ok,0.0128
1948,634.1437,0.0724,ok,0.0105
1949,634.4296,0.0839,ok,0.0138
1950,634.5718,0.0829,ok,0.0106
1951,634.7150,0.0792,ok,0.0101
1952,634.8574,0.0763,ok,0.0107
1953,635.0020,0.0737,ok,0.0165
1954,635.1441,0.0679,ok,0.0110
1955,635.2863,0.0935,ok,0.0105
1956,635.4300,0.0841,ok,0.0103
1957,635.5713,0.0415,ok,0.0111
1958,635.7150,0.0933,ok,0.0099
1959,635.8575,0.0557,ok,0.0096
1960,636.0015,0.0698,ok,0.0135
1961,636.1445,0.0568,ok,0.0111
1962,636.2865,0.0485,ok,0.0102
1963,636.4292,0.0504,ok,0.0102
1964,636.5719,0.0692,ok,0.0124
1965,636.7144,0.0701,ok,0.0098
1966,636.8577,0.0731,ok,0.0099
1967,637.1443,0.0869,ok,0.0131
1968,637.2864,0.0537,ok,0.0106
1969,637.4294,0.0287,ok,0.0105
1970,637.5714,0.0801,ok,0.0124
1971,637.7148,0.0872,ok,0.0102
1972,637.8573,0.0872,ok,0.0102
1973,638.0009,0.0610,ok,0.0136
1974,638.1432,0.0548,ok,0.0105
1975,638.2863,0.0611,ok,0.0102
1976,638.4297,0.0633,ok,0.0249
1977,638.5713,0.0740,ok,0.0111
1978,638.7146,0.0499,ok,0.0101
1979,638.8578,0.0502,ok,0.0105
1980,639.0004,0.0587,ok,0.0132
1981,639.1434,0.0847,ok,0.0106
1982,639.2864,0.0626,ok,0.0103
1983,639.4294,0.0854,ok,0.0167
1984,639.5721,0.0809,ok,0.0102
1985,640.0017,0.0817,ok,0.0140
1986,640.1437,0.0671,ok,0.0101
1987,640.2871,0.0820,ok,0.0096
1988,640.4293,0.0825,ok,0.0102
1989,640.5721,0.0762,ok,0.0118
1990,640.7146,0.0712,ok,0.0112
1991,640.8591,0.0564,ok,0.0105
1992,641.0009,0.0526,ok,0.0132
1993,641.1439,0.0924,ok,0.0105
1994,641.4296,0.0923,ok,0.0103
1995,641.5721,0.0419,ok,0.0114
1996,641.7144,0.0607,ok,0.0101
1997,641.8573,0.0618,ok,0.0112
1998,642.0005,0.0623,ok,0.0137
1999,642.2873,0.0422,ok,0.0101
2000,642.4297,0.0454,ok,0.0102
2001,642.5714,0.0606,ok,0.0115
2002,643.0007,0.0799,ok,0.0135
2003,643.1439,0.0907,ok,0.0105
2004,643.2878,0.0467,ok,0.0100
2005,643.4299,0.0815,ok,0.0120
2006,643.7148,0.0621,ok,0.0114
2007,643.8572,0.0702,ok,0.0102
2008,644.1680,0.0891,ok,0.0134
2009,644.3334,0.1017,ok,0.0108
2010,644.5005,0.0727,ok,0.0131
2011,644.6675,0.0540,ok,0.0110
2012,644.8338,0.0861,ok,0.0105
2013,645.0013,0.0790,ok,0.0148
2014,645.1689,0.0696,ok,0.0111
2015,645.3337,0.0815,ok,0.0106
2016,645.5006,0.0992,ok,0.0144
2017,645.6681,0.0955,ok,0.0105
2018,645.8339,0.0689,ok,0.0106
2019,646.0012,0.0828,ok,0.0137
2020,646.1673,0.0701,ok,0.0101
2021,646.3337,0.0856,ok,0.0100
2022,646.5007,0.0697,ok,0.0132
2023,646.6679,0.0472,ok,0.0104
2024,646.8344,0.0742,ok,0.0111
2025,647.1682,0.0838,ok,0.0135
2026,647.3333,0.0789,ok,0.0108
2027,647.5006,0.0573,ok,0.0133
2028,647.6672,0.0644,ok,0.0105
2029,647.8339,0.0719,ok,0.0103
2030,648.0012,0.0948,ok,0.0135
2031,648.1683,0.0716,ok,0.0101
2032,648.3332,0.0619,ok,0.0097
2033,648.5004,0.0530,ok,0.0140
2034,648.6678,0.0960,ok,0.0100
2035,648.8341,0.0808,ok,0.0100
2036,649.3345,0.0834,ok,0.0128
2037,649.5011,0.0869,ok,0.0128
2038,649.8334,0.0769,ok,0.0106
2039,650.0007,0.0595,ok,0.0126
2040,650.1676,0.0753,ok,0.0107
2041,650.3332,0.0536,ok,0.0108
2042,650.6683,0.0868,ok,0.0135
2043,650.8334,0.0581,ok,0.0103
2044,651.0009,0.0837,ok,0.0133
2045,651.3341,0.0671,ok,0.0102
2046,651.5006,0.0685,ok,0.0136
2047,651.6674,0.0613,ok,0.0105
2048,651.8340,0.0766,ok,0.0101
2049,652.1681,0.0555,ok,0.0132
2050,652.3341,0.0906,ok,0.0104
2051,652.5010,0.0651,ok,0.0132
2052,652.6675,0.0761,ok,0.0100
2053,652.8338,0.0625,ok,0.0103
2054,653.0017,0.0548,ok,0.0155
2055,653.1679,0.0787,ok,0.0109
2056,653.3350,0.0736,ok,0.0106
2057,653.6681,0.0811,ok,0.0139
2058,653.8336,0.0454,ok,0.0102
2059,654.0002,0.0670,ok,0.0100
2060,654.1677,0.0871,ok,0.0139
2061,654.3341,0.1052,ok,0.0111
2062,654.5006,0.0640,ok,0.0101
2063,654.6690,0.0565,ok,0.0137
2064,654.8338,0.0557,ok,0.0111
2065,655.0009,0.0688,ok,0.0119
2066,655.2011,0.0867,ok,0.0131
2067,655.6015,0.0475,ok,0.0143
2068,655.8004,0.0673,ok,0.0119
2069,656.0011,0.0771,ok,0.0108
2070,656.4007,0.0423,ok,0.0138
2071,656.6004,0.0510,ok,0.0110
2072,656.8008,0.0626,ok,0.0117
2073,657.0008,0.0842,ok,0.0101
2074,657.4006,0.0486,ok,0.0138
2075,657.6006,0.0539,ok,0.0110
2076,657.8009,0.0951,ok,0.0134
2077,658.0013,0.0791,ok,0.0109
2078,658.2507,0.0513,ok,0.0194
2079,658.5004,0.0465,ok,0.0115
2080,658.7504,0.0879,ok,0.0133
2081,659.0007,0.0878,ok,0.0130
2082,659.2509,0.0382,ok,0.0108
2083,659.5004,0.0528,ok,0.0120
2084,659.7506,0.0494,ok,0.0112
2085,660.0004,0.0743,ok,0.0134
2086,660.2511,0.0714,ok,0.0111
2087,660.5009,0.0488,ok,0.0112
2088,660.7511,0.0514,ok,0.0111
2089,661.5026,0.0871,ok,0.0122
2090,661.7511,0.0750,ok,0.0117
2091,662.3340,0.0715,ok,0.0137
2092,663.0005,0.0727,ok,0.0132
2093,663.3337,0.0862,ok,0.0125
2094,663.6674,0.0422,ok,0.0102
2095,664.0011,0.0656,ok,0.0122
2096,665.0019,0.0686,ok,0.0138
2097,665.5012,0.0462,ok,0.0133
2098,666.5027,0.0732,ok,0.0155
2099,667.5011,0.0636,ok,0.0151
2100,668.5020,0.0592,ok,0.0139
2101,669.0009,0.0979,ok,0.0135
2102,671.0040,0.0881,ok,0.0132
2103,672.0013,0.0529,ok,0.0136
2104,679.0014,0.0703,ok,0.0142
2105,680.0018,0.0974,ok,0.0144
2106,681.0014,0.0857,ok,0.0135
2107,681.5019,0.0436,ok,0.0139
2108,682.0012,0.0998,ok,0.0135
2109,682.5008,0.0819,ok,0.0132
2110,684.0024,0.0800,ok,0.0129
2111,684.3340,0.0558,ok,0.0134
2112,684.6683,0.0562,ok,0.0164
2113,685.0011,0.0937,ok,0.0123
2114,685.3353,0.0909,ok,0.0130
2115,685.6676,0.0779,ok,0.0107
2116,686.0010,0.0649,ok,0.0128
2117,686.2503,0.0417,ok,0.0114
2118,686.5016,0.0948,ok,0.0133
2119,687.0012,0.1043,ok,0.0134
2120,687.2508,0.0746,ok,0.0116
2121,687.5018,0.0397,ok,0.0108
2122,687.7510,0.0806,ok,0.0113
2123,688.0010,0.0950,ok,0.0105
2124,688.2013,0.0740,ok,0.0111
2125,688.4007,0.0392,ok,0.0105
2126,688.6004,0.0633,ok,0.0132
2127,688.8010,0.0625,ok,0.0102
2128,689.0009,0.0684,ok,0.0135
2129,689.2008,0.0889,ok,0.0105
2130,689.4009,0.0593,ok,0.0101
2131,689.6007,0.0634,ok,0.0129
2132,689.8005,0.0916,ok,0.0116
2133,690.0004,0.0686,ok,0.0267
2134,690.2003,0.0818,ok,0.0111
2135,690.4015,0.0893,ok,0.0108
2136,690.6013,0.0540,ok,0.0125
2137,691.0011,0.0745,ok,0.0169
2138,691.1679,0.0841,ok,0.0118
2139,691.3333,0.0672,ok,0.0104
2140,691.5010,0.0763,ok,0.0137
2141,691.6676,0.0487,ok,0.0104
2142,691.8336,0.0662,ok,0.0109
2143,692.0012,0.0817,ok,0.0162
2144,692.1673,0.0461,ok,0.0110
2145,692.3337,0.0493,ok,0.0112
2146,692.6685,0.0679,ok,0.0131
2147,692.8337,0.0762,ok,0.0098
2148,693.0002,0.0683,ok,0.0165
2149,693.1439,0.0562,ok,0.0103
2150,693.2864,0.0681,ok,0.0098
2151,693.4297,0.0443,ok,0.0126
2152,693.5714,0.0603,ok,0.0131
2153,693.8582,0.0607,ok,0.0121
2154,694.0004,0.0730,ok,0.0133
2155,694.1436,0.0852,ok,0.0109
2156,694.2872,0.0659,ok,0.0106
2157,694.4294,0.0680,ok,0.0106
2158,694.5717,0.0800,ok,0.0127
2159,694.8593,0.1061,ok,0.0172
2160,695.0007,0.0816,ok,0.0108
2161,695.1436,0.0681,ok,0.0113
2162,695.2870,0.0643,ok,0.0104
2163,695.4296,0.0932,ok,0.0097
2164,695.5721,0.0667,ok,0.0116
2165,695.8582,0.0693,ok,0.0110
2166,696.0009,0.0792,ok,0.0134
2167,696.1254,0.0678,ok,0.0109
2168,696.2505,0.0779,ok,0.0104
2169,696.3757,0.0839,ok,0.0102
2170,696.5010,0.1036,ok,0.0130
2171,696.6259,0.0802,ok,0.0096
2172,696.7503,0.0510,ok,0.0098
2173,696.8756,0.0515,ok,0.0102
2174,697.0004,0.0759,ok,0.0132
2175,697.1255,0.0606,ok,0.0103
2176,697.2503,0.0683,ok,0.0100
2177,697.3757,0.0983,ok,0.0106
2178,697.5013,0.0901,ok,0.0118
2179,697.6256,0.0751,ok,0.0106
2180,697.7509,0.0515,ok,0.0102
2181,698.0008,0.0674,ok,0.0139
2182,698.1254,0.0891,ok,0.0107
2183,698.2517,0.0819,ok,0.0108
2184,698.3758,0.0625,ok,0.0098
2185,698.5007,0.0635,ok,0.0131
2186,698.6255,0.0646,ok,0.0109
2187,698.7502,0.0583,ok,0.0109
2188,699.1261,0.0789,ok,0.0131
2189,699.2503,0.0676,ok,0.0108
2190,699.3752,0.0532,ok,0.0103
2191,699.5017,0.0590,ok,0.0115
2192,699.7512,0.0638,ok,0.0116
2193,699.8753,0.0654,ok,0.0137
2194,700.0012,0.0805,ok,0.0128
2195,700.1259,0.0763,ok,0.0103
2196,700.2505,0.0517,ok,0.0106
2197,700.3754,0.0664,ok,0.0102
2198,700.5021,0.0814,ok,0.0122
2199,700.6258,0.0703,ok,0.0100
2200,700.7503,0.0596,ok,0.0104
2201,700.8751,0.0776,ok,0.0116
2202,701.0009,0.0678,ok,0.0112
2203,701.1439,0.0583,ok,0.0108
2204,701.2864,0.0583,ok,0.0094
2205,701.4301,0.0759,ok,0.0133
2206,701.5713,0.1017,ok,0.0101
2207,701.7142,0.0995,ok,0.0099
2208,701.8578,0.0536,ok,0.0100
2209,702.0007,0.0733,ok,0.0118
2210,702.2865,0.0803,ok,0.0112
2211,702.4302,0.0758,ok,0.0132
2212,702.5712,0.0613,ok,0.0108
2213,702.7147,0.0767,ok,0.0107
2214,702.8576,0.0725,ok,0.0106
2215,703.0003,0.0824,ok,0.0117
2216,703.1680,0.0679,ok,0.0112
2217,703.3342,0.0598,ok,0.0107
2218,703.5003,0.1046,ok,0.0135
2219,703.6673,0.0477,ok,0.0110
2220,703.8344,0.0571,ok,0.0108
2221,704.0009,0.0900,ok,0.0139
2222,704.1672,0.1017,ok,0.0110
2223,704.3333,0.0534,ok,0.0125
2224,704.5010,0.0539,ok,0.0131
2225,704.8343,0.0633,ok,0.0132
2226,705.0020,0.0787,ok,0.0180
2227,705.2011,0.0775,ok,0.0113
2228,705.4009,0.0872,ok,0.0103
2229,705.8007,0.0856,ok,0.0133
2230,706.0008,0.0843,ok,0.0140
2231,706.2005,0.0750,ok,0.0102
2232,706.4007,0.0859,ok,0.0099
2233,706.6010,0.1156,ok,0.0125
2234,706.8009,0.0870,ok,0.0101
2235,707.0012,0.0592,ok,0.0135
2236,707.2008,0.0688,ok,0.0104
2237,707.4009,0.0711,ok,0.0099
2238,707.6003,0.0658,ok,0.0125
2239,707.8015,0.0709,ok,0.0108
2240,708.0009,0.0683,ok,0.0135
2241,708.2505,0.0412,ok,0.0107
2242,708.5013,0.0485,ok,0.0135
2243,708.7512,0.0706,ok,0.0105
2244,709.0013,0.0635,ok,0.0132
2245,709.2512,0.0394,ok,0.0105
2246,709.7514,0.0775,ok,0.0135
2247,710.0004,0.0640,ok,0.0137
2248,710.3339,0.0408,ok,0.0102
2249,711.0008,0.0679,ok,0.0149
2250,711.6686,0.0769,ok,0.0143
2251,712.0011,0.0796,ok,0.0138
2252,712.3342,0.1158,ok,0.0104
2253,712.6675,0.0733,ok,0.0139
2254,713.0013,0.0624,ok,0.0137
2255,713.5016,0.0832,ok,0.0129
2256,714.5020,0.0465,ok,0.0133
2257,715.0011,0.0686,ok,0.0134
2258,716.0019,0.0828,ok,0.0136
2259,742.0075,0.0777,ok,0.0155
2260,743.0015,0.0590,ok,0.0136
2261,745.0027,0.0871,ok,0.0135
2262,746.0011,0.0699,ok,0.0138
2263,747.0012,0.0608,ok,0.0137
2264,748.0013,0.0845,ok,0.0134
2265,749.0021,0.0642,ok,0.0139
2266,750.0015,0.0801,ok,0.0136
2267,751.0018,0.0666,ok,0.0129
2268,752.0016,0.0561,ok,0.0135
2269,753.0029,0.0893,ok,0.0157
2270,753.5008,0.0772,ok,0.0126
2271,754.0007,0.0664,ok,0.0125
2272,754.5008,0.0725,ok,0.0125
2273,755.0010,0.0875,ok,0.0141
2274,755.5021,0.0738,ok,0.0120
2275,756.0006,0.0871,ok,0.0118
2276,756.5024,0.0531,ok,0.0143
2277,757.0014,0.0791,ok,0.0185
2278,757.5013,0.0812,ok,0.0145
2279,758.0015,0.0553,ok,0.0146
2280,758.5007,0.0792,ok,0.0135
2281,759.0007,0.0854,ok,0.0133
2282,759.5018,0.0790,ok,0.0149
2283,760.0016,0.0941,ok,0.0302
2284,761.5024,0.0912,ok,0.0147
2285,762.0014,0.0673,ok,0.0142
2286,763.0021,0.0669,ok,0.0134
2287,763.3335,0.0876,ok,0.0107
2288,764.0010,0.0618,ok,0.0135
2289,764.3343,0.0798,ok,0.0107
2290,764.6676,0.0665,ok,0.0133
2291,765.3341,0.0328,ok,0.0137
2292,765.6675,0.0613,ok,0.0128
2293,766.0015,0.0781,ok,0.0172
2294,766.3341,0.0648,ok,0.0115
2295,767.0008,0.0485,ok,0.0138
2296,767.6682,0.0650,ok,0.0130
2297,768.0016,0.0744,ok,0.0114
2298,768.3336,0.0827,ok,0.0138
2299,768.6678,0.0621,ok,0.0136
2300,769.0005,0.0774,ok,0.0115
2301,769.3335,0.0997,ok,0.0139
2302,769.6678,0.0763,ok,0.0141
2303,770.0007,0.0379,ok,0.0139
2304,770.3342,0.0756,ok,0.0131
2305,771.0008,0.0851,ok,0.0134
2306,771.5026,0.0447,ok,0.0131
2307,771.7508,0.0795,ok,0.0136
2308,772.0008,0.0708,ok,0.0112
2309,772.2510,0.0540,ok,0.0133
2310,772.5004,0.0715,ok,0.0099
2311,772.7513,0.0977,ok,0.0135
2312,773.0004,0.0753,ok,0.0109
2313,773.2521,0.0667,ok,0.0136
2314,773.5012,0.0717,ok,0.0105
2315,773.7505,0.0625,ok,0.0139
2316,774.2507,0.0593,ok,0.0138
2317,774.7508,0.0838,ok,0.0133
2318,775.0010,0.0867,ok,0.0134
2319,775.2512,0.0576,ok,0.0136
2320,775.5012,0.0799,ok,0.0106
2321,775.7506,0.0776,ok,0.0150
2322,776.0006,0.0998,ok,0.0104
2323,776.2508,0.0609,ok,0.0137
2324,776.5012,0.0565,ok,0.0106
2325,776.7512,0.0700,ok,0.0134
2326,777.0005,0.0560,ok,0.0100
2327,777.2509,0.0602,ok,0.0131
2328,777.5005,0.0298,ok,0.0103
2329,777.7507,0.0946,ok,0.0137
2330,778.0007,0.0477,ok,0.0112
2331,778.2009,0.0764,ok,0.0138
2332,778.6009,0.0569,ok,0.0109
2333,778.8021,0.0869,ok,0.0134
2334,779.2007,0.0797,ok,0.0140
2335,779.4009,0.0657,ok,0.0108
2336,779.6019,0.0640,ok,0.0104
2337,779.8014,0.0327,ok,0.0135
2338,780.0005,0.0999,ok,0.0125
2339,780.2008,0.0574,ok,0.0100
2340,780.4015,0.0541,ok,0.0129
2341,780.6009,0.0513,ok,0.0101
2342,780.8007,0.0888,ok,0.0138
2343,781.0009,0.0465,ok,0.0115
2344,781.2007,0.0688,ok,0.0106
2345,781.4009,0.0859,ok,0.0142
2346,781.6012,0.0857,ok,0.0106
2347,781.8012,0.0632,ok,0.0111
2348,782.0008,0.0780,ok,0.0102
2349,782.2011,0.0817,ok,0.0113
2350,782.4022,0.0654,ok,0.0104
2351,782.6010,0.0673,ok,0.0136
2352,782.8007,0.0800,ok,0.0102
2353,783.0011,0.0932,ok,0.0099
2354,783.2006,0.0823,ok,0.0116
2355,783.4003,0.0530,ok,0.0101
2356,783.6006,0.0386,ok,0.0132
2357,783.8006,0.0472,ok,0.0105
2358,784.0012,0.0743,ok,0.0095
2359,784.2009,0.0816,ok,0.0107
2360,784.4018,0.0950,ok,0.0102
2361,784.6022,0.0477,ok,0.0129
2362,784.8012,0.0812,ok,0.0105
2363,785.0018,0.0530,ok,0.0118
2364,785.4014,0.0791,ok,0.0134
2365,785.6009,0.0698,ok,0.0098
2366,785.8011,0.0871,ok,0.0136
2367,786.0004,0.0577,ok,0.0102
2368,786.2014,0.1088,ok,0.0099
2369,786.6006,0.0635,ok,0.0116
2370,786.8006,0.0568,ok,0.0145
2371,787.0018,0.0857,ok,0.0103
2372,787.2008,0.0563,ok,0.0102
2373,787.4015,0.0552,ok,0.0129
2374,787.6020,0.0874,ok,0.0105
2375,787.8008,0.0850,ok,0.0133
2376,788.2013,0.0944,ok,0.0100
2377,788.4011,0.0724,ok,0.0108
2378,788.6008,0.0592,ok,0.0098
2379,788.8005,0.0507,ok,0.0128
2380,789.0006,0.0640,ok,0.0103
2381,789.2511,0.0526,ok,0.0151
2382,789.7506,0.1134,ok,0.0173
2383,790.0006,0.0458,ok,0.0125
2384,790.2511,0.0833,ok,0.0142
2385,790.5010,0.0840,ok,0.0102
2386,790.7504,0.0782,ok,0.0139
2387,791.2514,0.0501,ok,0.0138
2388,791.5010,0.0657,ok,0.0106
2389,791.7511,0.0454,ok,0.0139
2390,792.2514,0.0826,ok,0.0137
2391,792.5005,0.0798,ok,0.0107
2392,792.7507,0.0402,ok,0.0133
2393,793.0004,0.0604,ok,0.0113
2394,793.3344,0.0527,ok,0.0133
2395,793.6676,0.0599,ok,0.0109
2396,794.0011,0.0635,ok,0.0136
2397,794.3341,0.0746,ok,0.0136
2398,794.6681,0.1088,ok,0.0118
2399,795.3338,0.0729,ok,0.0137
2400,795.6682,0.0774,ok,0.0110
2401,796.0011,0.0541,ok,0.0151
2402,796.5009,0.0577,ok,0.0137
2403,797.0014,0.0808,ok,0.0138
2404,797.5008,0.0587,ok,0.0131
2405,798.0012,0.0372,ok,0.0137
2406,798.5013,0.0531,ok,0.0136
2407,799.5027,0.0477,ok,0.0132
2408,800.0011,0.0777,ok,0.0137
2409,801.0021,0.0666,ok,0.0133
2410,802.0019,0.0541,ok,0.0178
2411,854.0329,0.0744,ok,0.0182
2412,855.0015,0.0899,ok,0.0133
2413,856.0017,0.0747,ok,0.0135
2414,857.0016,0.0442,ok,0.0142
2415,857.5016,0.0517,ok,0.0140
2416,858.0011,0.0791,ok,0.0137
2417,858.5008,0.0336,ok,0.0149
2418,859.0012,0.0595,ok,0.0123
2419,859.3342,0.0975,ok,0.0131
2420,859.6691,0.0673,ok,0.0104
2421,860.0010,0.0602,ok,0.0132
2422,860.3337,0.0792,ok,0.0134
2423,860.6674,0.0989,ok,0.0110
2424,861.0008,0.0677,ok,0.0125
2425,862.0019,0.0887,ok,0.0140
2426,862.2509,0.0766,ok,0.0105
2427,862.5010,0.0775,ok,0.0135
2428,863.0012,0.0559,ok,0.0135
2429,863.2505,0.0578,ok,0.0106
2430,863.5007,0.0624,ok,0.0102
2431,863.7505,0.0771,ok,0.0131
2432,864.0010,0.0843,ok,0.0106
2433,864.2008,0.0922,ok,0.0136
2434,864.4003,0.0609,ok,0.0103
2435,864.6006,0.0652,ok,0.0101
2436,864.8011,0.0576,ok,0.0120
2437,865.0022,0.0766,ok,0.0114
2438,865.2012,0.0651,ok,0.0135
2439,865.6009,0.0455,ok,0.0105
2440,865.8008,0.0781,ok,0.0140
2441,866.0003,0.0650,ok,0.0119
2442,866.2006,0.0657,ok,0.0104
2443,866.4017,0.0917,ok,0.0119
2444,866.6008,0.0645,ok,0.0105
2445,866.8007,0.0789,ok,0.0135
2446,867.0010,0.0605,ok,0.0101
2447,867.1678,0.0793,ok,0.0102
2448,867.3333,0.0901,ok,0.0113
2449,867.6678,0.0595,ok,0.0108
2450,867.8338,0.0579,ok,0.0140
2451,868.0011,0.0536,ok,0.0109
2452,868.3342,0.0560,ok,0.0136
2453,868.5006,0.0784,ok,0.0106
2454,868.8335,0.0774,ok,0.0135
2455,869.0002,0.0646,ok,0.0109
2456,869.1691,0.0488,ok,0.0107
2457,869.3332,0.0734,ok,0.0124
2458,869.5009,0.1078,ok,0.0106
2459,869.6679,0.0783,ok,0.0103
2460,869.8345,0.0793,ok,0.0114
2461,870.0021,0.0598,ok,0.0127
2462,870.1432,0.0700,ok,0.0112
2463,870.2866,0.0687,ok,0.0140
2464,870.4297,0.0703,ok,0.0105
2465,870.5723,0.0522,ok,0.0112
2466,870.7149,0.0688,ok,0.0140
2467,870.8580,0.0557,ok,0.0118
2468,871.2874,0.0958,ok,0.0140
2469,871.5717,0.0728,ok,0.0117
2470,871.7149,0.1033,ok,0.0146
2471,871.8575,0.0745,ok,0.0120
2472,872.0004,0.0741,ok,0.0113
2473,872.1257,0.0847,ok,0.0109
2474,872.3759,0.0564,ok,0.0124
2475,872.5005,0.0415,ok,0.0111
2476,872.6253,0.0714,ok,0.0114
2477,872.7511,0.0693,ok,0.0128
2478,872.8757,0.0391,ok,0.0103
2479,873.0010,0.0684,ok,0.0102
2480,873.1256,0.0702,ok,0.0104
2481,873.2512,0.0825,ok,0.0139
2482,873.3760,0.0703,ok,0.0103
2483,873.5005,0.0449,ok,0.0098
2484,873.6257,0.0526,ok,0.0112
2485,873.7517,0.0714,ok,0.0152
2486,873.8764,0.0655,ok,0.0104
2487,874.0020,0.0777,ok,0.0099
2488,874.1259,0.0609,ok,0.0102
2489,874.2511,0.0722,ok,0.0145
2490,874.3766,0.0654,ok,0.0104
2491,874.5002,0.0899,ok,0.0098
2492,874.6254,0.0480,ok,0.0099
2493,874.7508,0.0705,ok,0.0142
2494,874.8757,0.0625,ok,0.0142
2495,875.0006,0.0626,ok,0.0104
2496,875.1254,0.0796,ok,0.0098
2497,875.2504,0.0839,ok,0.0134
2498,875.3756,0.0454,ok,0.0104
2499,875.5003,0.0826,ok,0.0104
2500,875.7504,0.0625,ok,0.0141
2501,875.8752,0.0656,ok,0.0103
2502,876.0010,0.0683,ok,0.0098
2503,876.1256,0.0455,ok,0.0103
2504,876.3756,0.0576,ok,0.0137
2505,876.5014,0.0472,ok,0.0106
2506,876.6259,0.0425,ok,0.0106
2507,876.8768,0.0617,ok,0.0128
2508,877.1260,0.0737,ok,0.0107
2509,877.2511,0.0484,ok,0.0140
2510,877.3758,0.0683,ok,0.0102
2511,877.5004,0.0811,ok,0.0103
2512,877.7509,0.0683,ok,0.0137
2513,877.8755,0.0499,ok,0.0122
2514,878.0007,0.0546,ok,0.0103
2515,878.1256,0.0859,ok,0.0107
2516,878.2506,0.0796,ok,0.0139
2517,878.5005,0.0454,ok,0.0104
2518,878.7504,0.0950,ok,0.0138
2519,878.8757,0.0451,ok,0.0100
2520,879.0011,0.0780,ok,0.0103
2521,879.1253,0.0695,ok,0.0105
2522,879.2512,0.0647,ok,0.0128
2523,879.3763,0.0473,ok,0.0105
2524,879.6259,0.0938,ok,0.0101
2525,879.7509,0.0761,ok,0.0119
2526,879.8755,0.0407,ok,0.0138
2527,880.0004,0.0936,ok,0.0103
2528,880.1252,0.0870,ok,0.0099
2529,880.2505,0.0973,ok,0.0123
2530,880.3761,0.0632,ok,0.0109
2531,880.5005,0.0485,ok,0.0103
2532,880.6254,0.0648,ok,0.0109
2533,880.8756,0.0672,ok,0.0121
2534,881.0002,0.0879,ok,0.0108
2535,881.1254,0.0689,ok,0.0099
2536,881.2506,0.0803,ok,0.0129
2537,881.3752,0.0535,ok,0.0108
2538,881.5020,0.0885,ok,0.0103
2539,881.8771,0.0729,ok,0.0132
2540,882.0003,0.0661,ok,0.0111
2541,882.1267,0.0549,ok,0.0104
2542,882.2509,0.0772,ok,0.0132
2543,882.3754,0.0812,ok,0.0106
2544,882.5008,0.0667,ok,0.0101
2545,882.6258,0.0592,ok,0.0102
2546,882.7503,0.0932,ok,0.0130
2547,882.8757,0.0751,ok,0.0104
2548,883.0010,0.0424,ok,0.0102
2549,883.1256,0.0749,ok,0.0101
2550,883.2508,0.0800,ok,0.0123
2551,883.3761,0.0969,ok,0.0106
2552,883.5002,0.0939,ok,0.0106
2553,883.6253,0.0678,ok,0.0109
2554,883.7505,0.0624,ok,0.0139
2555,883.8752,0.0880,ok,0.0110
2556,884.0005,0.0737,ok,0.0105
2557,884.1254,0.0653,ok,0.0100
2558,884.3762,0.0869,ok,0.0135
2559,884.5003,0.0658,ok,0.0103
2560,884.6264,0.0771,ok,0.0105
2561,884.7508,0.0907,ok,0.0140
2562,884.8760,0.0907,ok,0.0144
2563,885.0011,0.0732,ok,0.0106
2564,885.1255,0.0369,ok,0.0095
2565,885.2507,0.0820,ok,0.0130
2566,885.3759,0.0636,ok,0.0100
2567,885.5008,0.0479,ok,0.0096
2568,885.6261,0.0839,ok,0.0099
2569,885.7503,0.0966,ok,0.0121
2570,885.8761,0.0679,ok,0.0112
2571,886.0003,0.0834,ok,0.0112
2572,886.1259,0.0473,ok,0.0108
2573,886.2505,0.0475,ok,0.0128
2574,886.3753,0.0563,ok,0.0104
2575,886.5009,0.0510,ok,0.0099
2576,886.6252,0.0663,ok,0.0097
2577,886.7518,0.1039,ok,0.0135
2578,886.8761,0.0485,ok,0.0102
2579,887.0008,0.0484,ok,0.0105
2580,887.1255,0.0683,ok,0.0101
2581,887.2511,0.0647,ok,0.0133
2582,887.5011,0.0814,ok,0.0107
2583,887.6257,0.0970,ok,0.0104
2584,887.7509,0.0776,ok,0.0116
2585,887.8758,0.0823,ok,0.0113
2586,888.0003,0.0576,ok,0.0102
2587,888.1262,0.0594,ok,0.0106
2588,888.2508,0.0627,ok,0.0131
2589,888.3757,0.0795,ok,0.0105
2590,888.5004,0.0951,ok,0.0102
2591,888.6258,0.0545,ok,0.0101
2592,888.7506,0.0649,ok,0.0132
2593,888.8758,0.1061,ok,0.0102
2594,889.0012,0.0731,ok,0.0103
2595,889.1256,0.0623,ok,0.0103
2596,889.5005,0.0689,ok,0.0128
2597,889.6257,0.0916,ok,0.0100
2598,889.7506,0.0536,ok,0.0126
2599,889.8766,0.0748,ok,0.0138
2600,890.0008,0.0714,ok,0.0101
2601,890.1255,0.0506,ok,0.0093
2602,890.2504,0.1074,ok,0.0141
2603,890.5022,0.0673,ok,0.0107
2604,890.6257,0.0388,ok,0.0100
2605,890.8760,0.0848,ok,0.0134
2606,891.0012,0.0916,ok,0.0104
2607,891.1261,0.0499,ok,0.0103
2608,891.2504,0.0910,ok,0.0142
2609,891.3757,0.0684,ok,0.0123
2610,891.5003,0.0904,ok,0.0105
2611,891.6259,0.0528,ok,0.0103
2612,891.7521,0.0745,ok,0.0137
2613,891.8759,0.0915,ok,0.0103
2614,892.0006,0.0753,ok,0.0110
2615,892.1251,0.0854,ok,0.0104
2616,892.2509,0.0656,ok,0.0144
2617,892.3767,0.0549,ok,0.0110
2618,892.6260,0.0794,ok,0.0104
2619,892.7508,0.0777,ok,0.0138
2620,893.0009,0.0875,ok,0.0108
2621,893.1257,0.0697,ok,0.0102
2622,893.2508,0.0783,ok,0.0141
2623,893.3754,0.0749,ok,0.0104
2624,893.5004,0.0759,ok,0.0100
2625,893.6256,0.0624,ok,0.0103
2626,893.7503,0.0796,ok,0.0149
2627,893.8761,0.0619,ok,0.0115
2628,894.0003,0.0883,ok,0.0106
2629,894.1259,0.0736,ok,0.0107
2630,894.2509,0.0668,ok,0.0168
2631,894.3761,0.0831,ok,0.0107
2632,894.5004,0.0751,ok,0.0103
2633,894.6258,0.0622,ok,0.0108
2634,894.7504,0.0628,ok,0.0142
2635,894.8756,0.0760,ok,0.0137
2636,895.0010,0.0841,ok,0.0106
2637,895.1252,0.0419,ok,0.0100
2638,895.3766,0.0545,ok,0.0137
2639,895.5004,0.0628,ok,0.0106
2640,895.6254,0.0438,ok,0.0103
2641,895.7505,0.0740,ok,0.0160
2642,895.8758,0.0642,ok,0.0105
2643,896.0003,0.0611,ok,0.0106
2644,896.1257,0.0916,ok,0.0099
2645,896.2505,0.0559,ok,0.0100
2646,896.3757,0.0689,ok,0.0105
2647,896.5010,0.1008,ok,0.0134
2648,896.6261,0.0907,ok,0.0110
2649,896.7511,0.0741,ok,0.0099
2650,896.8754,0.0579,ok,0.0106
2651,897.0015,0.0448,ok,0.0133
2652,897.1436,0.0686,ok,0.0105
2653,897.2865,0.0646,ok,0.0097
2654,897.4294,0.0632,ok,0.0097
2655,897.5719,0.0562,ok,0.0103
2656,897.7144,0.0410,ok,0.0121
2657,897.8577,0.0727,ok,0.0119
2658,898.0007,0.0749,ok,0.0106
2659,898.1439,0.0556,ok,0.0134
2660,898.4300,0.0488,ok,0.0108
2661,898.5721,0.0690,ok,0.0108
2662,898.7144,0.0859,ok,0.0196
2663,898.8576,0.0697,ok,0.0113
2664,899.0006,0.0672,ok,0.0101
2665,899.1680,0.0611,ok,0.0100
2666,899.3345,0.0646,ok,0.0130
2667,899.5004,0.0687,ok,0.0104
2668,899.6675,0.0717,ok,0.0105
2669,899.8335,0.0680,ok,0.0133
2670,900.0009,0.0855,ok,0.0118
2671,900.1676,0.0614,ok,0.0108
2672,900.3344,0.0806,ok,0.0136
2673,900.5003,0.0393,ok,0.0104
2674,900.6679,0.0980,ok,0.0101
2675,900.8343,0.0808,ok,0.0135
2676,901.1676,0.0736,ok,0.0127
2677,901.5008,0.0745,ok,0.0128
2678,901.8338,0.0848,ok,0.0112
2679,902.0008,0.0811,ok,0.0103
2680,902.2022,0.0544,ok,0.0116
2681,902.4020,0.0762,ok,0.0118
2682,902.6006,0.0762,ok,0.0136
2683,902.8011,0.0697,ok,0.0100
2684,903.0011,0.0685,ok,0.0105
2685,903.2010,0.0761,ok,0.0119
2686,903.6009,0.0575,ok,0.0142
2687,903.8018,0.0927,ok,0.0114
2688,904.2513,0.0806,ok,0.0133
2689,904.5004,0.0828,ok,0.0106
2690,904.7506,0.0625,ok,0.0120
2691,905.0006,0.0484,ok,0.0138
2692,905.2504,0.0428,ok,0.0110
2693,905.5017,0.0514,ok,0.0140
2694,905.7505,0.0522,ok,0.0109
2695,906.0012,0.0758,ok,0.0133
2696,906.6679,0.0943,ok,0.0130
2697,907.0017,0.0776,ok,0.0135
2698,907.3339,0.0525,ok,0.0135
2699,908.0014,0.0712,ok,0.0132
2700,908.3342,0.0579,ok,0.0141
2701,908.6677,0.0734,ok,0.0103
2702,909.5011,0.0637,ok,0.0138
2703,910.0016,0.0587,ok,0.0134
2704,911.0015,0.0628,ok,0.0145
2705,912.0015,0.0812,ok,0.0144
2706,913.0020,0.0576,ok,0.0136
2707,919.0015,0.0520,ok,0.0143
2708,921.0028,0.0778,ok,0.0133
2709,923.0029,0.0727,ok,0.0134
2710,924.0018,0.0790,ok,0.0132
2711,924.3343,0.0793,ok,0.0138
2712,924.6681,0.0847,ok,0.0109
2713,925.3347,0.0745,ok,0.0136
2714,925.6678,0.0838,ok,0.0134
2715,926.0011,0.0501,ok,0.0103
2716,926.3338,0.0993,ok,0.0137
2717,926.6676,0.0574,ok,0.0137
2718,927.0006,0.0725,ok,0.0112
2719,927.5008,0.0547,ok,0.0138
2720,927.7511,0.0590,ok,0.0135
2721,928.0005,0.0881,ok,0.0111
2722,928.5022,0.0643,ok,0.0128
2723,928.7510,0.0726,ok,0.0132
2724,929.0010,0.0782,ok,0.0108
2725,929.5009,0.0852,ok,0.0134
2726,929.7505,0.0501,ok,0.0142
2727,930.0011,0.0759,ok,0.0132
2728,930.2005,0.0982,ok,0.0138
2729,930.4010,0.0318,ok,0.0110
2730,930.6013,0.0839,ok,0.0102
2731,930.8006,0.0945,ok,0.0116
2732,931.0004,0.0712,ok,0.0134
2733,931.2011,0.0553,ok,0.0161
2734,931.4018,0.0676,ok,0.0108
2735,931.6008,0.0956,ok,0.0102
2736,931.8017,0.0719,ok,0.0120
2737,932.0009,0.0788,ok,0.0113
2738,932.1681,0.0594,ok,0.0140
2739,932.3338,0.0783,ok,0.0107
2740,932.5003,0.0826,ok,0.0106
2741,932.6673,0.0621,ok,0.0136
2742,932.8347,0.0869,ok,0.0109
2743,933.0009,0.0747,ok,0.0100
2744,933.1679,0.0589,ok,0.0136
2745,933.3342,0.0766,ok,0.0106
2746,933.5012,0.0449,ok,0.0100
2747,933.6675,0.0545,ok,0.0101
2748,934.1677,0.0968,ok,0.0120
2749,934.3338,0.0685,ok,0.0123
2750,934.5007,0.0873,ok,0.0104
2751,934.6673,0.0919,ok,0.0125
2752,935.0008,0.0815,ok,0.0128
2753,935.2868,0.0774,ok,0.0148
2754,935.4296,0.0952,ok,0.0105
2755,935.5720,0.0607,ok,0.0101
2756,935.7151,0.0510,ok,0.0132
2757,935.8574,0.0698,ok,0.0100
2758,936.0005,0.0810,ok,0.0102
2759,936.2880,0.0603,ok,0.0134
2760,936.4296,0.0710,ok,0.0110
2761,936.5729,0.0454,ok,0.0103
2762,936.7146,0.0793,ok,0.0161
2763,936.8572,0.0442,ok,0.0110
2764,937.0007,0.0566,ok,0.0107
2765,937.2869,0.0475,ok,0.0129
2766,937.4297,0.0621,ok,0.0100
2767,937.5720,0.0655,ok,0.0102
2768,937.7148,0.0791,ok,0.0126
2769,937.8572,0.0703,ok,0.0106
2770,938.0008,0.0887,ok,0.0104
2771,938.1267,0.0440,ok,0.0105
2772,938.3772,0.0786,ok,0.0131
2773,938.6262,0.0664,ok,0.0114
2774,938.7510,0.0808,ok,0.0138
2775,938.8752,0.0609,ok,0.0104
2776,939.0004,0.0607,ok,0.0101
2777,939.1254,0.0866,ok,0.0112
2778,939.2502,0.0979,ok,0.0118
2779,939.3753,0.0862,ok,0.0109
2780,939.5008,0.0574,ok,0.0100
2781,939.6264,0.0770,ok,0.0107
2782,939.7506,0.0737,ok,0.0124
2783,939.8757,0.0600,ok,0.0169
2784,940.0011,0.0473,ok,0.0108
2785,940.1257,0.0876,ok,0.0107
2786,940.2506,0.0682,ok,0.0135
2787,940.3761,0.0973,ok,0.0107
2788,940.5007,0.0750,ok,0.0106
2789,940.6259,0.0672,ok,0.0102
2790,940.7504,0.0575,ok,0.0133
2791,940.8762,0.0624,ok,0.0105
2792,941.0009,0.0575,ok,0.0102
2793,941.1267,0.0824,ok,0.0102
2794,941.2502,0.0464,ok,0.0134
2795,941.3759,0.0751,ok,0.0104
2796,941.5002,0.0587,ok,0.0096
2797,941.6271,0.0636,ok,0.0102
2798,941.7510,0.0918,ok,0.0138
2799,942.0012,0.0736,ok,0.0107
2800,942.1261,0.0968,ok,0.0103
2801,942.2511,0.0646,ok,0.0129
2802,942.3759,0.0599,ok,0.0105
2803,942.5011,0.0699,ok,0.0098
2804,942.6252,0.0832,ok,0.0104
2805,942.7507,0.0627,ok,0.0142
2806,942.8757,0.0665,ok,0.0098
2807,943.0004,0.0754,ok,0.0106
2808,943.1260,0.0504,ok,0.0104
2809,943.2508,0.0436,ok,0.0139
2810,943.3757,0.0581,ok,0.0107
2811,943.5021,0.0534,ok,0.0105
2812,943.6257,0.0480,ok,0.0100
2813,943.7511,0.0791,ok,0.0135
2814,943.8755,0.0879,ok,0.0104
2815,944.0007,0.0518,ok,0.0104
2816,944.1258,0.0554,ok,0.0107
2817,944.2505,0.0745,ok,0.0136
2818,944.3752,0.0819,ok,0.0109
2819,944.5004,0.0747,ok,0.0100
2820,944.6253,0.0577,ok,0.0105
2821,944.7513,0.0872,ok,0.0142
2822,945.1271,0.0852,ok,0.0130
2823,945.2507,0.1066,ok,0.0127
2824,945.3765,0.0596,ok,0.0105
2825,945.5005,0.0617,ok,0.0112
2826,945.6254,0.0936,ok,0.0100
2827,945.7502,0.0641,ok,0.0119
2828,945.8755,0.0479,ok,0.0112
2829,946.0007,0.0716,ok,0.0121
2830,946.1255,0.0836,ok,0.0107
2831,946.2504,0.0685,ok,0.0117
2832,946.3761,0.0907,ok,0.0104
2833,946.5010,0.0577,ok,0.0101
2834,946.6270,0.0812,ok,0.0106
2835,946.7505,0.0795,ok,0.0138
2836,947.0004,0.0688,ok,0.0105
2837,947.2507,0.0670,ok,0.0138
2838,947.5012,0.0831,ok,0.0106
2839,947.6255,0.0703,ok,0.0104
2840,947.7512,0.0766,ok,0.0141
2841,947.8761,0.0521,ok,0.0106
2842,948.0015,0.0671,ok,0.0120
2843,948.1258,0.0831,ok,0.0107
2844,948.2502,0.0529,ok,0.0137
2845,948.3765,0.0489,ok,0.0105
2846,948.7510,0.0532,ok,0.0139
2847,948.8764,0.0734,ok,0.0104
2848,949.1122,0.0690,ok,0.0105
2849,949.4447,0.0517,ok,0.0141
2850,949.5567,0.0493,ok,0.0111
2851,949.6674,0.0765,ok,0.0120
2852,949.7782,0.0875,ok,0.0121
2853,949.8899,0.0662,ok,0.0126
2854,950.0003,0.0688,ok,0.0104
2855,950.1113,0.0432,ok,0.0097
2856,950.4451,0.0558,ok,0.0133
2857,950.5571,0.0917,ok,0.0100
2858,950.6680,0.0661,ok,0.0100
2859,950.8895,0.0668,ok,0.0118
2860,951.0006,0.0472,ok,0.0106
2861,951.2243,0.0961,ok,0.0133
2862,951.3347,0.0653,ok,0.0097
2863,951.4442,0.0743,ok,0.0095
2864,951.5567,0.0588,ok,0.0097
2865,951.6688,0.0744,ok,0.0097
2866,951.7784,0.0648,ok,0.0114
2867,951.8895,0.0607,ok,0.0103
2868,952.1115,0.0748,ok,0.0103
2869,952.3337,0.0905,ok,0.0144
2870,952.4445,0.0706,ok,0.0108
2871,952.6674,0.0696,ok,0.0112
2872,952.7783,0.0815,ok,0.0127
2873,953.0012,0.0851,ok,0.0121
2874,953.1116,0.0641,ok,0.0101
2875,953.2230,0.0855,ok,0.0140
2876,953.3337,0.0692,ok,0.0110
2877,953.4442,0.0832,ok,0.0109
2878,953.5566,0.0834,ok,0.0098
2879,953.6672,0.0630,ok,0.0105
2880,953.7785,0.0551,ok,0.0123
2881,953.8899,0.0633,ok,0.0113
2882,954.0004,0.0847,ok,0.0107
2883,954.1124,0.0858,ok,0.0105
2884,954.2225,0.0779,ok,0.0138
2885,954.4458,0.0627,ok,0.0106
2886,954.5567,0.0282,ok,0.0101
2887,954.6681,0.0903,ok,0.0107
2888,954.7786,0.1015,ok,0.0122
2889,954.8904,0.0804,ok,0.0132
2890,955.0011,0.0738,ok,0.0109
2891,955.2235,0.0555,ok,0.0167
2892,955.3334,0.0893,ok,0.0106
2893,955.4449,0.0702,ok,0.0103
2894,955.5564,0.0641,ok,0.0101
2895,955.6677,0.0898,ok,0.0101
2896,955.7787,0.0716,ok,0.0116
2897,955.8896,0.0964,ok,0.0112
2898,956.0002,0.0655,ok,0.0100
2899,956.2231,0.0645,ok,0.0108
2900,956.3338,0.0930,ok,0.0139
2901,956.4460,0.0596,ok,0.0107
2902,956.5569,0.0857,ok,0.0104
2903,956.6679,0.0673,ok,0.0106
2904,956.7785,0.0562,ok,0.0161
2905,956.8901,0.0877,ok,0.0109
2906,957.0011,0.0578,ok,0.0104
2907,957.1120,0.0999,ok,0.0105
2908,957.2221,0.0685,ok,0.0101
2909,957.3338,0.1041,ok,0.0103
2910,957.4441,0.0821,ok,0.0096
2911,957.5564,0.0820,ok,0.0111
2912,957.7787,0.0319,ok,0.0107
2913,957.8898,0.0842,ok,0.0102
2914,958.0012,0.1027,ok,0.0123
2915,958.2233,0.0556,ok,0.0114
2916,958.3332,0.0848,ok,0.0112
2917,958.4453,0.0709,ok,0.0135
2918,958.5564,0.0646,ok,0.0110
2919,958.6671,0.0841,ok,0.0103
2920,958.7783,0.0668,ok,0.0102
2921,958.8893,0.1147,ok,0.0107
2922,959.0008,0.0828,ok,0.0160
2923,959.1119,0.0651,ok,0.0116
2924,959.3334,0.0644,ok,0.0111
2925,959.4450,0.0749,ok,0.0103
2926,959.5572,0.0514,ok,0.0119
2927,959.6688,0.0661,ok,0.0110
2928,959.8904,0.0773,ok,0.0134
2929,960.0010,0.0718,ok,0.0105
2930,960.1121,0.0758,ok,0.0099
2931,960.2231,0.0625,ok,0.0104
2932,960.3340,0.0681,ok,0.0135
2933,960.4443,0.0784,ok,0.0109
2934,960.5570,0.0671,ok,0.0103
2935,960.6674,0.0669,ok,0.0103
2936,960.7785,0.0436,ok,0.0103
2937,961.0006,0.0849,ok,0.0132
2938,961.1128,0.0522,ok,0.0110
2939,961.3334,0.0775,ok,0.0135
2940,961.4442,0.0609,ok,0.0105
2941,961.5563,0.0577,ok,0.0102
2942,961.6673,0.0731,ok,0.0102
2943,961.7786,0.0885,ok,0.0096
2944,961.8892,0.0709,ok,0.0116
2945,962.0004,0.0825,ok,0.0124
2946,962.1112,0.0891,ok,0.0107
2947,962.2224,0.0594,ok,0.0105
2948,962.3351,0.0731,ok,0.0103
2949,962.4454,0.0797,ok,0.0107
2950,962.5564,0.0598,ok,0.0143
2951,962.6674,0.0708,ok,0.0113
2952,962.7785,0.0395,ok,0.0107
2953,962.8902,0.0847,ok,0.0110
2954,963.1113,0.0849,ok,0.0148
2955,963.2236,0.0602,ok,0.0111
2956,963.3341,0.0781,ok,0.0103
2957,963.4444,0.0838,ok,0.0100
2958,963.5565,0.0826,ok,0.0104
2959,963.6673,0.0553,ok,0.0094
2960,963.8900,0.0576,ok,0.0140
2961,964.0008,0.0782,ok,0.0109
2962,964.1112,0.0658,ok,0.0107
2963,964.2222,0.0647,ok,0.0108
2964,964.3341,0.0594,ok,0.0124
2965,964.4448,0.0859,ok,0.0106
2966,964.5580,0.0775,ok,0.0099
2967,964.6677,0.0729,ok,0.0098
2968,964.7788,0.0876,ok,0.0103
2969,964.8897,0.0633,ok,0.0118
2970,965.0003,0.0443,ok,0.0130
2971,965.1260,0.0736,ok,0.0108
2972,965.3760,0.0932,ok,0.0139
2973,965.5006,0.0578,ok,0.0105
2974,965.6266,0.0827,ok,0.0108
2975,965.7505,0.0691,ok,0.0106
2976,965.8759,0.0597,ok,0.0126
2977,966.0008,0.0765,ok,0.0105
2978,966.1256,0.0562,ok,0.0104
2979,966.2510,0.1084,ok,0.0105
2980,966.3756,0.0925,ok,0.0123
2981,966.5003,0.0538,ok,0.0112
2982,967.1269,0.0467,ok,0.0140
2983,967.2510,0.0616,ok,0.0110
2984,967.5010,0.0672,ok,0.0121
2985,967.6254,0.0687,ok,0.0108
2986,967.8755,0.0543,ok,0.0136
2987,968.0002,0.0591,ok,0.0101
2988,968.2507,0.0733,ok,0.0098
2989,968.5003,0.0745,ok,0.0117
2990,968.7512,0.0758,ok,0.0108
2991,968.8755,0.0654,ok,0.0119
2992,969.0011,0.0733,ok,0.0104
2993,969.1257,0.0785,ok,0.0109
2994,969.2504,0.0642,ok,0.0107
2995,969.3758,0.0717,ok,0.0119
2996,969.6259,0.0754,ok,0.0108
2997,969.7506,0.0897,ok,0.0111
2998,969.8755,0.0905,ok,0.0126
2999,970.0003,0.0765,ok,0.0120
3000,970.1260,0.0821,ok,0.0113
3001,970.2504,0.0819,ok,0.0111
3002,970.3755,0.0858,ok,0.0122
3003,970.5006,0.0613,ok,0.0110
3004,970.6252,0.0654,ok,0.0106
3005,970.7508,0.0863,ok,0.0108
3006,970.8754,0.0657,ok,0.0122
3007,971.0014,0.0626,ok,0.0105
3008,971.1433,0.0829,ok,0.0106
3009,971.2866,0.0815,ok,0.0178
3010,971.7148,0.0838,ok,0.0114
3011,971.8589,0.0924,ok,0.0125
3012,972.0006,0.0772,ok,0.0114
3013,972.1441,0.0615,ok,0.0110
3014,972.4301,0.0781,ok,0.0126
3015,972.7156,0.0892,ok,0.0107
3016,972.8581,0.0939,ok,0.0122
3017,973.0002,0.0791,ok,0.0116
3018,973.1435,0.0747,ok,0.0100
3019,973.2865,0.0634,ok,0.0131
3020,973.4301,0.0640,ok,0.0105
3021,973.7145,0.0695,ok,0.0104
3022,973.8574,0.0704,ok,0.0126
3023,974.1442,0.0801,ok,0.0112
3024,974.2866,0.0857,ok,0.0104
3025,974.4295,0.0507,ok,0.0112
3026,974.5715,0.0815,ok,0.0109
3027,974.7142,0.0778,ok,0.0101
3028,974.8573,0.0884,ok,0.0138
3029,975.0010,0.0603,ok,0.0116
3030,975.1436,0.0966,ok,0.0105
3031,975.2864,0.0671,ok,0.0109
3032,975.4298,0.0942,ok,0.0122
3033,975.5712,0.0668,ok,0.0101
3034,975.7143,0.0653,ok,0.0101
3035,976.0011,0.0959,ok,0.0135
3036,976.1673,0.0959,ok,0.0112
3037,976.3335,0.0918,ok,0.0140
3038,976.5006,0.0745,ok,0.0101
3039,976.6675,0.0624,ok,0.0105
3040,977.0014,0.0678,ok,0.0128
3041,977.1675,0.0756,ok,0.0110
3042,977.3333,0.0763,ok,0.0099
3043,977.5009,0.1212,ok,0.0119
3044,977.6674,0.0770,ok,0.0107
3045,978.0009,0.0590,ok,0.0136
3046,978.1673,0.0521,ok,0.0110
3047,978.3337,0.0560,ok,0.0101
3048,978.5010,0.0931,ok,0.0133
3049,978.6675,0.0508,ok,0.0110
3050,979.0009,0.1021,ok,0.0136
3051,979.1673,0.0876,ok,0.0106
3052,979.3341,0.0748,ok,0.0104
3053,979.5002,0.0674,ok,0.0104
3054,979.6681,0.0693,ok,0.0130
3055,979.8337,0.0675,ok,0.0105
3056,980.0005,0.0696,ok,0.0114
3057,980.1675,0.0653,ok,0.0137
3058,980.3342,0.0790,ok,0.0110
3059,980.5014,0.0654,ok,0.0100
3060,980.6683,0.0649,ok,0.0134
3061,980.8335,0.0452,ok,0.0102
3062,981.0010,0.0490,ok,0.0108
3063,981.1674,0.0527,ok,0.0135
3064,981.3335,0.0677,ok,0.0106
3065,981.5005,0.0594,ok,0.0102
3066,981.6675,0.0695,ok,0.0133
3067,981.8334,0.0664,ok,0.0098
3068,982.0012,0.1032,ok,0.0141
3069,982.2008,0.0797,ok,0.0142
3070,982.4008,0.1032,ok,0.0108
3071,982.6003,0.0644,ok,0.0106
3072,982.8010,0.0598,ok,0.0108
3073,983.0012,0.0855,ok,0.0137
3074,983.4012,0.0575,ok,0.0121
3075,983.6021,0.0556,ok,0.0110
3076,983.8021,0.0910,ok,0.0130
3077,984.0005,0.0468,ok,0.0102
3078,984.2007,0.0790,ok,0.0099
3079,984.4011,0.0670,ok,0.0136
3080,984.8008,0.0772,ok,0.0132
3081,985.0002,0.0650,ok,0.0111
3082,985.5009,0.0759,ok,0.0133
3083,985.7522,0.1093,ok,0.0141
3084,986.0010,0.0942,ok,0.0108
3085,986.2506,0.0728,ok,0.0137
3086,986.5008,0.0687,ok,0.0103
3087,986.7510,0.0681,ok,0.0133
3088,987.0005,0.0626,ok,0.0104
3089,987.2505,0.0679,ok,0.0114
3090,987.5009,0.0732,ok,0.0156
3091,987.7506,0.0739,ok,0.0108
3092,988.0010,0.0645,ok,0.0178
3093,988.2510,0.0590,ok,0.0116
3094,988.5004,0.0740,ok,0.0109
3095,988.7508,0.0581,ok,0.0128
3096,989.0004,0.0783,ok,0.0125
3097,989.3342,0.0688,ok,0.0122
3098,989.6675,0.0742,ok,0.0132
3099,990.0012,0.0553,ok,0.0166
3100,990.3341,0.0779,ok,0.0116
3101,991.0010,0.0717,ok,0.0138
3102,992.0021,0.0779,ok,0.0157
3103,992.5009,0.0963,ok,0.0153
3104,993.0009,0.1214,ok,0.0138
3105,993.5011,0.0745,ok,0.0136
3106,994.0014,0.0644,ok,0.0160
3107,995.0021,0.0930,ok,0.0149
3108,995.5009,0.0618,ok,0.0148
3109,996.0017,0.0998,ok,0.0156
3110,998.0009,0.0817,ok,0.0181
3111,999.0018,0.0809,ok,0.0139
3112,1014.0016,0.0499,ok,0.0172
3113,1016.0028,0.0889,ok,0.0159
3114,1017.0019,0.0498,ok,0.0139
3115,1018.0030,0.0377,ok,0.0138
3116,1019.0020,0.0759,ok,0.0135
3117,1020.0011,0.0631,ok,0.0208
3118,1022.0024,0.0606,ok,0.0139
3119,1023.0013,0.0435,ok,0.0139
3120,1024.0030,0.0770,ok,0.0136
3121,1025.0013,0.0542,ok,0.0135
3122,1026.0027,0.0959,ok,0.0133
3123,1027.0020,0.0850,ok,0.0134
3124,1028.0013,0.0648,ok,0.0134
3125,1029.0013,0.0774,ok,0.0132
3126,1030.0012,0.0706,ok,0.0145
3127,1032.0030,0.0636,ok,0.0139
3128,1033.0019,0.0599,ok,0.0132
3129,1035.0030,0.0744,ok,0.0138
3130,1070.0256,0.0666,ok,0.0184
3131,1071.0013,0.0762,ok,0.0137
3132,1071.5012,0.0793,ok,0.0138
3133,1072.0013,0.0822,ok,0.0139
3134,1072.3341,0.0712,ok,0.0138
3135,1073.0012,0.0917,ok,0.0138
3136,1073.3335,0.0667,ok,0.0137
3137,1073.6686,0.0801,ok,0.0121
3138,1074.0012,0.0816,ok,0.0128
3139,1074.5015,0.0558,ok,0.0135
3140,1074.7508,0.0857,ok,0.0139
3141,1075.0009,0.0684,ok,0.0138
3142,1075.2005,0.0469,ok,0.0102
3143,1075.4007,0.0772,ok,0.0120
3144,1075.6003,0.0970,ok,0.0108
3145,1075.8016,0.0945,ok,0.0134
3146,1076.0014,0.0485,ok,0.0108
3147,1076.1673,0.0742,ok,0.0108
3148,1076.3338,0.0607,ok,0.0117
3149,1076.5007,0.0552,ok,0.0107
3150,1076.6672,0.0824,ok,0.0117
3151,1076.8340,0.0669,ok,0.0138
3152,1077.0002,0.0422,ok,0.0100
3153,1077.1437,0.0895,ok,0.0107
3154,1077.2865,0.0626,ok,0.0099
3155,1077.4294,0.0609,ok,0.0123
3156,1077.7147,0.0969,ok,0.0113
3157,1077.8579,0.0697,ok,0.0116
3158,1078.0008,0.0583,ok,0.0109
3159,1078.1254,0.0605,ok,0.0111
3160,1078.2502,0.0501,ok,0.0105
3161,1078.3757,0.0443,ok,0.0144
3162,1078.6265,0.0656,ok,0.0124
3163,1078.7504,0.0489,ok,0.0109
3164,1078.8757,0.0454,ok,0.0136
3165,1079.0004,0.0644,ok,0.0106
3166,1079.1260,0.0908,ok,0.0107
3167,1079.2510,0.0655,ok,0.0102
3168,1079.3768,0.0815,ok,0.0142
3169,1079.5006,0.0621,ok,0.0101
3170,1079.6260,0.0713,ok,0.0102
3171,1079.7506,0.0768,ok,0.0109
3172,1079.8756,0.0680,ok,0.0135
3173,1080.0009,0.0890,ok,0.0147
3174,1080.1113,0.0622,ok,0.0119
3175,1080.3339,0.0713,ok,0.0114
3176,1080.4445,0.0833,ok,0.0112
3177,1080.5571,0.0672,ok,0.0106
3178,1080.7786,0.0718,ok,0.0104
3179,1080.8896,0.0632,ok,0.0132
3180,1081.0010,0.0877,ok,0.0107
3181,1081.1009,0.0796,ok,0.0101
3182,1081.2008,0.0748,ok,0.0099
3183,1081.3008,0.0560,ok,0.0100
3184,1081.5022,0.0685,ok,0.0099
3185,1081.7011,0.0721,ok,0.0143
3186,1081.9006,0.1136,ok,0.0103
3187,1082.0004,0.0466,ok,0.0104
3188,1082.0912,0.0737,ok,0.0103
3189,1082.1841,0.0588,ok,0.0116
3190,1082.2741,0.0594,ok,0.0107
3191,1082.3648,0.0577,ok,0.0103
3192,1082.5458,0.1220,ok,0.0105
3193,1082.6366,0.0777,ok,0.0114
3194,1082.7284,0.0683,ok,0.0112
3195,1082.8188,0.0631,ok,0.0112
3196,1082.9091,0.0839,ok,0.0101
3197,1083.0002,0.0772,ok,0.0095
3198,1083.0835,0.0434,ok,0.0099
3199,1083.3353,0.0819,ok,0.0132
3200,1083.4174,0.0667,ok,0.0095
3201,1083.5002,0.0623,ok,0.0098
3202,1083.5837,0.0421,ok,0.0100
3203,1083.6681,0.0759,ok,0.0098
3204,1083.7502,0.0617,ok,0.0093
3205,1083.8341,0.0584,ok,0.0115
3206,1083.9178,0.0572,ok,0.0112
3207,1084.0004,0.0470,ok,0.0104
3208,1084.0776,0.0893,ok,0.0108
3209,1084.1542,0.0840,ok,0.0110
3210,1084.3084,0.0701,ok,0.0100
3211,1084.3857,0.0723,ok,0.0110
3212,1084.4621,0.1053,ok,0.0094
3213,1084.5385,0.0554,ok,0.0097
3214,1084.6152,0.0656,ok,0.0105
3215,1084.6930,0.0471,ok,0.0102
3216,1084.8464,0.0553,ok,0.0120
3217,1084.9239,0.0548,ok,0.0121
3218,1085.0011,0.0578,ok,0.0120
3219,1085.0782,0.0724,ok,0.0110
3220,1085.1548,0.0607,ok,0.0098
3221,1085.2317,0.0423,ok,0.0102
3222,1085.3082,0.0651,ok,0.0099
3223,1085.3855,0.0791,ok,0.0117
3224,1085.4627,0.0771,ok,0.0094
3225,1085.5382,0.0790,ok,0.0094
3226,1085.6151,0.0700,ok,0.0098
3227,1085.6923,0.0741,ok,0.0092
3228,1085.7695,0.0367,ok,0.0095
3229,1085.9236,0.0575,ok,0.0138
3230,1086.0004,0.0803,ok,0.0112
3231,1086.0711,0.0573,ok,0.0109
3232,1086.1435,0.1034,ok,0.0101
3233,1086.2144,0.1135,ok,0.0098
3234,1086.2870,0.0375,ok,0.0095
3235,1086.3582,0.0966,ok,0.0135
3236,1086.4295,0.0674,ok,0.0096
3237,1086.5001,0.0441,ok,0.0086
3238,1086.5715,0.0500,ok,0.0103
3239,1086.6437,0.0689,ok,0.0105
3240,1086.7148,0.1007,ok,0.0094
3241,1086.8578,0.0691,ok,0.0130
3242,1086.9291,0.0867,ok,0.0097
3243,1087.0005,0.0515,ok,0.0117
3244,1087.0672,0.0606,ok,0.0101
3245,1087.1339,0.0664,ok,0.0094
3246,1087.2004,0.0878,ok,0.0089
3247,1087.3335,0.0469,ok,0.0139
3248,1087.4007,0.0684,ok,0.0102
3249,1087.4673,0.0885,ok,0.0095
3250,1087.6011,0.0909,ok,0.0102
3251,1087.6671,0.1035,ok,0.0109
3252,1087.7339,0.0789,ok,0.0100
3253,1087.8003,0.0694,ok,0.0143
3254,1087.8676,0.0809,ok,0.0109
3255,1087.9335,0.0895,ok,0.0096
3256,1088.0623,0.0871,ok,0.0103
3257,1088.1258,0.0611,ok,0.0097
3258,1088.1890,0.0701,ok,0.0099
3259,1088.2505,0.0611,ok,0.0100
3260,1088.3127,0.0914,ok,0.0103
3261,1088.3753,0.0507,ok,0.0113
3262,1088.4382,0.1161,ok,0.0111
3263,1088.5008,0.0582,ok,0.0096
3264,1088.5622,0.0378,ok,0.0089
3265,1088.6252,0.0915,ok,0.0096
3266,1088.6884,0.0928,ok,0.0091
3267,1088.7505,0.0803,ok,0.0096
3268,1088.8124,0.0606,ok,0.0115
3269,1088.8751,0.0897,ok,0.0097
3270,1088.9384,0.0483,ok,0.0108
3271,1089.0010,0.0738,ok,0.0106
3272,1089.0600,0.0352,ok,0.0096
3273,1089.1184,0.0714,ok,0.0096
3274,1089.1765,0.0680,ok,0.0098
3275,1089.2360,0.0650,ok,0.0096
3276,1089.2947,0.0548,ok,0.0192
3277,1089.3538,0.0473,ok,0.0109
3278,1089.4122,0.0655,ok,0.0104
3279,1089.5310,0.0595,ok,0.0105
3280,1089.6477,0.0745,ok,0.0103
3281,1089.7654,0.1155,ok,0.0104
3282,1089.8245,0.1001,ok,0.0116
3283,1089.8822,0.0888,ok,0.0143
3284,1090.0004,0.0787,ok,0.0118
3285,1090.0571,0.0872,ok,0.0099
3286,1090.1115,0.0937,ok,0.0100
3287,1090.1672,0.0926,ok,0.0100
3288,1090.2224,0.0547,ok,0.0094
3289,1090.3894,0.0952,ok,0.0125
3290,1090.5009,0.0894,ok,0.0099
3291,1090.5561,0.0571,ok,0.0096
3292,1090.6117,0.0932,ok,0.0101
3293,1090.6675,0.0357,ok,0.0094
3294,1090.7221,0.0593,ok,0.0098
3295,1090.7781,0.0779,ok,0.0265
3296,1090.8338,0.0535,ok,0.0118
3297,1090.8894,0.0787,ok,0.0096
3298,1090.9445,0.0986,ok,0.0096
3299,1091.0003,0.0943,ok,0.0095
3300,1091.0599,0.0782,ok,0.0101
3301,1091.1763,0.0480,ok,0.0100
3302,1091.2354,0.0936,ok,0.0103
3303,1091.2943,0.0969,ok,0.0120
3304,1091.4124,0.0419,ok,0.0102
3305,1091.4716,0.0575,ok,0.0100
3306,1091.5893,0.0892,ok,0.0103
3307,1091.6480,0.0857,ok,0.0094
3308,1091.7064,0.0898,ok,0.0096
3309,1091.8244,0.0610,ok,0.0121
3310,1091.9417,0.0702,ok,0.0118
3311,1092.0001,0.0847,ok,0.0102
3312,1092.0628,0.0657,ok,0.0098
3313,1092.1254,0.1010,ok,0.0120
3314,1092.1885,0.0822,ok,0.0093
3315,1092.3130,0.0493,ok,0.0127
3316,1092.3766,0.0564,ok,0.0104
3317,1092.4382,0.0415,ok,0.0093
3318,1092.5628,0.0609,ok,0.0102
3319,1092.6259,0.0875,ok,0.0090
3320,1092.6881,0.1197,ok,0.0095
3321,1092.7505,0.1193,ok,0.0134
3322,1092.8122,0.0924,ok,0.0103
3323,1092.8757,0.0794,ok,0.0096
3324,1092.9383,0.0780,ok,0.0097
3325,1093.0002,0.0535,ok,0.0092
3326,1093.1269,0.0617,ok,0.0099
3327,1093.2510,0.1163,ok,0.0233
3328,1093.3123,0.0982,ok,0.0112
3329,1093.3752,0.0810,ok,0.0109
3330,1093.4381,0.0827,ok,0.0094
3331,1093.5008,0.0871,ok,0.0095
3332,1093.5623,0.0551,ok,0.0098
3333,1093.6256,0.0798,ok,0.0099
3334,1093.6887,0.1047,ok,0.0098
3335,1093.7501,0.0838,ok,0.0099
3336,1093.9392,0.0878,ok,0.0121
3337,1094.0011,0.0746,ok,0.0102
3338,1094.0675,0.0699,ok,0.0096
3339,1094.3337,0.0926,ok,0.0128
3340,1094.4009,0.0596,ok,0.0097
3341,1094.5338,0.0493,ok,0.0098
3342,1094.6003,0.0323,ok,0.0096
3343,1094.6678,0.0874,ok,0.0097
3344,1094.7337,0.0613,ok,0.0093
3345,1094.8001,0.0872,ok,0.0111
3346,1094.8676,0.0599,ok,0.0108
3347,1094.9336,0.0569,ok,0.0111
3348,1095.0678,0.0501,ok,0.0106
3349,1095.1331,0.1017,ok,0.0101
3350,1095.2009,0.0677,ok,0.0095
3351,1095.2671,0.0563,ok,0.0094
3352,1095.3335,0.0868,ok,0.0121
3353,1095.4004,0.0526,ok,0.0112
3354,1095.4672,0.0939,ok,0.0119
3355,1095.5335,0.1058,ok,0.0099
3356,1095.6001,0.0851,ok,0.0093
3357,1095.6673,0.0568,ok,0.0110
3358,1095.7343,0.0500,ok,0.0100
3359,1095.8005,0.0591,ok,0.0118
3360,1095.8677,0.0605,ok,0.0100
3361,1095.9333,0.0760,ok,0.0099
3362,1096.0715,0.1000,ok,0.0104
3363,1096.1435,0.0879,ok,0.0106
3364,1096.2145,0.0870,ok,0.0099
3365,1096.2861,0.1088,ok,0.0139
3366,1096.3574,0.0672,ok,0.0114
3367,1096.4297,0.0646,ok,0.0092
3368,1096.5005,0.0465,ok,0.0094
3369,1096.5712,0.0663,ok,0.0108
3370,1096.6437,0.0642,ok,0.0088
3371,1096.7150,0.0638,ok,0.0099
3372,1096.7870,0.0669,ok,0.0099
3373,1096.8580,0.0463,ok,0.0095
3374,1096.9296,0.0833,ok,0.0117
3375,1097.0005,0.0590,ok,0.0106
3376,1097.0717,0.0762,ok,0.0100
3377,1097.2161,0.0337,ok,0.0095
3378,1097.3581,0.0711,ok,0.0096
3379,1097.4294,0.0756,ok,0.0109
3380,1097.6433,0.0830,ok,0.0105
3381,1097.7150,0.0826,ok,0.0097
3382,1097.7864,0.0656,ok,0.0094
3383,1097.8572,0.0505,ok,0.0089
3384,1097.9299,0.0883,ok,0.0117
3385,1098.0785,0.0997,ok,0.0104
3386,1098.3085,0.0856,ok,0.0100
3387,1098.3855,0.0485,ok,0.0099
3388,1098.4623,0.0700,ok,0.0099
3389,1098.6155,0.0523,ok,0.0112
3390,1098.6931,0.0421,ok,0.0104
3391,1098.8465,0.0654,ok,0.0103
3392,1098.9231,0.0882,ok,0.0103
3393,1099.0006,0.0708,ok,0.0121
3394,1099.0775,0.0604,ok,0.0096
3395,1099.1541,0.0887,ok,0.0102
3396,1099.2316,0.0719,ok,0.0095
3397,1099.3087,0.0702,ok,0.0100
3398,1099.3860,0.0523,ok,0.0097
3399,1099.4625,0.1036,ok,0.0097
3400,1099.5383,0.1079,ok,0.0104
3401,1099.6156,0.0790,ok,0.0095
3402,1099.6924,0.0505,ok,0.0104
3403,1099.7702,0.0753,ok,0.0107
3404,1099.8466,0.0556,ok,0.0096
3405,1099.9234,0.0477,ok,0.0113
3406,1100.0004,0.0427,ok,0.0108
3407,1100.0833,0.0561,ok,0.0103
3408,1100.1676,0.0385,ok,0.0120
3409,1100.2504,0.0886,ok,0.0119
3410,1100.5003,0.0487,ok,0.0105
3411,1100.6684,0.0781,ok,0.0107
3412,1100.7508,0.0664,ok,0.0110
3413,1100.8334,0.0655,ok,0.0103
3414,1100.9181,0.0728,ok,0.0099
3415,1101.0011,0.0563,ok,0.0103
3416,1101.0847,0.0947,ok,0.0099
3417,1101.1674,0.0861,ok,0.0099
3418,1101.2503,0.0533,ok,0.0115
3419,1101.4179,0.0817,ok,0.0110
3420,1101.5007,0.0557,ok,0.0097
3421,1101.5836,0.0348,ok,0.0104
3422,1101.6678,0.0666,ok,0.0096
3423,1101.7506,0.0401,ok,0.0112
3424,1101.8340,0.0858,ok,0.0104
3425,1101.9177,0.0474,ok,0.0100
3426,1102.0003,0.0797,ok,0.0121
3427,1102.0912,0.0499,ok,0.0102
3428,1102.1822,0.0822,ok,0.0101
3429,1102.3648,0.0819,ok,0.0147
3430,1102.4570,0.0608,ok,0.0100
3431,1102.5459,0.0983,ok,0.0099
3432,1102.6361,0.0557,ok,0.0093
3433,1102.8192,0.0585,ok,0.0133
3434,1102.9101,0.0703,ok,0.0105
3435,1103.0916,0.0593,ok,0.0103
3436,1103.1822,0.0869,ok,0.0099
3437,1103.2733,0.0503,ok,0.0090
3438,1103.3648,0.0683,ok,0.0100
3439,1103.4552,0.0778,ok,0.0102
3440,1103.5452,0.0648,ok,0.0095
3441,1103.7273,0.0804,ok,0.0114
3442,1103.8189,0.0517,ok,0.0106
3443,1103.9099,0.0773,ok,0.0098
3444,1104.0014,0.0790,ok,0.0099
3445,1104.1006,0.0996,ok,0.0098
3446,1104.3005,0.0564,ok,0.0122
3447,1104.4011,0.1244,ok,0.0102
3448,1104.5005,0.0376,ok,0.0094
3449,1104.6003,0.0611,ok,0.0104
3450,1104.9019,0.1001,ok,0.0134
3451,1105.0007,0.1019,ok,0.0134
3452,1105.1004,0.0273,ok,0.0105
3453,1105.2009,0.0531,ok,0.0104
3454,1105.3002,0.0902,ok,0.0104
3455,1105.4005,0.0667,ok,0.0099
3456,1105.5005,0.0638,ok,0.0117
3457,1105.6015,0.0748,ok,0.0101
3458,1105.7006,0.0784,ok,0.0105
3459,1105.8003,0.0550,ok,0.0105
3460,1105.9005,0.0729,ok,0.0098
3461,1106.0007,0.0722,ok,0.0161
3462,1106.1113,0.0550,ok,0.0106
3463,1106.2225,0.0898,ok,0.0098
3464,1106.3335,0.0652,ok,0.0097
3465,1106.4449,0.0619,ok,0.0107
3466,1106.5571,0.0611,ok,0.0125
3467,1106.6675,0.0780,ok,0.0104
3468,1106.7787,0.0745,ok,0.0101
3469,1106.8905,0.0834,ok,0.0097
3470,1107.0012,0.0601,ok,0.0182
3471,1107.1116,0.0838,ok,0.0111
3472,1107.2227,0.0702,ok,0.0101
3473,1107.3332,0.0640,ok,0.0102
3474,1107.4444,0.0767,ok,0.0102
3475,1107.5564,0.0674,ok,0.0123
3476,1107.6682,0.0670,ok,0.0103
3477,1107.8896,0.0593,ok,0.0104
3478,1108.0023,0.0631,ok,0.0199
3479,1108.1257,0.0566,ok,0.0109
3480,1108.3757,0.0796,ok,0.0105
3481,1108.5006,0.0611,ok,0.0158
3482,1108.6260,0.0738,ok,0.0108
3483,1108.7510,0.0589,ok,0.0101
3484,1108.8752,0.0574,ok,0.0099
3485,1109.0009,0.0760,ok,0.0100
3486,1109.1262,0.0711,ok,0.0115
3487,1109.2505,0.0437,ok,0.0102
3488,1109.3754,0.0651,ok,0.0098
3489,1109.5008,0.1051,ok,0.0218
3490,1109.6252,0.1103,ok,0.0115
3491,1109.7507,0.0752,ok,0.0106
3492,1109.8763,0.0603,ok,0.0150
3493,1110.0010,0.0665,ok,0.0107
3494,1110.1439,0.0605,ok,0.0115
3495,1110.2866,0.0859,ok,0.0103
3496,1110.4298,0.0446,ok,0.0096
3497,1110.5718,0.0499,ok,0.0138
3498,1110.7150,0.0474,ok,0.0109
3499,1111.0019,0.0870,ok,0.0139
3500,1111.1431,0.0578,ok,0.0119
3501,1111.2862,0.0424,ok,0.0104
3502,1111.4298,0.0826,ok,0.0096
3503,1111.5727,0.0546,ok,0.0122
3504,1111.7157,0.0442,ok,0.0107
3505,1111.8582,0.0468,ok,0.0104
3506,1112.0004,0.0821,ok,0.0123
3507,1112.1678,0.0807,ok,0.0122
3508,1112.3338,0.0862,ok,0.0106
3509,1112.5004,0.0758,ok,0.0189
3510,1112.6675,0.0930,ok,0.0111
3511,1112.8338,0.0338,ok,0.0098
3512,1113.0011,0.0635,ok,0.0170
3513,1113.1690,0.0741,ok,0.0112
3514,1113.3334,0.0681,ok,0.0097
3515,1113.5010,0.0827,ok,0.0139
3516,1113.6680,0.0796,ok,0.0103
3517,1114.0013,0.0721,ok,0.0193
3518,1114.3339,0.0843,ok,0.0107
3519,1114.5006,0.0686,ok,0.0137
3520,1114.6676,0.0730,ok,0.0104
3521,1114.8339,0.0515,ok,0.0101
3522,1115.0007,0.0599,ok,0.0131
3523,1115.1679,0.0573,ok,0.0114
3524,1115.3336,0.0620,ok,0.0100
3525,1115.5008,0.0626,ok,0.0103
3526,1115.6687,0.0682,ok,0.0117
3527,1115.8341,0.0579,ok,0.0102
3528,1116.1675,0.0668,ok,0.0139
3529,1116.3337,0.0622,ok,0.0101
3530,1116.5014,0.0633,ok,0.0171
3531,1116.6690,0.0750,ok,0.0107
3532,1116.8333,0.0811,ok,0.0101
3533,1117.1680,0.0573,ok,0.0135
3534,1117.3336,0.0617,ok,0.0097
3535,1117.6680,0.0354,ok,0.0133
3536,1117.8338,0.0786,ok,0.0096
3537,1118.0008,0.0751,ok,0.0145
3538,1118.1682,0.0736,ok,0.0105
3539,1118.3341,0.0697,ok,0.0095
3540,1118.5011,0.0796,ok,0.0144
3541,1118.6691,0.0932,ok,0.0103
3542,1118.8346,0.0812,ok,0.0099
3543,1119.3344,0.0770,ok,0.0131
3544,1119.5008,0.0900,ok,0.0156
3545,1119.6682,0.0529,ok,0.0100
3546,1119.8334,0.0761,ok,0.0098
3547,1120.0009,0.0620,ok,0.0154
3548,1120.1683,0.0834,ok,0.0108
3549,1120.3340,0.0546,ok,0.0100
3550,1120.5011,0.0825,ok,0.0156
3551,1120.6679,0.0709,ok,0.0111
3552,1120.8341,0.0512,ok,0.0100
3553,1121.0009,0.0511,ok,0.0167
3554,1121.1674,0.0801,ok,0.0108
3555,1121.3338,0.0799,ok,0.0093
3556,1121.5022,0.0736,ok,0.0143
3557,1121.6681,0.0841,ok,0.0104
3558,1121.8335,0.0774,ok,0.0098
3559,1122.0012,0.0736,ok,0.0141
3560,1122.1682,0.0443,ok,0.0106
3561,1122.3338,0.0467,ok,0.0102
3562,1122.5009,0.0555,ok,0.0132
3563,1123.0012,0.0654,ok,0.0136
3564,1123.1680,0.0847,ok,0.0111
3565,1123.3341,0.0717,ok,0.0103
3566,1123.5012,0.0914,ok,0.0133
3567,1123.6680,0.0602,ok,0.0099
3568,1123.8335,0.0589,ok,0.0100
3569,1124.0008,0.0853,ok,0.0134
3570,1124.1674,0.0637,ok,0.0101
3571,1124.3334,0.0601,ok,0.0096
3572,1124.5009,0.0823,ok,0.0139
3573,1124.6674,0.0725,ok,0.0113
3574,1124.8333,0.0839,ok,0.0101
3575,1125.1677,0.0780,ok,0.0137
3576,1125.3340,0.0859,ok,0.0104
3577,1125.5012,0.1067,ok,0.0138
3578,1125.6682,0.0383,ok,0.0111
3579,1125.8339,0.0768,ok,0.0121
3580,1126.0011,0.0974,ok,0.0162
3581,1126.1679,0.0525,ok,0.0113
3582,1126.3337,0.0737,ok,0.0103
3583,1126.5008,0.0832,ok,0.0184
3584,1126.6673,0.0497,ok,0.0113
3585,1126.8333,0.0847,ok,0.0107
3586,1127.0004,0.0519,ok,0.0159
3587,1127.5012,0.0932,ok,0.0183
3588,1127.6678,0.0723,ok,0.0111
3589,1127.8334,0.0740,ok,0.0096
3590,1128.0008,0.0581,ok,0.0161
3591,1128.1673,0.0698,ok,0.0113
3592,1128.3334,0.0716,ok,0.0102
3593,1128.6675,0.0797,ok,0.0144
3594,1128.8335,0.0648,ok,0.0109
3595,1129.0007,0.0843,ok,0.0143
3596,1129.3335,0.0564,ok,0.0108
3597,1129.5004,0.0865,ok,0.0151
3598,1129.6682,0.0903,ok,0.0103
3599,1129.8337,0.0537,ok,0.0104
3600,1130.0009,0.0876,ok,0.0161
3601,1130.1678,0.0636,ok,0.0113
3602,1130.3337,0.0545,ok,0.0103
3603,1130.5006,0.0418,ok,0.0134
3604,1130.6678,0.0686,ok,0.0100
3605,1130.8338,0.0656,ok,0.0101
3606,1131.0007,0.0495,ok,0.0135
3607,1131.1677,0.0567,ok,0.0109
3608,1131.3337,0.0666,ok,0.0101
3609,1131.5006,0.0818,ok,0.0149
3610,1131.6677,0.0487,ok,0.0108
3611,1131.8337,0.0755,ok,0.0098
3612,1132.3339,0.0863,ok,0.0128
3613,1132.5006,0.0911,ok,0.0129
3614,1132.6680,0.0721,ok,0.0108
3615,1132.8333,0.0754,ok,0.0095
3616,1133.0012,0.0734,ok,0.0141
3617,1133.1679,0.0530,ok,0.0102
3618,1133.3332,0.0762,ok,0.0101
3619,1133.5009,0.0975,ok,0.0135
3620,1133.6678,0.0771,ok,0.0098
3621,1133.8332,0.0619,ok,0.0102
3622,1134.0004,0.0713,ok,0.0100
3623,1134.1680,0.0543,ok,0.0157
3624,1134.3337,0.0861,ok,0.0109
3625,1134.5010,0.0853,ok,0.0100
3626,1134.8338,0.0892,ok,0.0131
3627,1135.1676,0.0639,ok,0.0176
3628,1135.3341,0.0541,ok,0.0114
3629,1135.5006,0.0376,ok,0.0105
3630,1135.6676,0.0908,ok,0.0182
3631,1135.8337,0.0522,ok,0.0112
3632,1136.0003,0.1012,ok,0.0105
3633,1136.3340,0.0799,ok,0.0147
3634,1136.5002,0.0776,ok,0.0103
3635,1137.0015,0.1080,ok,0.0129
3636,1137.1679,0.1059,ok,0.0105
3637,1137.3341,0.0639,ok,0.0104
3638,1137.5003,0.1020,ok,0.0134
3639,1137.6677,0.0736,ok,0.0106
3640,1137.8335,0.0764,ok,0.0100
3641,1138.1675,0.0958,ok,0.0135
3642,1138.3336,0.0686,ok,0.0105
3643,1138.5005,0.0666,ok,0.0115
3644,1138.6674,0.0594,ok,0.0103
3645,1138.8341,0.0935,ok,0.0103
3646,1139.0009,0.0728,ok,0.0116
3647,1139.1680,0.0707,ok,0.0111
3648,1139.3340,0.0514,ok,0.0102
3649,1139.5008,0.0992,ok,0.0136
3650,1139.6683,0.0755,ok,0.0111
3651,1139.8341,0.0704,ok,0.0104
3652,1140.0009,0.1041,ok,0.0136
3653,1140.1673,0.0486,ok,0.0103
3654,1140.3333,0.0918,ok,0.0103
3655,1140.5004,0.0731,ok,0.0135
3656,1140.8341,0.0659,ok,0.0137
3657,1141.0004,0.1137,ok,0.0144
3658,1141.5009,0.0573,ok,0.0136
3659,1141.6675,0.0791,ok,0.0101
3660,1141.8348,0.0667,ok,0.0099
3661,1142.0007,0.0652,ok,0.0100
3662,1142.1672,0.0623,ok,0.0104
3663,1142.3348,0.0729,ok,0.0117
3664,1142.5011,0.0875,ok,0.0106
3665,1142.6679,0.0573,ok,0.0154
3666,1142.8337,0.0485,ok,0.0106
3667,1143.0015,0.0619,ok,0.0101
3668,1143.1689,0.0670,ok,0.0157
3669,1143.3333,0.0635,ok,0.0112
3670,1143.5021,0.0534,ok,0.0106
3671,1143.8340,0.0504,ok,0.0106
3672,1144.0008,0.0745,ok,0.0120
3673,1144.1676,0.0754,ok,0.0114
3674,1144.3333,0.0765,ok,0.0103
3675,1144.5011,0.0495,ok,0.0116
3676,1144.6679,0.0687,ok,0.0106
3677,1145.0011,0.0606,ok,0.0138
3678,1145.1681,0.0888,ok,0.0104
3679,1145.3332,0.0658,ok,0.0102
3680,1145.5003,0.0606,ok,0.0117
3681,1145.8334,0.0852,ok,0.0118
3682,1146.0009,0.0672,ok,0.0117
3683,1146.1675,0.0508,ok,0.0111
3684,1146.3337,0.0615,ok,0.0106
3685,1146.5005,0.0633,ok,0.0112
3686,1146.6691,0.0687,ok,0.0108
3687,1146.8342,0.1020,ok,0.0111
3688,1147.0005,0.0879,ok,0.0113
3689,1147.1678,0.0795,ok,0.0103
3690,1147.3336,0.0822,ok,0.0100
3691,1147.6683,0.0773,ok,0.0115
3692,1147.8339,0.0961,ok,0.0104
3693,1148.0003,0.0848,ok,0.0109
3694,1148.1674,0.0517,ok,0.0102
3695,1148.3334,0.0741,ok,0.0095
3696,1148.5008,0.0699,ok,0.0117
3697,1148.6680,0.0794,ok,0.0103
3698,1148.8337,0.0597,ok,0.0106
3699,1149.0007,0.0815,ok,0.0109
3700,1149.1675,0.0550,ok,0.0107
3701,1149.3338,0.1053,ok,0.0098
3702,1149.5003,0.0628,ok,0.0107
3703,1149.6676,0.0825,ok,0.0101
3704,1149.8334,0.0855,ok,0.0100
3705,1150.0003,0.0621,ok,0.0139
3706,1150.1678,0.0674,ok,0.0104
3707,1150.3335,0.0834,ok,0.0237
3708,1150.5002,0.0537,ok,0.0111
3709,1150.6673,0.0588,ok,0.0099
3710,1151.1679,0.0732,ok,0.0141
3711,1151.3335,0.0824,ok,0.0136
3712,1151.5002,0.0720,ok,0.0104
3713,1151.6675,0.0465,ok,0.0097
3714,1151.8344,0.0511,ok,0.0133
3715,1152.0009,0.0748,ok,0.0102
3716,1152.1680,0.0982,ok,0.0103
3717,1152.3345,0.0880,ok,0.0129
3718,1152.5008,0.0564,ok,0.0104
3719,1152.6675,0.0716,ok,0.0101
3720,1153.0006,0.0746,ok,0.0134
3721,1153.1676,0.0520,ok,0.0106
3722,1153.3340,0.0512,ok,0.0136
3723,1153.6677,0.0609,ok,0.0106
3724,1153.8340,0.0614,ok,0.0129
3725,1154.1680,0.0619,ok,0.0114
3726,1154.3343,0.0997,ok,0.0136
3727,1154.5004,0.0934,ok,0.0104
3728,1154.6680,0.0643,ok,0.0107
3729,1154.8337,0.0837,ok,0.0145
3730,1155.1679,0.0807,ok,0.0117
3731,1155.5012,0.0531,ok,0.0143
3732,1155.6676,0.0611,ok,0.0108
3733,1155.8340,0.0626,ok,0.0157
3734,1156.0020,0.0484,ok,0.0121
3735,1156.2008,0.0796,ok,0.0103
3736,1156.4008,0.0540,ok,0.0135
3737,1156.6011,0.0500,ok,0.0103
3738,1156.8005,0.0836,ok,0.0111
3739,1157.0004,0.0751,ok,0.0125
3740,1157.2009,0.0529,ok,0.0102
3741,1157.4013,0.0835,ok,0.0133
3742,1157.6011,0.0407,ok,0.0105
3743,1157.8012,0.0720,ok,0.0103
3744,1158.0005,0.0735,ok,0.0124
3745,1158.2004,0.0777,ok,0.0100
3746,1158.4004,0.0811,ok,0.0100
3747,1158.6019,0.0878,ok,0.0131
3748,1159.0014,0.0602,ok,0.0137
3749,1159.4012,0.0758,ok,0.0118
3750,1159.6002,0.0924,ok,0.0101
3751,1159.8009,0.0806,ok,0.0119
3752,1160.0020,0.0781,ok,0.0141
3753,1160.2506,0.0707,ok,0.0149
3754,1160.5007,0.0815,ok,0.0106
3755,1160.7507,0.0820,ok,0.0136
3756,1161.0010,0.0451,ok,0.0104
3757,1161.2506,0.0678,ok,0.0133
3758,1161.7512,0.0853,ok,0.0137
3759,1162.0009,0.0674,ok,0.0107
3760,1162.2508,0.0722,ok,0.0164
3761,1162.5005,0.0899,ok,0.0135
3762,1162.7508,0.0523,ok,0.0113
3763,1163.0005,0.0710,ok,0.0112
3764,1163.3340,0.0734,ok,0.0124
3765,1163.6679,0.0743,ok,0.0136
3766,1164.6685,0.0871,ok,0.0139
3767,1165.0012,0.0844,ok,0.0177
3768,1165.3342,0.0390,ok,0.0141
3769,1165.6681,0.0558,ok,0.0134
3770,1166.0004,0.1093,ok,0.0105
3771,1166.3343,0.0702,ok,0.0136
3772,1166.6680,0.0442,ok,0.0108
3773,1167.0017,0.0789,ok,0.0117
3774,1167.5013,0.0792,ok,0.0135
3775,1168.0012,0.0759,ok,0.0136
3776,1168.5009,0.0871,ok,0.0137
3777,1169.0017,0.0703,ok,0.0146
3778,1169.5007,0.0683,ok,0.0137
3779,1170.0008,0.0464,ok,0.0136
3780,1171.0024,0.0772,ok,0.0137
3781,1172.0019,0.0789,ok,0.0138
3782,1173.0021,0.0869,ok,0.0135
3783,1185.0038,0.0807,ok,0.0148
3784,1186.0017,0.0588,ok,0.0138
3785,1187.0018,0.0588,ok,0.0136
3786,1188.0019,0.0745,ok,0.0136
3787,1189.0017,0.0710,ok,0.0134
3788,1191.0029,0.0847,ok,0.0133
3789,1192.0019,0.0729,ok,0.0137
3790,1192.5016,0.0574,ok,0.0137
3791,1193.0007,0.0780,ok,0.0140
3792,1193.5015,0.0673,ok,0.0123
3793,1194.0016,0.0955,ok,0.0131
3794,1195.0013,0.0682,ok,0.0135
3795,1195.5013,0.0818,ok,0.0129
3796,1196.0008,0.0942,ok,0.0131
3797,1197.0012,0.0770,ok,0.0131
3798,1197.5010,0.0569,ok,0.0128
3799,1198.5031,0.0724,ok,0.0133
3800,1199.0012,0.0376,ok,0.0136
3801,1199.3344,0.0827,ok,0.0123
3802,1199.6676,0.0822,ok,0.0119
